date,store_id,product_id,sales,price,promotion,weekday,month,dayofweek,weekofyear,is_weekend,month_sin,month_cos,dow_sin,dow_cos,lag_1,lag_7,lag_14,lag_28,rolling_mean_7,rolling_std_7,rolling_mean_14,rolling_std_14,rolling_mean_28,rolling_std_28,trend_7_14,trend_7_28,velocity,acceleration,price_lag_1,price_lag_7,price_lag_28,price_avg_7,price_avg_28,price_std_28,price_change_1,price_change_7,price_change_28,price_vs_avg_7,price_vs_avg_28,price_zscore_28,discount_depth,price_momentum,price_volatility,price_squared,log_price,promo_last_week,promo_rolling_7,promo_price_interaction,product_avg,store_avg,global_avg,prediction_p10,prediction_p50,prediction_p90,scenario,revenue_p10,revenue_p50,revenue_p90,cost,profit_p10,profit_p50,profit_p90,risk_range,downside,elasticity,optimal_price,max_profit
2024-01-01,store_1,item_1,48.834910656808624,21.3,0,0.0,1,0,1,0,0.49999999999999994,0.8660254037844387,0.0,1.0,42.0,47.0,68.0,40.0,47.857143,8.112307,49.214287,8.911346,46.82143,10.607661,-1.3571434,1.0357132,-5.0,16.0,21.3,21.3,21.3,21.3,20.995714,1.1172496,0.0,0.0,0.0,0.9999999,1.0144926,0.27235165,-0.014492631,0.0,0.053213216,453.68997,3.1045866,0.0,0.0,-0.0,46.82143,46.82143,46.82143,45.4832342996046,48.834910656808624,52.64361078270037,baseline,968.792855880624,1040.1835597319437,1121.3088695076303,14.909999,953.8828569868862,1025.2735608382059,1106.3988706138925,152.51601362700637,953.8828569868862,10.0,27.689999008178713,960.5376904331911
2024-01-01,store_1,item_10,24.80488187887669,20.59,0,0.0,1,0,1,0,0.49999999999999994,0.8660254037844387,0.0,1.0,21.0,36.0,24.0,27.0,25.0,8.1034975,24.642857,6.1595097,23.071428,5.496993,0.3571434,1.9285717,-15.0,-27.0,20.59,16.47,20.59,20.001429,20.442858,0.77860695,0.0,0.2501518,0.0,1.0294263,1.0071976,0.18898138,-0.0071976185,-0.2501518,0.038086988,423.94812,3.0722303,1.0,1.0,-0.0,23.071428,23.071428,23.071428,20.67621770586812,24.80488187887669,28.585857385222603,baseline,425.723325718765,510.73252167099565,588.582807923589,14.413,411.3103256119535,496.31952156418413,574.1698078167775,162.85948220482402,411.3103256119535,10.0,26.767000198364258,480.8890615945379
2024-01-01,store_1,item_11,38.644121497267726,52.2,1,0.0,1,0,1,0,0.49999999999999994,0.8660254037844387,0.0,1.0,30.0,22.0,27.0,20.0,28.285715,7.825477,27.142857,7.047718,26.535715,7.3256636,1.1428585,1.75,8.0,13.0,52.2,65.25,65.25,61.521427,63.385715,4.6503453,0.0,-0.19999999,-0.19999999,0.8484849,0.8235294,-2.405351,0.17647058,0.19999999,0.07336582,2724.84,3.9740584,0.0,2.0,0.1764705777168274,26.535715,26.535715,26.535715,35.66953327504667,38.644121497267726,43.12093549378131,baseline,1861.9496641711303,2017.2231716405001,2250.912865674047,36.54,1825.409663255603,1980.6831707249728,2214.37286475852,388.96320150291695,1825.409663255603,10.0,63.945000934600834,1990.7141957281833
2024-01-01,store_1,item_12,22.50645799035222,60.88,0,0.0,1,0,1,0,0.49999999999999994,0.8660254037844387,0.0,1.0,15.0,20.0,16.0,24.0,22.0,5.7445626,23.0,5.24771,21.821428,6.01882,-1.0,0.1785717,-5.0,-9.0,60.88,60.88,60.88,60.88,59.14,4.3403225,0.0,0.0,0.0,1.0,1.0294217,0.40089217,-0.029421687,0.0,0.07339064,3706.3745,4.125197,0.0,0.0,-0.0,21.821428,21.821428,21.821428,17.549444433366727,22.50645799035222,26.360914505081432,baseline,1068.4101958481954,1370.193186492134,1604.852503225852,42.616,1025.794194719045,1327.5771853629835,1562.2365020967015,536.4423073776566,1025.794194719045,10.0,79.14400138854981,1376.6699239758996
2024-01-01,store_1,item_13,42.99815228874245,68.19,0,0.0,1,0,1,0,0.49999999999999994,0.8660254037844387,0.0,1.0,40.0,40.0,44.0,38.0,42.285713,2.6276913,43.142857,3.3248978,42.0,4.9366355,-0.8571434,0.2857132,0.0,4.0,68.19,68.19,68.19,68.19,67.21571,3.577299,0.0,0.0,0.0,1.0,1.014495,0.27235314,-0.014495015,0.0,0.053221174,4649.8765,4.2368565,0.0,0.0,-0.0,42.0,42.0,42.0,39.84523339087309,42.99815228874245,47.46867822849906,baseline,2717.046562202038,2932.0441095453057,3236.8892842916785,47.733,2669.3135604930535,2884.3111078363213,3189.156282582694,519.8427220896406,2669.3135604930535,10.0,66.4852523803711,2704.1890872456106
2024-01-01,store_1,item_14,25.431546331869416,70.38,0,0.0,1,0,1,0,0.49999999999999994,0.8660254037844387,0.0,1.0,22.0,24.0,20.0,22.0,25.857143,4.0999417,26.5,6.768138,24.642857,5.845,-0.6428566,1.2142868,-2.0,-6.0,70.38,70.38,70.38,68.369995,68.8725,4.431632,0.0,0.0,0.0,1.0293989,1.0218883,0.340168,-0.021888256,0.0,0.06434545,4953.344,4.268018,0.0,1.0,-0.0,24.642857,24.642857,24.642857,21.64763171993757,25.431546331869416,28.93689543419698,baseline,1523.56026099221,1789.8721609871413,2036.5786211812265,49.266,1474.294262151878,1740.6061621468093,1987.3126223408944,513.0183601890164,1474.294262151878,10.0,91.49399642944336,1785.1598720204315
2024-01-01,store_1,item_15,22.792047404147336,56.62,0,0.0,1,0,1,0,0.49999999999999994,0.8660254037844387,0.0,1.0,18.0,24.0,22.0,21.0,23.714285,4.5355735,22.285715,4.905704,21.142857,4.6723323,1.4285698,2.5714283,-6.0,-8.0,56.62,56.62,56.62,56.62,56.62,0.0,0.0,0.0,0.0,1.0,1.0,0.0,0.0,0.0,0.0,3205.8242,4.0538697,0.0,0.0,0.0,21.142857,21.142857,21.142857,18.997174066229086,22.792047404147336,26.933934039420397,baseline,1075.6199753387198,1290.4856996782892,1524.9993165434375,39.634,1035.9859764678702,1250.8517008074396,1485.365317672588,449.3793412047178,1035.9859764678702,10.0,73.6059986114502,1246.037108017076
2024-01-01,store_1,item_16,32.692481707787984,43.08,0,0.0,1,0,1,0,0.49999999999999994,0.8660254037844387,0.0,1.0,35.0,30.0,34.0,31.0,35.714287,3.6384194,32.57143,5.774137,30.892857,4.9765325,3.1428566,4.82143,5.0,9.0,43.08,43.08,43.08,41.84857,42.772144,1.6290274,0.0,0.0,0.0,1.0294259,1.0071976,0.1889823,-0.0071976185,0.0,0.038086176,1855.8866,3.7860062,0.0,1.0,-0.0,30.892857,30.892857,30.892857,28.719441431907093,32.692481707787984,36.99413335795774,baseline,1237.2335894734254,1408.3921718332283,1593.7073327991009,30.156,1207.0775893360963,1378.2361716958992,1563.5513326617718,356.4737433256755,1207.0775893360963,10.0,56.0040023803711,1379.121854775008
2024-01-01,store_1,item_17,18.457100700298522,62.32,0,0.0,1,0,1,0,0.49999999999999994,0.8660254037844387,0.0,1.0,13.0,18.0,17.0,17.0,16.428572,4.5773773,18.571428,5.6393437,17.392857,4.954155,-2.1428566,-0.9642849,-5.0,-6.0,62.32,62.32,62.32,62.32,60.985,3.9245307,0.0,0.0,0.0,1.0,1.0218906,0.34016773,-0.02189064,0.0,0.06435239,3883.7825,4.1482015,0.0,0.0,-0.0,17.392857,17.392857,17.392857,14.257666192576478,18.457100700298522,22.16921335754951,baseline,888.5377527702717,1150.2465100099437,1381.5853696769784,43.624,844.9137522209553,1106.6225094606273,1337.961369127662,493.0476169067067,844.9137522209553,10.0,81.01599960327148,1099.5851615666734
2024-01-01,store_1,item_18,42.09789006118171,71.7,0,0.0,1,0,1,0,0.49999999999999994,0.8660254037844387,0.0,1.0,30.0,42.0,37.0,35.0,41.857143,10.605479,42.0,8.575457,39.642857,7.4147716,-0.1428566,2.2142868,-12.0,-17.0,71.7,71.7,71.7,71.7,71.18785,2.7100046,0.0,0.0,0.0,1.0,1.0071943,0.18898338,-0.0071942806,0.0,0.038068358,5140.8896,4.286341,0.0,0.0,-0.0,39.642857,39.642857,39.642857,38.170064847973855,42.09789006118171,45.304339758867656,baseline,2736.793533113932,3018.4185889141636,3248.321022452938,50.19,2686.603534487223,2968.2285902874546,3198.131023826229,511.527489339006,2686.603534487223,10.0,93.20999603271484,2946.5911799029486
2024-01-01,store_1,item_19,14.497702925499025,40.82,0,0.0,1,0,1,0,0.49999999999999994,0.8660254037844387,0.0,1.0,15.0,13.0,13.0,10.0,15.857142,3.9761193,14.571428,3.4799268,13.714286,3.2869792,1.2857141,2.1428566,2.0,2.0,40.82,40.82,40.82,40.82,40.82,0.0,0.0,0.0,0.0,1.0,1.0,0.0,0.0,0.0,0.0,1666.2723,3.7333746,0.0,0.0,0.0,13.714286,13.714286,13.714286,10.575228225057234,14.497702925499025,18.887337814502104,baseline,431.68081291953274,591.7962289945224,770.9811238240178,28.574,403.1068135146255,563.2222295896152,742.4071244191106,339.30031090448506,403.1068135146255,10.0,36.737999725341794,582.5361603183487
2024-01-01,store_1,item_2,41.647435715549236,38.55,0,0.0,1,0,1,0,0.49999999999999994,0.8660254037844387,0.0,1.0,35.0,42.0,40.0,33.0,40.42857,6.7541876,39.92857,5.6359324,39.464287,7.4658837,0.5,0.964283,-7.0,-9.0,38.55,38.55,38.55,38.55,37.999287,2.022065,0.0,0.0,0.0,1.0,1.0144928,0.27235144,-0.01449275,0.0,0.053213235,1486.1024,3.6775656,0.0,0.0,-0.0,39.464287,39.464287,39.464287,37.807646047232886,41.647435715549236,44.952873577391856,baseline,1457.4847262758828,1605.5086150599511,1732.9332421121353,26.984999,1430.49972757288,1578.5236163569482,1705.9482434091324,275.44851583625245,1430.49972757288,10.0,50.114999008178714,1448.807759964844
2024-01-01,store_1,item_20,71.7747313499028,12.2,1,0.0,1,0,1,0,0.49999999999999994,0.8660254037844387,0.0,1.0,62.0,45.0,47.0,45.0,51.285713,7.0878835,51.214287,11.715726,48.07143,9.626078,0.07142639,3.214283,17.0,19.0,12.2,15.24,15.24,14.805714,14.914286,0.95751,0.0,-0.19947505,-0.19947505,0.82400614,0.8180076,-2.8347306,0.18199241,0.19947505,0.064200856,148.84,2.580217,0.0,1.0,0.18199241161346436,48.07143,48.07143,48.07143,69.67670451544164,71.7747313499028,76.04045671471069,baseline,850.0557817986113,875.6517087788706,927.6935574159043,8.54,841.5157818367583,867.1117088170175,919.1535574540512,77.63777561729296,841.5157818367583,10.0,14.944999766349794,878.4378267211671
2024-01-01,store_1,item_21,41.713076549601126,27.45,0,0.0,1,0,1,0,0.49999999999999994,0.8660254037844387,0.0,1.0,31.0,38.0,42.0,39.0,46.285713,13.31308,43.07143,10.21661,41.214287,9.769026,3.214283,5.0714264,-7.0,-3.0,27.45,27.45,27.45,25.88143,26.665714,1.9563528,0.0,0.0,0.0,1.060606,1.0294117,0.40089196,-0.029411674,0.0,0.073365845,753.50256,3.348148,0.0,2.0,-0.0,41.214287,41.214287,41.214287,36.99843544601676,41.713076549601126,44.499504047150786,baseline,1015.6070812207261,1145.0239831111028,1221.5114200447163,19.215,996.3920810681382,1125.808982958515,1202.2964198921284,205.9043388239902,996.3920810681382,10.0,35.68500099182129,1051.093244159128
2024-01-01,store_1,item_22,21.07124743023709,47.59,0,0.0,1,0,1,0,0.49999999999999994,0.8660254037844387,0.0,1.0,17.0,13.0,18.0,18.0,20.428572,5.287001,19.857143,4.8810015,20.892857,4.9765325,0.5714283,-0.4642849,4.0,9.0,47.59,47.59,47.59,47.59,46.23,3.3924363,0.0,0.0,0.0,1.0,1.0294181,0.4008919,-0.02941811,0.0,0.07338171,2264.808,3.8834178,0.0,0.0,-0.0,20.892857,20.892857,20.892857,16.783164031484535,21.07124743023709,24.431905735315315,baseline,798.7107788192566,1002.7806684202003,1162.7143976716688,33.313,765.3977790939148,969.4676686948585,1129.401397946327,364.0036188524123,765.3977790939148,10.0,61.86700019836426,1019.9554160799293
2024-01-01,store_1,item_23,12.535393743349019,46.82,0,0.0,1,0,1,0,0.49999999999999994,0.8660254037844387,0.0,1.0,10.0,6.0,16.0,13.0,11.428572,3.5523298,11.285714,4.027379,11.785714,3.499811,0.14285755,-0.35714245,4.0,14.0,46.82,46.82,46.82,46.82,46.485714,1.7688738,0.0,0.0,0.0,1.0,1.0071912,0.18898214,-0.007191181,0.0,0.03805199,2192.1123,3.867444,0.0,0.0,-0.0,11.785714,11.785714,11.785714,8.518409749846226,12.535393743349019,16.26970116956659,baseline,398.83194188818794,586.9071312381025,761.7474037939891,32.774,366.0579436276899,554.1331329776044,728.973405533491,362.9154619058011,366.0579436276899,10.0,60.86599960327148,587.5828099070152
2024-01-01,store_1,item_24,41.968910760594454,19.06,0,0.0,1,0,1,0,0.49999999999999994,0.8660254037844387,0.0,1.0,31.0,44.0,35.0,38.0,42.857143,12.64158,40.642857,10.3819895,39.25,8.461788,2.2142868,3.6071434,-13.0,-22.0,19.06,19.06,19.06,18.515715,18.923927,0.7200222,0.0,0.0,0.0,1.0293957,1.0071903,0.18898302,-0.0071903467,0.0,0.03804824,363.28357,2.9987278,0.0,1.0,-0.0,39.25,39.25,39.25,37.7646626647421,41.968910760594454,45.65566978064758,baseline,719.7944502214787,799.9274166831138,870.1970416363846,13.341999,706.4524511675236,786.5854176291588,856.8550425824295,150.40259141490594,706.4524511675236,10.0,24.7779993057251,778.8285518425331
2024-01-01,store_1,item_25,38.47680685552073,89.21,0,0.0,1,0,1,0,0.49999999999999994,0.8660254037844387,0.0,1.0,33.0,39.0,31.0,27.0,37.142857,7.1514235,38.92857,7.5392747,37.17857,7.3436975,-1.7857132,-0.035713196,-6.0,-14.0,89.21,89.21,89.21,89.21,87.29857,5.6190705,0.0,0.0,0.0,1.0,1.0218953,0.34016836,-0.02189529,0.0,0.064366125,7958.424,4.50214,0.0,0.0,-0.0,37.17857,37.17857,37.17857,34.027440409865775,38.47680685552073,41.68684996559153,baseline,3035.5879278110738,3432.5159043544354,3718.883847264969,62.447,2973.1409292148824,3370.068905758244,3656.4368486687777,683.2959194538953,2973.1409292148824,10.0,115.97299880981446,3490.8260104615533
2024-01-01,store_1,item_26,40.704527219891844,47.67,0,0.0,1,0,1,0,0.49999999999999994,0.8660254037844387,0.0,1.0,31.0,40.0,36.0,53.0,38.714287,6.725927,38.42857,6.767732,37.67857,7.0398526,0.285717,1.035717,-9.0,-13.0,47.67,47.67,38.14,47.67,47.32964,1.8010005,0.0,0.0,0.24986887,1.0,1.0071912,0.18898304,-0.007191181,0.0,0.038052276,2272.4287,3.8850627,0.0,0.0,-0.0,37.67857,37.67857,37.67857,36.30452919846745,40.704527219891844,43.890899395017414,baseline,1730.636840415365,1940.3847380400289,2092.279093793843,33.369,1697.2678409341638,1907.0157385588277,2058.910094312642,361.642253378478,1697.2678409341638,10.0,61.97099761962891,1832.9460600947814
2024-01-01,store_1,item_27,41.412285275756105,67.62,0,0.0,1,0,1,0,0.49999999999999994,0.8660254037844387,0.0,1.0,34.0,38.0,39.0,41.0,42.714287,7.867958,40.92857,7.5392747,40.07143,6.6939917,1.785717,2.6428566,-4.0,-3.0,67.62,67.62,67.62,65.688576,66.17143,4.258401,0.0,0.0,0.0,1.0294027,1.0218911,0.34016758,-0.021891117,0.0,0.06435407,4572.465,4.2285843,0.0,1.0,-0.0,40.07143,40.07143,40.07143,37.617557549730925,41.412285275756105,45.601335360644036,baseline,2543.699344832513,2800.2988440888666,3083.562422334558,47.334,2496.365345198724,2752.9648444550776,3036.228422700769,539.8630775020451,2496.365345198724,10.0,87.90600357055665,2581.62874005036
2024-01-02,store_1,item_1,54.98525665542328,21.3,0,0.0,1,1,1,0,0.49999999999999994,0.8660254037844387,0.7818314824680298,0.6234898018587336,48.83491,51.0,49.0,48.0,48.119274,8.109639,47.845352,7.0893326,47.136963,10.528342,0.27392197,0.98231125,-2.1650887,-4.1650887,21.3,21.3,21.3,21.3,20.995714,1.1172496,0.0,0.0,0.0,0.9999999,1.0144926,0.27235165,-0.014492631,0.0,0.053213216,453.68997,3.1045866,0.0,0.0,-0.0,47.136963,47.136963,47.136963,51.15451137428151,54.98525665542328,60.636481037212505,baseline,1089.5910532444013,1171.185924810094,1291.5569998306626,14.909999,1074.6810543506635,1156.2759259163563,1276.6470009369248,201.96594658626123,1074.6810543506635,10.0,27.689999008178713,960.5376904331911
2024-01-02,store_1,item_10,27.872042612283995,20.59,0,0.0,1,1,1,0,0.49999999999999994,0.8660254037844387,0.7818314824680298,0.6234898018587336,24.804882,29.0,28.0,22.0,23.400698,6.520911,24.700348,6.1568036,22.99303,5.454377,-1.2996502,0.40766716,-4.195118,-5.195118,20.59,20.59,20.59,20.59,20.442858,0.77860695,0.0,0.0,0.0,0.9999999,1.0071976,0.18898138,-0.0071976185,0.0,0.038086988,423.94812,3.0722303,0.0,0.0,-0.0,22.99303,22.99303,22.99303,23.793515791056166,27.872042612283995,31.296321205813413,baseline,489.90849376844886,573.8853616398636,644.3912584031378,14.413,475.49549366163734,559.4723615330521,629.9782582963263,154.48276463468898,475.49549366163734,10.0,26.767000198364258,480.8890615945379
2024-01-02,store_1,item_11,45.341035915139024,52.2,1,0.0,1,1,1,0,0.49999999999999994,0.8660254037844387,0.7818314824680298,0.6234898018587336,38.644123,26.0,27.0,35.0,30.663446,8.120342,27.97458,7.687594,27.201576,7.553385,2.6888657,3.4618702,12.644123,13.644123,52.2,65.25,52.2,59.657143,62.919643,5.089774,0.0,-0.19999999,0.0,0.875,0.82962966,-2.1061132,0.17037034,0.19999999,0.08089325,2724.84,3.9740584,0.0,3.0,0.17037034034729004,27.201576,27.201576,27.201576,41.85434038877976,45.341035915139024,50.1334266791597,baseline,2184.796600226631,2366.802109362722,2616.964910900905,36.54,2148.256599311104,2330.262108447195,2580.424909985378,432.1683106742739,2148.256599311104,10.0,63.945000934600834,1990.7141957281833
2024-01-02,store_1,item_12,25.08347894620082,60.88,0,0.0,1,1,1,0,0.49999999999999994,0.8660254037844387,0.7818314824680298,0.6234898018587336,22.506458,26.0,25.0,37.0,22.358065,5.6768394,23.464746,4.853387,21.768087,6.0054007,-1.1066818,0.58997726,-3.4935417,-4.4935417,60.88,60.88,48.7,60.88,59.14,4.3403225,0.0,0.0,0.25010267,1.0,1.0294217,0.40089217,-0.029421687,0.0,0.07339064,3706.3745,4.125197,0.0,0.0,-0.0,21.768087,21.768087,21.768087,21.277448835226423,25.08347894620082,28.84231647439662,baseline,1295.371107815352,1527.0822250367519,1755.9202577681838,42.616,1252.7551066862015,1484.4662239076015,1713.3042566390334,460.54914995283184,1252.7551066862015,10.0,79.14400138854981,1376.6699239758996
2024-01-02,store_1,item_13,49.24154641330064,68.19,0,0.0,1,1,1,0,0.49999999999999994,0.8660254037844387,0.7818314824680298,0.6234898018587336,42.998154,43.0,43.0,48.0,42.714024,2.4299355,43.071297,3.3157995,42.178505,4.8766418,-0.3572731,0.53551865,-0.0018463135,-0.0018463135,68.19,68.19,68.19,68.19,67.21571,3.577299,0.0,0.0,0.0,1.0,1.014495,0.27235314,-0.014495015,0.0,0.053221174,4649.8765,4.2368565,0.0,0.0,-0.0,42.178505,42.178505,42.178505,44.98160498752315,49.24154641330064,54.29745499578282,baseline,3067.295753917575,3357.78117014159,3702.5435887245767,47.733,3019.5627522085906,3310.0481684326055,3654.8105870155923,635.2478348070017,3019.5627522085906,10.0,66.4852523803711,2704.1890872456106
2024-01-02,store_1,item_14,28.178228965522056,70.38,0,0.0,1,1,1,0,0.49999999999999994,0.8660254037844387,0.7818314824680298,0.6234898018587336,25.431547,24.0,28.0,29.0,26.06165,4.0269203,26.887968,6.51793,24.765413,5.823469,-0.82631874,1.296236,1.4315472,5.431547,70.38,70.38,70.38,68.369995,68.8725,4.431632,0.0,0.0,0.0,1.0293989,1.0218883,0.340168,-0.021888256,0.0,0.06434545,4953.344,4.268018,0.0,1.0,-0.0,24.765413,24.765413,24.765413,24.45385275438696,28.178228965522056,32.146845999390436,baseline,1721.0620896892417,1983.183677199625,2262.4949331431494,49.266,1671.7960908489097,1933.917678359293,2213.2289343028174,541.4328434539077,1671.7960908489097,10.0,91.49399642944336,1785.1598720204315
2024-01-02,store_1,item_15,25.885124481273383,56.62,0,0.0,1,1,1,0,0.49999999999999994,0.8660254037844387,0.7818314824680298,0.6234898018587336,22.792048,25.0,25.0,20.0,23.541721,4.5458593,22.342289,4.906723,21.20686,4.682565,1.1994324,2.3348618,-2.2079525,-2.2079525,56.62,56.62,56.62,56.62,56.62,0.0,0.0,0.0,0.0,1.0,1.0,0.0,0.0,0.0,0.0,3205.8242,4.0538697,0.0,0.0,0.0,21.20686,21.20686,21.20686,22.24411909635364,25.885124481273383,29.880602059959966,baseline,1259.4619994762606,1465.615720481403,1691.839656719007,39.634,1219.828000605411,1425.9817216105534,1652.2056578481574,432.3776572427464,1219.828000605411,10.0,73.6059986114502,1246.037108017076
2024-01-02,store_1,item_16,36.014411739769244,43.08,0,0.0,1,1,1,0,0.49999999999999994,0.8660254037844387,0.7818314824680298,0.6234898018587336,32.692482,35.0,28.0,29.0,36.098927,3.0241024,32.478035,5.7598095,30.953302,4.988147,3.6208916,5.145624,-2.307518,-9.307518,43.08,43.08,43.08,41.84857,42.772144,1.6290274,0.0,0.0,0.0,1.0294259,1.0071976,0.1889823,-0.0071976185,0.0,0.038086176,1855.8866,3.7860062,0.0,1.0,-0.0,30.953302,30.953302,30.953302,32.32570159543946,36.014411739769244,41.3090194809516,baseline,1392.5912839216594,1551.5009236936164,1779.5926348784685,30.156,1362.4352837843303,1521.3449235562873,1749.4366347411394,387.0013509568091,1362.4352837843303,10.0,56.0040023803711,1379.121854775008
2024-01-02,store_1,item_17,20.554082312282347,62.32,0,0.0,1,1,1,0,0.49999999999999994,0.8660254037844387,0.7818314824680298,0.6234898018587336,18.4571,19.0,25.0,22.0,16.493872,4.6066976,18.675507,5.6215286,17.444897,4.957527,-2.181635,-0.951025,-0.5429001,5.4571,62.32,62.32,62.32,62.32,60.985,3.9245307,0.0,0.0,0.0,1.0,1.0218906,0.34016773,-0.02189064,0.0,0.06435239,3883.7825,4.1482015,0.0,0.0,-0.0,17.444897,17.444897,17.444897,16.455821484236445,20.554082312282347,24.057823643872368,baseline,1025.526789875697,1280.9304034288277,1499.283562144261,43.624,981.9027893263806,1237.3064028795113,1455.6595615949445,473.75677226856396,981.9027893263806,10.0,81.01599960327148,1099.5851615666734
2024-01-02,store_1,item_18,47.8464713090591,71.7,0,0.0,1,1,1,0,0.49999999999999994,0.8660254037844387,0.7818314824680298,0.6234898018587336,42.09789,48.0,48.0,39.0,41.871128,10.605763,42.364136,8.45419,39.896355,7.371367,-0.49300766,1.9747734,-5.902111,-5.902111,71.7,71.7,71.7,71.7,71.18785,2.7100046,0.0,0.0,0.0,1.0,1.0071943,0.18898338,-0.0071942806,0.0,0.038068358,5140.8896,4.286341,0.0,0.0,-0.0,39.896355,39.896355,39.896355,43.890368720145915,47.8464713090591,51.909365056947564,baseline,3146.9393032916864,3430.591846843695,3721.90131616833,50.19,3096.7493046649774,3380.401848216986,3671.711317541621,574.9620128766437,3096.7493046649774,10.0,93.20999603271484,2946.5911799029486
2024-01-02,store_1,item_19,17.066728056767857,40.82,0,0.0,1,1,1,0,0.49999999999999994,0.8660254037844387,0.7818314824680298,0.6234898018587336,14.497703,18.0,17.0,19.0,16.0711,3.8345253,14.678408,3.4508014,13.874918,3.2076855,1.3926926,2.1961823,-3.5022974,-4.5022974,40.82,40.82,40.82,40.82,40.82,0.0,0.0,0.0,0.0,1.0,1.0,0.0,0.0,0.0,0.0,1666.2723,3.7333746,0.0,0.0,0.0,13.874918,13.874918,13.874918,12.12184354387889,17.066728056767857,21.247193062364225,baseline,494.81364976184324,696.6638340689119,867.310414321579,28.574,466.239650356936,668.0898346640047,838.7364149166717,372.4967645597357,466.239650356936,10.0,36.737999725341794,582.5361603183487
2024-01-02,store_1,item_2,47.46969653556347,38.55,0,0.0,1,1,1,0,0.49999999999999994,0.8660254037844387,0.7818314824680298,0.6234898018587336,41.647434,46.0,46.0,41.0,40.378204,6.7418194,40.046246,5.654706,39.77312,7.366774,0.33195877,0.60508347,-4.352566,-4.352566,38.55,38.55,38.55,38.55,37.999287,2.022065,0.0,0.0,0.0,1.0,1.0144928,0.27235144,-0.01449275,0.0,0.053213235,1486.1024,3.6775656,0.0,0.0,-0.0,39.77312,39.77312,39.77312,43.503611061365376,47.46969653556347,51.0002321710101,baseline,1677.064173225014,1829.9567652294675,1966.05891128235,26.984999,1650.079174522011,1802.9717665264645,1939.073912579347,288.994738057336,1650.079174522011,10.0,50.114999008178714,1448.807759964844
2024-01-02,store_1,item_20,83.39992329415568,12.2,1,0.0,1,1,1,0,0.49999999999999994,0.8660254037844387,0.7818314824680298,0.6234898018587336,71.774734,49.0,52.0,48.0,55.110676,9.8260355,52.98391,12.84669,49.027668,10.591168,2.1267662,6.083008,22.774734,25.774734,12.2,15.24,15.24,14.3714285,14.805714,1.0832989,0.0,-0.19947505,-0.19947505,0.8489065,0.82400614,-2.4053485,0.17599386,0.19947505,0.07316762,148.84,2.580217,0.0,2.0,0.17599385976791382,49.027668,49.027668,49.027668,78.90134326867853,83.39992329415568,86.48573084492504,baseline,962.5963728286412,1017.4790482814263,1055.1258998122414,8.54,954.0563728667881,1008.9390483195733,1046.5858998503884,92.52952698360025,954.0563728667881,10.0,14.944999766349794,878.4378267211671
2024-01-02,store_1,item_21,47.11631919978965,27.45,0,0.0,1,1,1,0,0.49999999999999994,0.8660254037844387,0.7818314824680298,0.6234898018587336,41.713078,47.0,47.0,39.0,46.816154,12.998173,43.050934,10.219213,41.31118,9.7597,3.7652206,5.5049744,-5.2869225,-5.2869225,27.45,27.45,27.45,25.88143,26.665714,1.9563528,0.0,0.0,0.0,1.060606,1.0294117,0.40089196,-0.029411674,0.0,0.073365845,753.50256,3.348148,0.0,2.0,-0.0,41.31118,41.31118,41.31118,43.39025489058223,47.11631919978965,51.704471323642,baseline,1191.0625298506195,1293.3429979811247,1419.2877772813538,19.215,1171.8475296980316,1274.1279978285368,1400.072777128766,228.22524743073427,1171.8475296980316,10.0,35.68500099182129,1051.093244159128
2024-01-02,store_1,item_22,23.81867697299204,47.59,0,0.0,1,1,1,0,0.49999999999999994,0.8660254037844387,0.7818314824680298,0.6234898018587336,21.071247,26.0,16.0,24.0,21.581606,4.156064,20.076517,4.8600855,21.002544,4.9441504,1.5050888,0.5790615,-4.928753,-14.928753,47.59,47.59,38.07,47.59,46.23,3.3924363,0.0,0.0,0.25006568,1.0,1.0294181,0.4008919,-0.02941811,0.0,0.07338171,2264.808,3.8834178,0.0,0.0,-0.0,21.002544,21.002544,21.002544,19.428649780129412,23.81867697299204,27.38344568445642,baseline,924.6094460009353,1133.5308407791329,1303.1781843016631,33.313,891.2964462755936,1100.217841053791,1269.8651845763213,378.5687383007278,891.2964462755936,10.0,61.86700019836426,1019.9554160799293
2024-01-02,store_1,item_23,14.290071297714622,46.82,0,0.0,1,1,1,0,0.49999999999999994,0.8660254037844387,0.7818314824680298,0.6234898018587336,12.535394,16.0,16.0,10.0,12.362199,2.62578,11.038242,3.816331,11.769121,3.4949386,1.3239565,0.59307766,-3.4646063,-3.4646063,46.82,46.82,46.82,46.82,46.485714,1.7688738,0.0,0.0,0.0,1.0,1.0071912,0.18898214,-0.007191181,0.0,0.03805199,2192.1123,3.867444,0.0,0.0,-0.0,11.769121,11.769121,11.769121,10.314298954062378,14.290071297714622,18.374260304103043,baseline,482.91547388152634,669.0611337980149,860.2828618307252,32.774,450.1414756210283,636.2871355375169,827.5088635702272,377.36738794919887,450.1414756210283,10.0,60.86599960327148,587.5828099070152
2024-01-02,store_1,item_24,47.41403087185649,19.06,0,0.0,1,1,1,0,0.49999999999999994,0.8660254037844387,0.7818314824680298,0.6234898018587336,41.96891,68.0,48.0,44.0,42.566986,12.634283,41.140636,10.256937,39.391747,8.473308,1.4263496,3.1752396,-26.03109,-46.03109,19.06,15.25,19.06,18.515715,18.923927,0.7200222,0.0,0.24983601,0.0,1.0293957,1.0071903,0.18898302,-0.0071903467,-0.24983601,0.03804824,363.28357,2.9987278,1.0,1.0,-0.0,39.391747,39.391747,39.391747,43.277850115594575,47.41403087185649,51.29241884034221,baseline,824.8758000903671,903.7114030957604,977.6334757038155,13.341999,811.533801036412,890.3694040418053,964.2914766498604,152.75767561344844,811.533801036412,10.0,24.7779993057251,778.8285518425331
2024-01-02,store_1,item_25,44.345327507070884,89.21,0,0.0,1,1,1,0,0.49999999999999994,0.8660254037844387,0.7818314824680298,0.6234898018587336,38.476807,42.0,48.0,37.0,37.068115,7.131485,39.462627,7.19122,37.58846,7.0697193,-2.3945122,-0.5203438,-3.5231934,2.4768066,89.21,89.21,89.21,89.21,87.29857,5.6190705,0.0,0.0,0.0,1.0,1.0218953,0.34016836,-0.02189529,0.0,0.064366125,7958.424,4.50214,0.0,0.0,-0.0,37.58846,37.58846,37.58846,40.10098351280146,44.345327507070884,47.73671085975282,baseline,3577.4087024634714,3956.0466263064336,4258.591932094285,62.447,3514.96170386728,3893.599627710242,4196.144933498093,681.1832296308135,3514.96170386728,10.0,115.97299880981446,3490.8260104615533
2024-01-02,store_1,item_26,45.075923589581954,47.67,0,0.0,1,1,1,0,0.49999999999999994,0.8660254037844387,0.7818314824680298,0.6234898018587336,40.70453,41.0,45.0,34.0,38.814934,6.7535872,38.76461,6.754655,37.23945,6.4034657,0.050323486,1.5754852,-0.2954712,3.7045288,47.67,47.67,47.67,47.67,47.67,0.0,0.0,0.0,0.0,1.0,1.0,0.0,0.0,0.0,0.0,2272.4287,3.8850627,0.0,0.0,0.0,37.23945,37.23945,37.23945,40.89395303364231,45.075923589581954,50.0834626633926,baseline,1949.4146662346645,2148.7691949788905,2387.478573458366,33.369,1916.0456667534634,2115.4001954976893,2354.109573977165,438.06390722370156,1916.0456667534634,10.0,61.97099761962891,1832.9460600947814
2024-01-02,store_1,item_27,47.259524951559975,67.62,0,0.0,1,1,1,0,0.49999999999999994,0.8660254037844387,0.7818314824680298,0.6234898018587336,41.412285,44.0,48.0,43.0,43.201756,7.6292844,41.100876,7.5193467,40.086155,6.696563,2.1008797,3.1156006,-2.5877151,1.4122849,67.62,67.62,67.62,65.688576,66.17143,4.258401,0.0,0.0,0.0,1.0294027,1.0218911,0.34016758,-0.021891117,0.0,0.06435407,4572.465,4.2285843,0.0,1.0,-0.0,40.086155,40.086155,40.086155,42.396199782654826,47.259524951559975,51.31417893652989,baseline,2866.83114574776,3195.6892070266476,3469.8649206267532,47.334,2819.4971461139708,3148.3552073928586,3422.530920992964,603.0337748789934,2819.4971461139708,10.0,87.90600357055665,2581.62874005036
2024-01-03,store_1,item_1,57.23516029848713,21.3,0,0.0,1,2,1,0,0.49999999999999994,0.8660254037844387,0.9749279121818236,-0.22252093395631434,54.985256,58.0,58.0,55.0,48.688595,8.477143,48.27287,7.340344,47.386433,10.631801,0.4157257,1.3021622,-3.0147438,-3.0147438,21.3,21.3,21.3,21.3,20.995714,1.1172496,0.0,0.0,0.0,0.9999999,1.0144926,0.27235165,-0.014492631,0.0,0.053213216,453.68997,3.1045866,0.0,0.0,-0.0,47.386433,47.386433,47.386433,53.78924547873768,57.23516029848713,62.73915443106426,baseline,1145.7108876591751,1219.108870690814,1336.3439415154926,14.909999,1130.8008887654373,1204.1988717970762,1321.4339426217548,190.63305385631747,1130.8008887654373,10.0,27.689999008178713,960.5376904331911
2024-01-03,store_1,item_10,28.999060424216882,20.59,0,0.0,1,2,1,0,0.49999999999999994,0.8660254037844387,0.9749279121818236,-0.22252093395631434,27.872042,30.0,31.0,21.0,23.239561,6.371717,24.69121,6.1516213,23.202747,5.5271835,-1.4516487,0.036813736,-2.1279583,-1.1279583,20.59,20.59,20.59,20.59,20.442858,0.77860695,0.0,0.0,0.0,0.9999999,1.0071976,0.18898138,-0.0071976185,0.0,0.038086988,423.94812,3.0722303,0.0,0.0,-0.0,23.202747,23.202747,23.202747,24.58109065921114,28.999060424216882,32.60991469225465,baseline,506.12466042393413,597.0906585595311,671.4381484894013,14.413,491.7116603171226,582.6776584527196,657.0251483825898,165.3134880654672,491.7116603171226,10.0,26.767000198364258,480.8890615945379
2024-01-03,store_1,item_11,46.32805376968719,52.2,1,0.0,1,2,1,0,0.49999999999999994,0.8660254037844387,0.9749279121818236,-0.22252093395631434,45.341038,25.0,39.0,28.0,33.426453,9.450611,29.284655,8.965336,27.570898,8.175966,4.141798,5.8555546,20.341038,34.341038,52.2,65.25,65.25,57.79286,62.919643,5.089774,0.0,-0.19999999,-0.19999999,0.9032258,0.82962966,-2.1061132,0.17037034,0.19999999,0.08089325,2724.84,3.9740584,0.0,4.0,0.17037034034729004,27.570898,27.570898,27.570898,43.85620129940173,46.32805376968719,51.73142792843226,baseline,2289.2937412883966,2418.324442123171,2700.3805773321114,36.54,2252.7537403728693,2381.784441207644,2663.840576416584,411.0868360437148,2252.7537403728693,10.0,63.945000934600834,1990.7141957281833
2024-01-03,store_1,item_12,26.4649176573781,60.88,0,0.0,1,2,1,0,0.49999999999999994,0.8660254037844387,0.9749279121818236,-0.22252093395631434,25.083479,30.0,28.0,17.0,22.227135,5.588727,23.470709,4.8554688,21.342497,5.2622333,-1.2435741,0.88463783,-4.916521,-6.916521,60.88,60.88,60.88,60.88,59.575,3.8363395,0.0,0.0,0.0,1.0,1.0219052,0.34016803,-0.021905184,0.0,0.06439512,3706.3745,4.125197,0.0,0.0,-0.0,21.342497,21.342497,21.342497,21.760638761608597,26.4649176573781,30.101500275601925,baseline,1324.787711049601,1611.1842152487604,1832.5793689305162,42.616,1282.1717099204507,1568.56821411961,1789.9633678013658,507.7916578809152,1282.1717099204507,10.0,79.14400138854981,1376.6699239758996
2024-01-03,store_1,item_13,51.738025081874696,68.19,0,0.0,1,2,1,0,0.49999999999999994,0.8660254037844387,0.9749279121818236,-0.22252093395631434,49.241547,44.0,45.0,46.0,43.60567,3.4734478,43.51712,3.702526,42.222847,4.936807,0.08855057,1.382824,5.2415466,6.2415466,68.19,68.19,68.19,68.19,67.21571,3.577299,0.0,0.0,0.0,1.0,1.014495,0.27235314,-0.014495015,0.0,0.053221174,4649.8765,4.2368565,0.0,0.0,-0.0,42.222847,42.222847,42.222847,46.174760193314796,51.738025081874696,56.812804626427784,baseline,3148.657010313484,3528.0160566465734,3874.065286179247,47.733,3100.9240086044997,3480.283054937589,3826.3322844702625,725.4082758657628,3100.9240086044997,10.0,66.4852523803711,2704.1890872456106
2024-01-03,store_1,item_14,30.287205312248265,70.38,0,0.0,1,2,1,0,0.49999999999999994,0.8660254037844387,0.9749279121818236,-0.22252093395631434,28.178228,34.0,29.0,30.0,26.658539,3.9797845,26.900698,6.5204425,24.736063,5.8033733,-0.24215889,1.9224758,-5.8217716,-10.821772,70.38,70.38,70.38,68.369995,68.8725,4.431632,0.0,0.0,0.0,1.0293989,1.0218883,0.340168,-0.021888256,0.0,0.06434545,4953.344,4.268018,0.0,1.0,-0.0,24.736063,24.736063,24.736063,26.165211980452423,30.287205312248265,34.14665014415922,baseline,1841.5075473193403,2131.613426689739,2403.24114335935,49.266,1792.2415484790083,2082.347427849407,2353.975144519018,561.7335960400098,1792.2415484790083,10.0,91.49399642944336,1785.1598720204315
2024-01-03,store_1,item_15,27.031933877564125,56.62,0,0.0,1,2,1,0,0.49999999999999994,0.8660254037844387,0.9749279121818236,-0.22252093395631434,25.885124,29.0,24.0,28.0,23.668167,4.605107,22.405512,4.949121,21.417042,4.757863,1.2626553,2.2511253,-3.1148758,-8.114876,56.62,56.62,56.62,56.62,56.62,0.0,0.0,0.0,0.0,1.0,1.0,0.0,0.0,0.0,0.0,3205.8242,4.0538697,0.0,0.0,0.0,21.417042,21.417042,21.417042,23.402719503107527,27.031933877564125,30.85853551825612,baseline,1325.061953269147,1530.5480672744604,1747.2102480831895,39.634,1285.4279543982973,1490.9140684036108,1707.57624921234,422.14829481404263,1285.4279543982973,10.0,73.6059986114502,1246.037108017076
2024-01-03,store_1,item_16,38.53037700675119,43.08,0,0.0,1,2,1,0,0.49999999999999994,0.8660254037844387,0.9749279121818236,-0.22252093395631434,36.014412,37.0,36.0,34.0,36.243843,2.9867394,33.05049,5.6782007,31.203817,5.062007,3.1933517,5.0400257,-0.9855881,-1.9855881,43.08,43.08,43.08,41.84857,42.772144,1.6290274,0.0,0.0,0.0,1.0294259,1.0071976,0.1889823,-0.0071976185,0.0,0.038086176,1855.8866,3.7860062,0.0,1.0,-0.0,31.203817,31.203817,31.203817,35.16396438859092,38.53037700675119,43.137562578747335,baseline,1514.8636502476386,1659.8887120020686,1858.3662748796714,30.156,1484.7076501103095,1629.7327118647395,1828.2102747423423,343.50262463203285,1484.7076501103095,10.0,56.0040023803711,1379.121854775008
2024-01-03,store_1,item_17,20.984352005596776,62.32,0,0.0,1,2,1,0,0.49999999999999994,0.8660254037844387,0.9749279121818236,-0.22252093395631434,20.554083,25.0,32.0,18.0,16.715883,4.7817287,18.357943,5.356079,17.393257,4.9156756,-1.6420593,-0.6773739,-4.445917,2.5540829,62.32,62.32,62.32,62.32,60.985,3.9245307,0.0,0.0,0.0,1.0,1.0218906,0.34016773,-0.02189064,0.0,0.06435239,3883.7825,4.1482015,0.0,0.0,-0.0,17.393257,17.393257,17.393257,16.644078246508702,20.984352005596776,25.350270620098154,baseline,1037.2589512430527,1307.744810584875,1579.8288573082284,43.624,993.6349506937363,1264.1208100355586,1536.204856758912,542.5699060651757,993.6349506937363,10.0,81.01599960327148,1099.5851615666734
2024-01-03,store_1,item_18,49.972382351913325,71.7,0,0.0,1,2,1,0,0.49999999999999994,0.8660254037844387,0.9749279121818236,-0.22252093395631434,47.84647,59.0,47.0,43.0,41.849194,10.5911255,42.35317,8.446413,40.2123,7.5196195,-0.5039749,1.6368942,-11.15353,-23.15353,71.7,71.7,71.7,71.7,71.18785,2.7100046,0.0,0.0,0.0,1.0,1.0071943,0.18898338,-0.0071942806,0.0,0.038068358,5140.8896,4.286341,0.0,0.0,-0.0,40.2123,40.2123,40.2123,46.16093974816948,49.972382351913325,54.61297093505713,baseline,3309.739239071743,3583.0196621285772,3915.7498493780354,50.19,3259.5492404450342,3532.8296635018683,3865.5598507513264,606.0106103062922,3259.5492404450342,10.0,93.20999603271484,2946.5911799029486
2024-01-03,store_1,item_19,17.55154779067736,40.82,0,0.0,1,2,1,0,0.49999999999999994,0.8660254037844387,0.9749279121818236,-0.22252093395631434,17.066729,16.0,14.0,11.0,15.937776,3.7719955,14.683173,3.454299,13.805873,3.112682,1.2546024,2.1319027,1.0667286,-0.9332714,40.82,40.82,40.82,40.82,40.82,0.0,0.0,0.0,0.0,1.0,1.0,0.0,0.0,0.0,0.0,1666.2723,3.7333746,0.0,0.0,0.0,13.805873,13.805873,13.805873,12.437576756031147,17.55154779067736,21.578597026198192,baseline,507.7018793855442,716.4541754591426,880.838324024145,28.574,479.127879980637,687.8801760542353,852.2643246192378,373.1364446386008,479.127879980637,10.0,36.737999725341794,582.5361603183487
2024-01-03,store_1,item_2,49.30981931962309,38.55,0,0.0,1,2,1,0,0.49999999999999994,0.8660254037844387,0.9749279121818236,-0.22252093395631434,47.469696,46.0,42.0,42.0,40.58816,6.9652576,40.151222,5.7858596,40.004185,7.5068116,0.43693924,0.58397675,1.469696,-2.530304,38.55,38.55,38.55,38.55,37.999287,2.022065,0.0,0.0,0.0,1.0,1.0144928,0.27235144,-0.01449275,0.0,0.053213235,1486.1024,3.6775656,0.0,0.0,-0.0,40.004185,40.004185,40.004185,45.02742024267259,49.30981931962309,53.27497225060175,baseline,1735.807016001833,1900.8934971510635,2053.750139615119,26.984999,1708.8220172988301,1873.9084984480605,2026.7651409121163,317.94312361328616,1708.8220172988301,10.0,50.114999008178714,1448.807759964844
2024-01-03,store_1,item_20,89.12962006830091,12.2,1,0.0,1,2,1,0,0.49999999999999994,0.8660254037844387,0.9749279121818236,-0.22252093395631434,83.399925,56.0,85.0,53.0,60.024952,13.983302,55.22676,15.189135,50.29195,12.419082,4.798191,9.733002,27.399925,56.399925,12.2,15.24,15.24,13.937142,14.697143,1.1856639,0.0,-0.19947505,-0.19947505,0.8753587,0.83009326,-2.1061118,0.16990674,0.19947505,0.08067308,148.84,2.580217,0.0,3.0,0.16990673542022705,50.29195,50.29195,50.29195,82.98849650890362,89.12962006830091,93.90352528920917,baseline,1012.4596415798246,1087.3813478331451,1145.622990617676,8.54,1003.9196416179716,1078.841347871292,1137.0829906558229,133.16334903785128,1003.9196416179716,10.0,14.944999766349794,878.4378267211671
2024-01-03,store_1,item_21,48.95381231448628,27.45,0,0.0,1,2,1,0,0.49999999999999994,0.8660254037844387,0.9749279121818236,-0.22252093395631434,47.116318,73.0,43.0,43.0,46.83277,12.998521,43.059242,10.222716,41.60105,9.80892,3.773529,5.23172,-25.883682,-55.883682,27.45,21.96,27.45,25.88143,26.665714,1.9563528,0.0,0.25000006,0.0,1.060606,1.0294117,0.40089196,-0.029411674,-0.25000006,0.073365845,753.50256,3.348148,1.0,2.0,-0.0,41.60105,41.60105,41.60105,44.743064093017345,48.95381231448628,53.70182786431041,baseline,1228.197143489575,1343.782185381443,1474.1152158465638,19.215,1208.982143336987,1324.5671852288551,1454.900215693976,245.9180723569889,1208.982143336987,10.0,35.68500099182129,1051.093244159128
2024-01-03,store_1,item_22,25.331981683466715,47.59,0,0.0,1,2,1,0,0.49999999999999994,0.8660254037844387,0.9749279121818236,-0.22252093395631434,23.818678,27.0,22.0,25.0,21.269989,3.8392656,20.634995,4.8045235,20.996069,4.9401965,0.6349945,0.27392006,-3.181322,-8.181322,47.59,47.59,47.59,47.59,46.57,2.9985182,0.0,0.0,0.0,1.0,1.0219026,0.34016806,-0.021902561,0.0,0.06438734,2264.808,3.8834178,0.0,0.0,-0.0,20.996069,20.996069,20.996069,21.09243567528057,25.331981683466715,29.094384406916753,baseline,1003.7890170050525,1205.5490121815346,1384.601758364619,33.313,970.4760172797107,1172.2360124561928,1351.2887586392771,380.8127413595664,970.4760172797107,10.0,61.86700019836426,1019.9554160799293
2024-01-03,store_1,item_23,14.844171905611663,46.82,0,0.0,1,2,1,0,0.49999999999999994,0.8660254037844387,0.9749279121818236,-0.22252093395631434,14.2900715,14.0,13.0,15.0,12.117924,2.2888763,10.916104,3.6698718,11.9223385,3.5085196,1.2018194,0.19558525,0.2900715,-0.7099285,46.82,46.82,46.82,46.82,46.485714,1.7688738,0.0,0.0,0.0,1.0,1.0071912,0.18898214,-0.007191181,0.0,0.03805199,2192.1123,3.867444,0.0,0.0,-0.0,11.9223385,11.9223385,11.9223385,10.712482042696777,14.844171905611663,18.62174371438049,baseline,501.55840596987304,695.0041240906563,871.8700350243894,32.774,468.784407709375,662.2301258301583,839.0960367638913,370.31162905451635,468.784407709375,10.0,60.86599960327148,587.5828099070152
2024-01-03,store_1,item_24,49.016108593694064,19.06,0,0.0,1,2,1,0,0.49999999999999994,0.8660254037844387,0.9749279121818236,-0.22252093395631434,47.414032,45.0,49.0,48.0,39.626133,6.7560596,41.09878,10.227948,39.513676,8.566131,-1.4726486,0.112457275,2.414032,6.414032,19.06,19.06,19.06,19.06,18.923927,0.7200222,0.0,0.0,0.0,0.9999999,1.0071903,0.18898302,-0.0071903467,0.0,0.03804824,363.28357,2.9987278,0.0,0.0,-0.0,39.513676,39.513676,39.513676,44.52073670047842,49.016108593694064,52.58442649460334,baseline,848.5652177344801,934.2470036183827,1002.2591409040261,13.341999,835.2232186805251,920.9050045644276,988.9171418500711,153.693923169546,835.2232186805251,10.0,24.7779993057251,778.8285518425331
2024-01-03,store_1,item_25,45.614654515836385,89.21,0,0.0,1,2,1,0,0.49999999999999994,0.8660254037844387,0.9749279121818236,-0.22252093395631434,44.34533,48.0,40.0,37.0,37.403164,7.449799,39.20158,6.9186335,37.850792,7.182456,-1.7984161,-0.44762802,-3.6546707,-11.654671,89.21,89.21,89.21,89.21,87.29857,5.6190705,0.0,0.0,0.0,1.0,1.0218953,0.34016836,-0.02189529,0.0,0.064366125,7958.424,4.50214,0.0,0.0,-0.0,37.850792,37.850792,37.850792,41.58228076939488,45.614654515836385,50.382469451013215,baseline,3709.555229368002,4069.2832875963004,4494.620053598361,62.447,3647.1082307718107,4006.836289000109,4432.173055002169,785.0648242303587,3647.1082307718107,10.0,115.97299880981446,3490.8260104615533
2024-01-03,store_1,item_26,47.79326031958284,47.67,0,0.0,1,2,1,0,0.49999999999999994,0.8660254037844387,0.9749279121818236,-0.22252093395631434,45.075924,50.0,47.0,44.0,39.397205,7.1381354,38.77003,6.760074,37.635017,6.536658,0.6271744,1.762188,-4.924076,-7.924076,47.67,47.67,47.67,47.67,47.67,0.0,0.0,0.0,0.0,1.0,1.0,0.0,0.0,0.0,0.0,2272.4287,3.8850627,0.0,0.0,0.0,37.635017,37.635017,37.635017,43.40252405221617,47.79326031958284,52.109249852982394,baseline,2068.99824209675,2278.304631922441,2484.0478450767846,33.369,2035.6292426155487,2244.9356324412397,2450.6788455955834,415.0496029800347,2035.6292426155487,10.0,61.97099761962891,1832.9460600947814
2024-01-03,store_1,item_27,49.1425080468412,67.62,0,0.0,1,2,1,0,0.49999999999999994,0.8660254037844387,0.9749279121818236,-0.22252093395631434,47.259525,53.0,48.0,42.0,43.6674,7.7840266,41.047985,7.469525,40.238277,6.812585,2.6194153,3.429123,-5.7404747,-10.740475,67.62,67.62,67.62,65.688576,66.17143,4.258401,0.0,0.0,0.0,1.0294027,1.0218911,0.34016758,-0.021891117,0.0,0.06435407,4572.465,4.2285843,0.0,1.0,-0.0,40.238277,40.238277,40.238277,44.062993042684845,49.1425080468412,52.75191898955116,baseline,2979.539710568974,3323.0165291013313,3567.084906960922,47.334,2932.205710935185,3275.6825294675423,3519.750907327133,587.5451963919481,2932.205710935185,10.0,87.90600357055665,2581.62874005036
2024-01-04,store_1,item_1,53.13725618089801,21.3,0,0.0,1,3,1,0,0.49999999999999994,0.8660254037844387,0.43388373911755823,-0.900968867902419,57.23516,58.0,53.0,39.0,48.579334,8.3409605,48.21824,7.2648377,47.466263,10.69926,0.36109543,1.1130714,-0.7648392,-5.764839,21.3,21.3,21.3,21.3,20.995714,1.1172496,0.0,0.0,0.0,0.9999999,1.0144926,0.27235165,-0.014492631,0.0,0.053213216,453.68997,3.1045866,0.0,0.0,-0.0,47.466263,47.466263,47.466263,49.39068017439346,53.13725618089801,58.86685811611019,baseline,1052.021450032482,1131.8235161126183,1253.8640329612983,14.909999,1037.1114511387443,1116.9135172188805,1238.9540340675605,201.84258292881623,1037.1114511387443,10.0,27.689999008178713,960.5376904331911
2024-01-04,store_1,item_10,27.433370597231434,20.59,0,0.0,1,3,1,0,0.49999999999999994,0.8660254037844387,0.43388373911755823,-0.900968867902419,28.99906,29.0,24.0,20.0,23.09657,6.2037334,24.548285,6.015509,23.488428,5.615136,-1.4517155,-0.39185905,-0.0009403229,-5.0009403,20.59,20.59,20.59,20.59,20.442858,0.77860695,0.0,0.0,0.0,0.9999999,1.0071976,0.18898138,-0.0071976185,0.0,0.038086988,423.94812,3.0722303,0.0,0.0,-0.0,23.488428,23.488428,23.488428,23.64666970307266,27.433370597231434,30.930676082618724,baseline,486.8849327944615,564.8531047829954,636.8626252607662,14.413,472.47193268765,550.4401046761839,622.4496251539547,149.9776924663047,472.47193268765,10.0,26.767000198364258,480.8890615945379
2024-01-04,store_1,item_11,45.87056610875674,52.2,1,0.0,1,3,1,0,0.49999999999999994,0.8660254037844387,0.43388373911755823,-0.900968867902419,46.328053,45.0,26.0,27.0,36.473316,9.71551,29.808086,9.755306,28.225471,8.912128,6.66523,8.247845,1.3280525,-17.671947,52.2,52.2,65.25,55.928574,62.45357,5.4530134,0.0,0.0,-0.19999999,0.93333334,0.8358209,-1.880349,0.16417909,0.0,0.08731308,2724.84,3.9740584,1.0,5.0,0.16417908668518066,28.225471,28.225471,28.225471,42.36463276601077,45.87056610875674,49.313921157161545,baseline,2211.433862707412,2394.4435858735665,2574.186722027369,36.54,2174.893861791885,2357.903584958039,2537.6467211118415,362.75285931995677,2174.893861791885,10.0,63.945000934600834,1990.7141957281833
2024-01-04,store_1,item_12,24.151994974485476,60.88,0,0.0,1,3,1,0,0.49999999999999994,0.8660254037844387,0.43388373911755823,-0.900968867902419,26.464918,27.0,27.0,20.0,21.722122,4.8846583,23.361061,4.761747,21.68053,5.2769313,-1.6389389,0.041591644,-0.53508186,-0.53508186,60.88,60.88,60.88,60.88,59.575,3.8363395,0.0,0.0,0.0,1.0,1.0219052,0.34016803,-0.021905184,0.0,0.06439512,3706.3745,4.125197,0.0,0.0,-0.0,21.68053,21.68053,21.68053,20.539864341915603,24.151994974485476,28.20012351844017,baseline,1250.466963074764,1470.3734798437895,1716.823549923619,42.616,1207.8509619456136,1427.757478714639,1674.2075487944687,466.35658684885516,1207.8509619456136,10.0,79.14400138854981,1376.6699239758996
2024-01-04,store_1,item_13,47.32080701123018,68.19,0,0.0,1,3,1,0,0.49999999999999994,0.8660254037844387,0.43388373911755823,-0.900968867902419,51.738026,46.0,50.0,42.0,44.7111,4.651431,43.99841,4.2998614,42.427776,5.2108917,0.71269226,2.2833252,5.7380257,9.738026,68.19,68.19,68.19,68.19,67.21571,3.577299,0.0,0.0,0.0,1.0,1.014495,0.27235314,-0.014495015,0.0,0.053221174,4649.8765,4.2368565,0.0,0.0,-0.0,42.427776,42.427776,42.427776,43.85692511136418,47.32080701123018,52.226450877190594,baseline,2990.6038304164945,3226.8059456251,3561.3218128216104,47.733,2942.87082870751,3179.0729439161155,3513.588811112626,570.7179824051159,2942.87082870751,10.0,66.4852523803711,2704.1890872456106
2024-01-04,store_1,item_14,27.470555343864202,70.38,0,0.0,1,3,1,0,0.49999999999999994,0.8660254037844387,0.43388373911755823,-0.900968867902419,30.287205,28.0,39.0,25.0,26.12814,2.9533317,26.992641,6.561269,24.74632,5.813267,-0.86450195,1.3818188,2.2872047,13.287205,70.38,70.38,70.38,68.369995,68.8725,4.431632,0.0,0.0,0.0,1.0293989,1.0218883,0.340168,-0.021888256,0.0,0.06434545,4953.344,4.268018,0.0,1.0,-0.0,24.74632,24.74632,24.74632,23.667893114061588,27.470555343864202,31.720004714447043,baseline,1665.7462523618447,1933.377609651029,2232.453844681188,49.266,1616.4802535215126,1884.111610810697,2183.187845840856,566.7075923193433,1616.4802535215126,10.0,91.49399642944336,1785.1598720204315
2024-01-04,store_1,item_15,25.294964456024385,56.62,0,0.0,1,3,1,0,0.49999999999999994,0.8660254037844387,0.43388373911755823,-0.900968867902419,27.031935,29.0,26.0,21.0,23.387014,4.273469,22.62208,5.0886307,21.382467,4.711547,0.76493454,2.004547,-1.9680653,-4.9680653,56.62,56.62,56.62,56.62,56.62,0.0,0.0,0.0,0.0,1.0,1.0,0.0,0.0,0.0,0.0,3205.8242,4.0538697,0.0,0.0,0.0,21.382467,21.382467,21.382467,22.47955237321164,25.294964456024385,28.846762475734224,baseline,1272.7922313604906,1432.2008604821638,1633.3036605644052,39.634,1233.158232489641,1392.5668616113142,1593.6696616935556,360.51142920391453,1233.158232489641,10.0,73.6059986114502,1246.037108017076
2024-01-04,store_1,item_16,35.17972300031548,43.08,0,0.0,1,3,1,0,0.49999999999999994,0.8660254037844387,0.43388373911755823,-0.900968867902419,38.530376,37.0,31.0,29.0,36.462467,3.1049843,33.231236,5.817862,31.365618,5.2244883,3.2312317,5.0968494,1.5303764,-4.4696236,43.08,43.08,43.08,41.84857,42.772144,1.6290274,0.0,0.0,0.0,1.0294259,1.0071976,0.1889823,-0.0071976185,0.0,0.038086176,1855.8866,3.7860062,0.0,1.0,-0.0,31.365618,31.365618,31.365618,31.58523301702267,35.17972300031548,40.288427543133274,baseline,1360.6918962076256,1515.5425312695875,1735.6255323284956,30.156,1330.5358960702965,1485.3865311322584,1705.4695321911665,374.93363612087,1330.5358960702965,10.0,56.0040023803711,1379.121854775008
2024-01-04,store_1,item_17,19.700949021118465,62.32,0,0.0,1,3,1,0,0.49999999999999994,0.8660254037844387,0.43388373911755823,-0.900968867902419,20.984352,14.0,18.0,17.0,16.14222,3.7523146,17.57111,3.7730153,17.49984,4.9614596,-1.4288902,-1.3576202,6.984352,10.984352,62.32,62.32,62.32,62.32,60.985,3.9245307,0.0,0.0,0.0,1.0,1.0218906,0.34016773,-0.02189064,0.0,0.06435239,3883.7825,4.1482015,0.0,0.0,-0.0,17.49984,17.49984,17.49984,14.866788529232519,19.700949021118465,23.334386627763575,baseline,926.4982566047868,1227.7631369838502,1454.1989675211364,43.624,882.8742560554704,1184.1391364345338,1410.57496697182,527.7007109163496,882.8742560554704,10.0,81.01599960327148,1099.5851615666734
2024-01-04,store_1,item_18,46.291559480493014,71.7,0,0.0,1,3,1,0,0.49999999999999994,0.8660254037844387,0.43388373911755823,-0.900968867902419,49.97238,48.0,43.0,38.0,40.559536,8.497305,42.565483,8.608015,40.46131,7.727915,-2.005947,0.09822464,1.9723816,-3.0276184,71.7,71.7,71.7,71.7,71.18785,2.7100046,0.0,0.0,0.0,1.0,1.0071943,0.18898338,-0.0071942806,0.0,0.038068358,5140.8896,4.286341,0.0,0.0,-0.0,40.46131,40.46131,40.46131,42.73777960189853,46.291559480493014,50.21952178645244,baseline,3064.298667030772,3319.104673480721,3600.739558830822,50.19,3014.108668404063,3268.914674854012,3550.549560204113,536.4408918000499,3014.108668404063,10.0,93.20999603271484,2946.5911799029486
2024-01-04,store_1,item_19,16.182079261291097,40.82,0,0.0,1,3,1,0,0.49999999999999994,0.8660254037844387,0.43388373911755823,-0.900968867902419,17.551548,20.0,14.0,16.0,16.159426,3.8215222,14.936855,3.5298533,14.039856,3.1400728,1.2225704,2.1195698,-2.448452,-8.448452,40.82,40.82,40.82,40.82,40.82,0.0,0.0,0.0,0.0,1.0,1.0,0.0,0.0,0.0,0.0,1666.2723,3.7333746,0.0,0.0,0.0,14.039856,14.039856,14.039856,11.552648357015327,16.182079261291097,20.54464260452199,baseline,471.57910240777716,660.5524705075239,838.6323048468603,28.574,443.00510300286993,631.9784711026167,810.058305441953,367.0532024390831,443.00510300286993,10.0,36.737999725341794,582.5361603183487
2024-01-04,store_1,item_2,45.77740223686476,38.55,0,0.0,1,3,1,0,0.49999999999999994,0.8660254037844387,0.43388373911755823,-0.900968867902419,49.30982,47.0,43.0,39.0,41.060993,7.4866905,40.673355,6.274708,40.265247,7.7033257,0.3876381,0.79574585,2.3098183,-1.6901817,38.55,38.55,38.55,38.55,37.999287,2.022065,0.0,0.0,0.0,1.0,1.0144928,0.27235144,-0.01449275,0.0,0.053213235,1486.1024,3.6775656,0.0,0.0,-0.0,40.265247,40.265247,40.265247,41.85775143760991,45.77740223686476,49.59545612202634,baseline,1613.6162859849321,1764.7188213057502,1911.9047956657853,26.984999,1586.6312872819292,1737.7338226027473,1884.9197969627824,298.28850968085317,1586.6312872819292,10.0,50.114999008178714,1448.807759964844
2024-01-04,store_1,item_20,79.18117931030683,12.2,1,0.0,1,3,1,0,0.49999999999999994,0.8660254037844387,0.43388373911755823,-0.900968867902419,89.12962,57.0,50.0,46.0,64.75775,17.546518,55.521732,15.838044,51.582294,14.425695,9.236019,13.175457,32.129623,25.129623,12.2,15.24,15.24,13.502857,14.588572,1.2702806,0.0,-0.19947505,-0.19947505,0.9035124,0.836271,-1.8803483,0.16372901,0.19947505,0.08707368,148.84,2.580217,0.0,4.0,0.1637290120124817,51.582294,51.582294,51.582294,74.6743974046183,79.18117931030683,85.29611277300955,baseline,911.0276340933324,966.010372483132,1040.612559561774,8.54,902.4876341314794,957.4703725212789,1032.072559599921,129.58492546844172,902.4876341314794,10.0,14.944999766349794,878.4378267211671
2024-01-04,store_1,item_21,45.335188834194895,27.45,0,0.0,1,3,1,0,0.49999999999999994,0.8660254037844387,0.43388373911755823,-0.900968867902419,48.95381,44.0,42.0,43.0,43.397602,6.467116,43.484516,10.343194,41.813686,9.904437,-0.08691406,1.5839157,4.9538116,2.9538116,27.45,27.45,27.45,26.665714,26.665714,1.9563528,0.0,0.0,0.0,1.0294117,1.0294117,0.40089196,-0.029411674,0.0,0.073365845,753.50256,3.348148,0.0,1.0,-0.0,41.813686,41.813686,41.813686,41.68530474043151,45.335188834194895,49.82939944665277,baseline,1144.2616469282086,1244.450968086654,1367.8170528274334,19.215,1125.0466467756207,1225.2359679340661,1348.6020526748455,223.55540589922475,1125.0466467756207,10.0,35.68500099182129,1051.093244159128
2024-01-04,store_1,item_22,23.75499053711259,47.59,0,0.0,1,3,1,0,0.49999999999999994,0.8660254037844387,0.43388373911755823,-0.900968867902419,25.331982,24.0,21.0,25.0,21.0317,3.4570954,20.872993,4.957436,21.007925,4.950549,0.15870667,0.0237751,1.3319817,-1.6680183,47.59,47.59,47.59,47.59,46.57,2.9985182,0.0,0.0,0.0,1.0,1.0219026,0.34016806,-0.021902561,0.0,0.06438734,2264.808,3.8834178,0.0,0.0,-0.0,21.007925,21.007925,21.007925,19.105627066592902,23.75499053711259,27.518595389449597,baseline,909.2367950144435,1130.500003285912,1309.6099587829108,33.313,875.9237952891017,1097.1870035605702,1276.296959057569,400.3731637684673,875.9237952891017,10.0,61.86700019836426,1019.9554160799293
2024-01-04,store_1,item_23,13.591122100446883,46.82,0,0.0,1,3,1,0,0.49999999999999994,0.8660254037844387,0.43388373911755823,-0.900968867902419,14.844172,8.0,13.0,12.0,12.23852,2.422882,11.047832,3.781815,11.916773,3.5035772,1.1906881,0.32174683,6.8441715,11.844172,46.82,46.82,46.82,46.82,46.485714,1.7688738,0.0,0.0,0.0,1.0,1.0071912,0.18898214,-0.007191181,0.0,0.03805199,2192.1123,3.867444,0.0,0.0,-0.0,11.916773,11.916773,11.916773,9.478970856518279,13.591122100446883,17.482102199210228,baseline,443.80541260943346,636.3363325952417,818.5120196319086,32.774,411.0314143489354,603.5623343347437,785.7380213714106,374.70660702247517,411.0314143489354,10.0,60.86599960327148,587.5828099070152
2024-01-04,store_1,item_24,45.533046796698464,19.06,0,0.0,1,3,1,0,0.49999999999999994,0.8660254037844387,0.43388373911755823,-0.900968867902419,49.01611,45.0,42.0,38.0,40.199863,7.4258003,41.099934,10.228906,39.549965,8.605476,-0.9000702,0.6498985,4.0161095,1.0161095,19.06,19.06,19.06,19.06,18.923927,0.7200222,0.0,0.0,0.0,0.9999999,1.0071903,0.18898302,-0.0071903467,0.0,0.03804824,363.28357,2.9987278,0.0,0.0,-0.0,39.549965,39.549965,39.549965,41.846953966168115,45.533046796698464,49.30046622854377,baseline,797.6029202464798,867.8598476278022,939.6668599867547,13.341999,784.2609211925247,854.5178485738471,926.3248609327997,142.06393974027492,784.2609211925247,10.0,24.7779993057251,778.8285518425331
2024-01-04,store_1,item_25,42.50983005165565,89.21,0,0.0,1,3,1,0,0.49999999999999994,0.8660254037844387,0.43388373911755823,-0.900968867902419,45.614655,39.0,39.0,35.0,37.062397,6.9200172,39.602627,7.128036,38.158455,7.327701,-2.5402298,-1.0960579,6.6146545,6.6146545,89.21,89.21,89.21,89.21,87.29857,5.6190705,0.0,0.0,0.0,1.0,1.0218953,0.34016836,-0.02189529,0.0,0.064366125,7958.424,4.50214,0.0,0.0,-0.0,38.158455,38.158455,38.158455,38.557748099542025,42.50983005165565,45.89977176021963,baseline,3439.7366726594714,3792.3018999892884,4094.718596706697,62.447,3377.28967406328,3729.854901393097,4032.2715981105057,654.9819240472257,3377.28967406328,10.0,115.97299880981446,3490.8260104615533
2024-01-04,store_1,item_26,44.38354996252911,47.67,0,0.0,1,3,1,0,0.49999999999999994,0.8660254037844387,0.43388373911755823,-0.900968867902419,47.79326,42.0,44.0,38.0,39.08196,6.6218915,38.826694,6.8372464,37.77049,6.710457,0.25526428,1.31147,5.7932587,7.7932587,47.67,47.67,47.67,47.67,47.67,0.0,0.0,0.0,0.0,1.0,1.0,0.0,0.0,0.0,0.0,2272.4287,3.8850627,0.0,0.0,0.0,37.77049,37.77049,37.77049,39.98775021185023,44.38354996252911,48.52766192799612,baseline,1906.2159793791432,2115.7637454450555,2313.3135552507724,33.369,1872.846979897942,2082.3947459638543,2279.9445557695713,407.09757587162926,1872.846979897942,10.0,61.97099761962891,1832.9460600947814
2024-01-04,store_1,item_27,44.97621958092686,67.62,0,0.0,1,3,1,0,0.49999999999999994,0.8660254037844387,0.43388373911755823,-0.900968867902419,49.14251,42.0,39.0,41.0,43.116333,7.1215644,41.129593,7.5570493,40.49337,7.0118027,1.9867401,2.622963,7.1425095,4.1425095,67.62,67.62,67.62,65.688576,66.17143,4.258401,0.0,0.0,0.0,1.0294027,1.0218911,0.34016758,-0.021891117,0.0,0.06435407,4572.465,4.2285843,0.0,1.0,-0.0,40.49337,40.49337,40.49337,40.84850713244991,44.97621958092686,49.10225090408246,baseline,2762.1761644900384,3041.292091593151,3320.294340997416,47.334,2714.8421648562494,2993.958091959362,3272.960341363627,558.1181765073775,2714.8421648562494,10.0,87.90600357055665,2581.62874005036
2024-01-05,store_1,item_1,48.12319753232152,21.3,0,0.0,1,4,1,0,0.49999999999999994,0.8660254037844387,-0.433883739117558,-0.9009688679024191,53.137257,41.0,44.0,43.0,47.884655,7.594706,48.228043,7.2718763,47.971165,10.618201,-0.3433876,-0.086509705,12.137257,15.137257,21.3,21.3,21.3,21.3,20.995714,1.1172496,0.0,0.0,0.0,0.9999999,1.0144926,0.27235165,-0.014492631,0.0,0.053213216,453.68997,3.1045866,0.0,0.0,-0.0,47.971165,47.971165,47.971165,43.68794559980048,48.12319753232152,53.656952485521224,baseline,930.5532079444929,1025.0240707233625,1142.8930470045962,14.909999,915.6432090507551,1010.1140718296247,1127.9830481108584,212.33983906010326,915.6432090507551,10.0,27.689999008178713,960.5376904331911
2024-01-05,store_1,item_10,25.1232777522307,20.59,0,0.0,1,4,1,0,0.49999999999999994,0.8660254037844387,-0.433883739117558,-0.9009688679024191,27.43337,15.0,23.0,22.0,22.872765,5.979473,24.793526,6.0612493,23.753906,5.6198177,-1.9207611,-0.88114166,12.433371,20.43337,20.59,20.59,20.59,20.59,20.442858,0.77860695,0.0,0.0,0.0,0.9999999,1.0071976,0.18898138,-0.0071976185,0.0,0.038086988,423.94812,3.0722303,0.0,0.0,-0.0,23.753906,23.753906,23.753906,20.170278009391943,25.1232777522307,28.97268087621484,baseline,415.3060272911203,517.288292751938,596.5475036621439,14.413,400.8930271843088,502.8752926451265,582.1345035553323,181.24147637102357,400.8930271843088,10.0,26.767000198364258,480.8890615945379
2024-01-05,store_1,item_11,42.265796659869885,52.2,1,0.0,1,4,1,0,0.49999999999999994,0.8660254037844387,-0.433883739117558,-0.9009688679024191,45.870567,23.0,24.0,25.0,36.597683,9.847526,31.227413,10.570121,28.89942,9.509513,5.37027,7.698263,22.870567,23.870567,52.2,65.25,65.25,55.928574,61.9875,5.754509,0.0,-0.19999999,-0.19999999,0.93333334,0.84210527,-1.7008396,0.15789473,0.19999999,0.09283338,2724.84,3.9740584,0.0,5.0,0.15789473056793213,28.89942,28.89942,28.89942,37.64714169713423,42.265796659869885,45.01149973908225,baseline,1965.1808253128966,2206.2746178914517,2349.6003207211425,36.54,1928.6408243973692,2169.7346169759244,2313.060319805615,384.4194954082459,1928.6408243973692,10.0,63.945000934600834,1990.7141957281833
2024-01-05,store_1,item_12,22.135481947825564,60.88,0,0.0,1,4,1,0,0.49999999999999994,0.8660254037844387,-0.433883739117558,-0.9009688679024191,24.151995,20.0,28.0,17.0,21.315264,4.473047,23.157633,4.6539426,21.828815,5.286287,-1.8423691,-0.5135517,4.1519947,12.151995,60.88,60.88,60.88,60.88,59.575,3.8363395,0.0,0.0,0.0,1.0,1.0219052,0.34016803,-0.021905184,0.0,0.06439512,3706.3745,4.125197,0.0,0.0,-0.0,21.828815,21.828815,21.828815,18.11900856028886,22.135481947825564,26.091181985638343,baseline,1103.085260503575,1347.6081646268658,1588.4311871540513,42.616,1060.4692593744246,1304.9921634977154,1545.8151860249009,485.34592665047626,1060.4692593744246,10.0,79.14400138854981,1376.6699239758996
2024-01-05,store_1,item_13,43.1813431409653,68.19,0,0.0,1,4,1,0,0.49999999999999994,0.8660254037844387,-0.433883739117558,-0.9009688679024191,47.32081,44.0,41.0,34.0,44.89979,4.7384057,43.807037,4.065436,42.617805,5.2911153,1.0927544,2.2819862,3.3208084,0.3208084,68.19,68.19,68.19,68.19,67.21571,3.577299,0.0,0.0,0.0,1.0,1.014495,0.27235314,-0.014495015,0.0,0.053221174,4649.8765,4.2368565,0.0,0.0,-0.0,42.617805,42.617805,42.617805,40.044493201833916,43.1813431409653,47.86686021267233,baseline,2730.6340891979307,2944.535894205625,3264.0413147645777,47.733,2682.9010874889464,2896.8028924966407,3216.3083130555933,533.407225566647,2682.9010874889464,10.0,66.4852523803711,2704.1890872456106
2024-01-05,store_1,item_14,24.714661562557776,70.38,0,0.0,1,4,1,0,0.49999999999999994,0.8660254037844387,-0.433883739117558,-0.9009688679024191,27.470556,23.0,38.0,21.0,26.052505,2.9037673,26.16911,5.5898952,24.834555,5.835965,-0.11660385,1.2179508,4.4705563,19.470556,70.38,70.38,70.38,68.369995,68.8725,4.431632,0.0,0.0,0.0,1.0293989,1.0218883,0.340168,-0.021888256,0.0,0.06434545,4953.344,4.268018,0.0,1.0,-0.0,24.834555,24.834555,24.834555,21.81691905515416,24.714661562557776,29.5013736818001,baseline,1535.474703179792,1739.417812891971,2076.3065986971483,49.266,1486.20870433946,1690.151814051639,2027.0405998568162,540.8318955173563,1486.20870433946,10.0,91.49399642944336,1785.1598720204315
2024-01-05,store_1,item_15,22.84093517872033,56.62,0,0.0,1,4,1,0,0.49999999999999994,0.8660254037844387,-0.433883739117558,-0.9009688679024191,25.294964,23.0,20.0,13.0,22.857725,3.6457474,22.57172,5.056014,21.53586,4.7682076,0.28600502,1.3218651,2.2949638,-0.70503616,56.62,56.62,56.62,56.62,56.62,0.0,0.0,0.0,0.0,1.0,1.0,0.0,0.0,0.0,0.0,3205.8242,4.0538697,0.0,0.0,0.0,21.53586,21.53586,21.53586,19.64403577306596,22.84093517872033,26.91071257125784,baseline,1112.2452844889008,1293.2537254223942,1523.6845170408767,39.634,1072.6112856180512,1253.6197265515445,1484.050518170027,411.4392325519759,1072.6112856180512,10.0,73.6059986114502,1246.037108017076
2024-01-05,store_1,item_16,33.41977656442224,43.08,0,0.0,1,4,1,0,0.49999999999999994,0.8660254037844387,-0.433883739117558,-0.9009688679024191,35.17972,34.0,34.0,25.0,36.202427,3.1285968,33.529785,5.8017774,31.58632,5.251313,2.6726418,4.616106,1.1797218,1.1797218,43.08,43.08,43.08,41.84857,42.772144,1.6290274,0.0,0.0,0.0,1.0294259,1.0071976,0.1889823,-0.0071976185,0.0,0.038086176,1855.8866,3.7860062,0.0,1.0,-0.0,31.58632,31.58632,31.58632,29.55010570503763,33.41977656442224,37.63396673992842,baseline,1273.0186078808806,1439.7240355887488,1621.2713560659674,30.156,1242.8626077435515,1409.5680354514197,1591.1153559286383,348.25274818508683,1242.8626077435515,10.0,56.0040023803711,1379.121854775008
2024-01-05,store_1,item_17,18.140939769287403,62.32,0,0.0,1,4,1,0,0.49999999999999994,0.8660254037844387,-0.433883739117558,-0.9009688679024191,19.700949,14.0,16.0,11.0,16.95664,3.827786,17.692606,3.815041,17.596304,4.9776115,-0.7359657,-0.6396637,5.7009487,7.7009487,62.32,62.32,62.32,62.32,60.985,3.9245307,0.0,0.0,0.0,1.0,1.0218906,0.34016773,-0.02189064,0.0,0.06435239,3883.7825,4.1482015,0.0,0.0,-0.0,17.596304,17.596304,17.596304,13.714097391387883,18.140939769287403,21.852781261402292,baseline,854.6625452460825,1130.5433608858154,1361.8653215416512,43.624,811.038544696766,1086.919360336499,1318.2413209923347,507.2027762955687,811.038544696766,10.0,81.01599960327148,1099.5851615666734
2024-01-05,store_1,item_18,40.91152931460722,71.7,0,0.0,1,4,1,0,0.49999999999999994,0.8660254037844387,-0.433883739117558,-0.9009688679024191,46.29156,31.0,39.0,30.0,40.31547,8.269459,42.800594,8.665555,40.75744,7.7887297,-2.4851227,-0.441967,15.291561,23.291561,71.7,71.7,71.7,71.7,71.18785,2.7100046,0.0,0.0,0.0,1.0,1.0071943,0.18898338,-0.0071942806,0.0,0.038068358,5140.8896,4.286341,0.0,0.0,-0.0,40.75744,40.75744,40.75744,36.36351771822794,40.91152931460722,45.47143913756129,baseline,2607.264109424294,2933.3565270052586,3260.3020473953247,50.19,2557.074110797585,2883.1665283785496,3210.1120487686158,653.0379379710307,2557.074110797585,10.0,93.20999603271484,2946.5911799029486
2024-01-05,store_1,item_19,15.199380537503794,40.82,0,0.0,1,4,1,0,0.49999999999999994,0.8660254037844387,-0.433883739117558,-0.9009688679024191,16.18208,20.0,10.0,12.0,15.614008,3.4349267,15.092718,3.5334775,14.046359,3.1444678,0.5212898,1.5676489,-3.8179207,-13.817921,40.82,40.82,40.82,40.82,40.82,0.0,0.0,0.0,0.0,1.0,1.0,0.0,0.0,0.0,0.0,1666.2723,3.7333746,0.0,0.0,0.0,14.046359,14.046359,14.046359,10.64070950287351,15.199380537503794,19.142086867916994,baseline,434.3537586600098,620.438708902422,781.3799801066704,28.574,405.7797592551026,591.8647094975148,752.8059807017631,347.02622144666054,405.7797592551026,10.0,36.737999725341794,582.5361603183487
2024-01-05,store_1,item_2,41.58331368171378,38.55,0,0.0,1,4,1,0,0.49999999999999994,0.8660254037844387,-0.433883739117558,-0.9009688679024191,45.7774,38.0,37.0,55.0,40.886337,7.3378286,40.87174,6.396649,40.507298,7.7683015,0.014598846,0.37903976,7.777401,6.777401,38.55,38.55,30.84,38.55,37.999287,2.022065,0.0,0.0,0.24999996,1.0,1.0144928,0.27235144,-0.01449275,0.0,0.053213235,1486.1024,3.6775656,0.0,0.0,-0.0,40.507298,40.507298,40.507298,37.96169069112644,41.58331368171378,46.53969710631566,baseline,1463.4231471804528,1603.0367107045158,1794.1052879414974,26.984999,1436.4381484774499,1576.051712001513,1767.1202892384945,330.6821407610446,1436.4381484774499,10.0,50.114999008178714,1448.807759964844
2024-01-05,store_1,item_20,73.78216907369386,12.2,1,0.0,1,4,1,0,0.49999999999999994,0.8660254037844387,-0.433883739117558,-0.9009688679024191,79.18118,47.0,44.0,37.0,67.92649,17.911114,57.606102,16.937492,52.767338,15.287291,10.320389,15.159153,32.181183,29.181183,12.2,15.24,15.24,13.068571,14.48,1.340514,0.0,-0.19947505,-0.19947505,0.9335373,0.8425414,-1.7008388,0.1574586,0.19947505,0.09257693,148.84,2.580217,0.0,5.0,0.1574586033821106,52.767338,52.767338,52.767338,64.40211721578095,73.78216907369386,77.96217844189042,baseline,785.7058177487985,900.1424486262332,951.1385621209577,8.54,777.1658177869455,891.6024486643802,942.5985621591046,165.43274437215916,777.1658177869455,10.0,14.944999766349794,878.4378267211671
2024-01-05,store_1,item_21,41.91378426513927,27.45,0,0.0,1,4,1,0,0.49999999999999994,0.8660254037844387,-0.433883739117558,-0.9009688679024191,45.33519,41.0,35.0,34.0,43.58834,6.5074086,43.722744,10.34478,41.897087,9.924607,-0.13440323,1.6912537,4.33519,-1.6648102,27.45,27.45,27.45,26.665714,26.665714,1.9563528,0.0,0.0,0.0,1.0294117,1.0294117,0.40089196,-0.029411674,0.0,0.073365845,753.50256,3.348148,0.0,1.0,-0.0,41.897087,41.897087,41.897087,37.24839917182625,41.91378426513927,46.308605209383714,baseline,1022.4685856849038,1150.5334100557527,1271.171248328245,19.215,1003.2535855323159,1131.3184099031648,1251.956248175657,248.7026626433411,1003.2535855323159,10.0,35.68500099182129,1051.093244159128
2024-01-05,store_1,item_22,21.088528296801737,47.59,0,0.0,1,4,1,0,0.49999999999999994,0.8660254037844387,-0.433883739117558,-0.9009688679024191,23.75499,19.0,28.0,24.0,20.9967,3.4231071,21.069778,5.017185,20.96346,4.918855,-0.073078156,0.033239365,4.7549896,13.75499,47.59,47.59,38.07,47.59,46.57,2.9985182,0.0,0.0,0.25006568,1.0,1.0219026,0.34016806,-0.021902561,0.0,0.06438734,2264.808,3.8834178,0.0,0.0,-0.0,20.96346,20.96346,20.96346,16.837160575566067,21.088528296801737,25.149569216255717,baseline,801.2804743603359,1003.6030648626487,1196.8680028391293,33.313,767.9674746349941,970.2900651373069,1163.5550031137875,395.5875284787934,767.9674746349941,10.0,61.86700019836426,1019.9554160799293
2024-01-05,store_1,item_23,12.194180214473741,46.82,0,0.0,1,4,1,0,0.49999999999999994,0.8660254037844387,-0.433883739117558,-0.9009688679024191,13.591122,13.0,3.0,10.0,13.037251,1.5610266,11.0900545,3.808493,11.9735985,3.5178516,1.947197,1.063653,0.5911217,-9.408878,46.82,46.82,46.82,46.82,46.485714,1.7688738,0.0,0.0,0.0,1.0,1.0071912,0.18898214,-0.007191181,0.0,0.03805199,2192.1123,3.867444,0.0,0.0,-0.0,11.9735985,11.9735985,11.9735985,8.602175469526522,12.194180214473741,16.257951066104212,baseline,402.7538528580561,570.9315139202921,761.1972639534663,32.774,369.9798545975581,538.1575156597941,728.4232656929682,358.44341109541017,369.9798545975581,10.0,60.86599960327148,587.5828099070152
2024-01-05,store_1,item_24,40.23689294749954,19.06,0,0.0,1,4,1,0,0.49999999999999994,0.8660254037844387,-0.433883739117558,-0.9009688679024191,45.533047,34.0,31.0,35.0,40.276012,7.4857197,41.35229,10.296182,39.819004,8.672716,-1.0762787,0.45700836,11.533047,8.533047,19.06,19.06,19.06,19.06,18.923927,0.7200222,0.0,0.0,0.0,0.9999999,1.0071903,0.18898302,-0.0071903467,0.0,0.03804824,363.28357,2.9987278,0.0,0.0,-0.0,39.819004,39.819004,39.819004,37.27412955950812,40.23689294749954,44.8841734012561,baseline,710.444889497692,766.915158090522,855.4923210572066,13.341999,697.1028904437369,753.573159036567,842.1503220032515,145.04743155951462,697.1028904437369,10.0,24.7779993057251,778.8285518425331
2024-01-05,store_1,item_25,38.75696139902694,89.21,0,0.0,1,4,1,0,0.49999999999999994,0.8660254037844387,-0.433883739117558,-0.9009688679024191,42.50983,33.0,49.0,38.0,37.5638,7.205093,39.85333,7.1668277,38.426666,7.34523,-2.289528,-0.86286545,9.50983,25.50983,89.21,89.21,89.21,89.21,87.29857,5.6190705,0.0,0.0,0.0,1.0,1.0218953,0.34016836,-0.02189529,0.0,0.064366125,7958.424,4.50214,0.0,0.0,-0.0,38.426666,38.426666,38.426666,34.87243973176777,38.75696139902694,43.25507146649571,baseline,3110.9703165443307,3457.5084909241355,3858.7848859248816,62.447,3048.5233179481393,3395.061492327944,3796.33788732869,747.8145693805509,3048.5233179481393,10.0,115.97299880981446,3490.8260104615533
2024-01-05,store_1,item_26,40.6978360787103,47.67,0,0.0,1,4,1,0,0.49999999999999994,0.8660254037844387,-0.433883739117558,-0.9009688679024191,44.38355,36.0,36.0,34.0,39.422466,6.854159,38.85409,6.8602996,37.998474,6.8259873,0.56837463,1.4239922,8.383549,8.383549,47.67,47.67,47.67,47.67,47.67,0.0,0.0,0.0,0.0,1.0,1.0,0.0,0.0,0.0,0.0,2272.4287,3.8850627,0.0,0.0,0.0,37.998474,37.998474,37.998474,36.90615115974461,40.6978360787103,44.99635136482729,baseline,1759.3161582078444,1940.0657713521566,2144.975987170537,33.369,1725.9471587266432,1906.6967718709554,2111.6069876893357,385.6598289626925,1725.9471587266432,10.0,61.97099761962891,1832.9460600947814
2024-01-05,store_1,item_27,40.402568154496834,67.62,0,0.0,1,4,1,0,0.49999999999999994,0.8660254037844387,-0.433883739117558,-0.9009688679024191,44.97622,53.0,35.0,30.0,43.541504,7.1326437,41.556465,7.5961895,40.635376,7.0625243,1.9850388,2.906128,-8.023781,-26.02378,67.62,54.1,67.62,65.688576,66.17143,4.258401,0.0,0.24990766,0.0,1.0294027,1.0218911,0.34016758,-0.021891117,-0.24990766,0.06435407,4572.465,4.2285843,1.0,1.0,-0.0,40.635376,40.635376,40.635376,35.23421626502405,40.402568154496834,44.16216926191247,baseline,2382.5378006145916,2732.0217695760434,2986.246006785542,47.334,2335.2038009808025,2684.6877699422544,2938.9120071517527,603.7082061709502,2335.2038009808025,10.0,87.90600357055665,2581.62874005036
2024-01-06,store_1,item_1,44.337287727086604,21.3,0,0.0,1,5,1,1,0.49999999999999994,0.8660254037844387,-0.9749279121818236,-0.2225209339563146,48.123196,38.0,38.0,35.0,48.902256,6.9700217,48.522556,7.1702523,48.154137,10.573413,0.3796997,0.74811935,10.123196,10.123196,21.3,21.3,21.3,21.3,20.995714,1.1172496,0.0,0.0,0.0,0.9999999,1.0144926,0.27235165,-0.014492631,0.0,0.053213216,453.68997,3.1045866,0.0,0.0,-0.0,48.154137,48.154137,48.154137,40.762318294233836,44.337287727086604,49.434131071037946,baseline,868.2373485679999,944.3841947602787,1052.9469540978594,14.909999,853.3273496742621,929.4741958665409,1038.0369552041216,184.70960552985946,853.3273496742621,10.0,27.689999008178713,960.5376904331911
2024-01-06,store_1,item_10,24.075308858101103,20.59,0,0.0,1,5,1,1,0.49999999999999994,0.8660254037844387,-0.9749279121818236,-0.2225209339563146,25.123278,15.0,20.0,17.0,24.318947,4.8814077,24.945189,6.039445,23.865452,5.61471,-0.6262417,0.45349503,10.123278,15.123278,20.59,20.59,20.59,20.59,20.442858,0.77860695,0.0,0.0,0.0,0.9999999,1.0071976,0.18898138,-0.0071976185,0.0,0.038086988,423.94812,3.0722303,0.0,0.0,-0.0,23.865452,23.865452,23.865452,19.23078012825988,24.075308858101103,27.411990596180107,baseline,395.9617657752551,495.7106130619023,564.4128905580862,14.413,381.5487656684436,481.29761295509076,549.9998904512747,168.45112478283113,381.5487656684436,10.0,26.767000198364258,480.8890615945379
2024-01-06,store_1,item_11,41.01710522149238,52.2,1,0.0,1,5,1,1,0.49999999999999994,0.8660254037844387,-0.9749279121818236,-0.2225209339563146,42.265797,27.0,19.0,21.0,39.349937,7.9167404,32.532112,10.735405,29.516056,9.80257,6.8178253,9.833881,15.265797,7.2657967,52.2,65.25,65.25,54.064285,61.521427,6.00357,0.0,-0.19999999,-0.19999999,0.9655173,0.8484849,-1.552647,0.15151513,0.19999999,0.09758503,2724.84,3.9740584,0.0,6.0,0.15151512622833252,29.516056,29.516056,29.516056,37.17922584306006,41.01710522149238,46.91545872094972,baseline,1940.7556173732335,2141.09292385547,2448.98698102723,36.54,1904.2156164577061,2104.5529229399426,2412.4469801117025,508.23136365399637,1904.2156164577061,10.0,63.945000934600834,1990.7141957281833
2024-01-06,store_1,item_12,21.298137082022212,60.88,0,0.0,1,5,1,1,0.49999999999999994,0.8660254037844387,-0.9749279121818236,-0.2225209339563146,22.135483,16.0,26.0,17.0,21.620333,4.4411006,22.738737,4.4437423,22.012226,5.200944,-1.1184044,-0.3918934,6.135483,16.135483,60.88,60.88,60.88,60.88,59.575,3.8363395,0.0,0.0,0.0,1.0,1.0219052,0.34016803,-0.021905184,0.0,0.06439512,3706.3745,4.125197,0.0,0.0,-0.0,22.012226,22.012226,22.012226,17.30532605244391,21.298137082022212,25.1445817442749,baseline,1053.5482685568677,1296.630608302377,1530.8021634487666,42.616,1010.9322674277173,1254.0146071732265,1488.1861623196162,477.2538948918989,1010.9322674277173,10.0,79.14400138854981,1376.6699239758996
2024-01-06,store_1,item_13,40.33777897556934,68.19,0,0.0,1,5,1,1,0.49999999999999994,0.8660254037844387,-0.9749279121818236,-0.2225209339563146,43.181343,39.0,47.0,34.0,44.78284,4.7742825,43.96285,3.9906929,42.94571,5.0145335,0.81999207,1.8371315,4.181343,12.181343,68.19,68.19,68.19,68.19,67.21571,3.577299,0.0,0.0,0.0,1.0,1.014495,0.27235314,-0.014495015,0.0,0.053221174,4649.8765,4.2368565,0.0,0.0,-0.0,42.94571,42.94571,42.94571,37.57436326428537,40.33777897556934,45.98076946792703,baseline,2562.1959227259044,2750.6332468249793,3135.4287822756824,47.733,2514.46292101692,2702.900245115995,3087.695780566698,573.2328595497779,2514.46292101692,10.0,66.4852523803711,2704.1890872456106
2024-01-06,store_1,item_14,23.351288494457723,70.38,0,0.0,1,5,1,1,0.49999999999999994,0.8660254037844387,-0.9749279121818236,-0.2225209339563146,24.71466,26.0,20.0,18.0,26.297457,2.6659336,25.220158,4.4354205,24.967222,5.7875886,1.0772991,1.3302345,-1.2853394,-7.2853394,70.38,56.31,70.38,68.369995,68.8725,4.431632,0.0,0.24986672,0.0,1.0293989,1.0218883,0.340168,-0.021888256,-0.24986672,0.06434545,4953.344,4.268018,1.0,1.0,-0.0,24.967222,24.967222,24.967222,18.29497973581533,23.351288494457723,27.46534578683486,baseline,1287.6006235580203,1643.4636201037051,1933.0109610416123,49.266,1238.3346247176883,1594.197621263373,1883.7449622012803,645.410337483592,1238.3346247176883,10.0,91.49399642944336,1785.1598720204315
2024-01-06,store_1,item_15,22.04014606978561,56.62,0,0.0,1,5,1,1,0.49999999999999994,0.8660254037844387,-0.9749279121818236,-0.2225209339563146,22.840935,18.0,18.0,14.0,22.835001,3.6452084,22.774643,5.0015755,21.887321,4.469031,0.060358047,0.9476795,4.8409348,4.8409348,56.62,56.62,56.62,56.62,56.62,0.0,0.0,0.0,0.0,1.0,1.0,0.0,0.0,0.0,0.0,3205.8242,4.0538697,0.0,0.0,0.0,21.887321,21.887321,21.887321,18.00300676788083,22.04014606978561,26.220654951773092,baseline,1019.3302239681268,1247.9130469298454,1484.6134553627114,39.634,979.6962250972772,1208.2790480589958,1444.9794564918618,465.2832313945846,979.6962250972772,10.0,73.6059986114502,1246.037108017076
2024-01-06,store_1,item_16,30.218777017712345,43.08,0,0.0,1,5,1,1,0.49999999999999994,0.8660254037844387,-0.9749279121818236,-0.2225209339563146,33.419777,42.0,21.0,22.0,36.119537,3.2034636,33.488342,5.8002324,31.887028,5.0990553,2.631195,4.2325096,-8.580223,-29.580223,43.08,34.46,43.08,41.84857,42.772144,1.6290274,0.0,0.2501452,0.0,1.0294259,1.0071976,0.1889823,-0.0071976185,-0.2501452,0.038086176,1855.8866,3.7860062,1.0,1.0,-0.0,31.887028,31.887028,31.887028,25.99228169233487,30.218777017712345,36.34639195023628,baseline,1119.7475428990754,1301.824969255281,1565.8026317684103,30.156,1089.5915427617463,1271.668969117952,1535.6466316310812,446.0550888693349,1089.5915427617463,10.0,56.0040023803711,1379.121854775008
2024-01-06,store_1,item_17,17.263024231768508,62.32,0,0.0,1,5,1,1,0.49999999999999994,0.8660254037844387,-0.9749279121818236,-0.2225209339563146,18.14094,12.0,22.0,9.0,17.548203,3.6083903,17.84553,3.7847638,17.851337,4.807143,-0.29732704,-0.30313492,6.1409397,16.14094,62.32,62.32,62.32,62.32,60.985,3.9245307,0.0,0.0,0.0,1.0,1.0218906,0.34016773,-0.02189064,0.0,0.06435239,3883.7825,4.1482015,0.0,0.0,-0.0,17.851337,17.851337,17.851337,13.20235337374187,17.263024231768508,20.873152872388285,baseline,822.7706582225549,1075.8316648555565,1300.8148806372571,43.624,779.1466576732385,1032.20766430624,1257.1908800879407,478.0442224147023,779.1466576732385,10.0,81.01599960327148,1099.5851615666734
2024-01-06,store_1,item_18,39.14158100585878,71.7,0,0.0,1,5,1,1,0.49999999999999994,0.8660254037844387,-0.9749279121818236,-0.2225209339563146,40.91153,35.0,31.0,30.0,41.731403,7.186178,42.93713,8.615982,41.147137,7.4981117,-1.2057266,0.58426666,5.9115295,1.9115295,71.7,71.7,71.7,71.7,71.18785,2.7100046,0.0,0.0,0.0,1.0,1.0071943,0.18898338,-0.0071942806,0.0,0.038068358,5140.8896,4.286341,0.0,0.0,-0.0,41.147137,41.147137,41.147137,35.16932085494738,39.14158100585878,43.67186629590898,baseline,2521.6401979714774,2806.451238669449,3131.2726801407143,50.19,2471.4501993447684,2756.26124004274,3081.0826815140053,609.6324821692369,2471.4501993447684,10.0,93.20999603271484,2946.5911799029486
2024-01-06,store_1,item_19,14.570174656418306,40.82,0,0.0,1,5,1,1,0.49999999999999994,0.8660254037844387,-0.9749279121818236,-0.2225209339563146,15.199381,9.0,15.0,9.0,14.9282055,2.8412158,15.464103,3.2160134,14.160623,3.125425,-0.53589725,0.7675829,6.199381,12.199381,40.82,40.82,40.82,40.82,40.82,0.0,0.0,0.0,0.0,1.0,1.0,0.0,0.0,0.0,0.0,1666.2723,3.7333746,0.0,0.0,0.0,14.160623,14.160623,14.160623,10.239911107844451,14.570174656418306,18.413475780653553,baseline,417.9931682972376,594.7545250285308,751.6380757469311,28.574,389.4191688923304,566.1805256236236,723.0640763420239,333.6449074496935,389.4191688923304,10.0,36.737999725341794,582.5361603183487
2024-01-06,store_1,item_2,37.92527842212149,38.55,0,0.0,1,5,1,1,0.49999999999999994,0.8660254037844387,-0.9749279121818236,-0.2225209339563146,41.583313,29.0,32.0,29.0,41.39824,7.227066,41.19912,6.2998047,40.02813,7.236856,0.19911957,1.3701096,12.583313,15.583313,38.55,38.55,38.55,38.55,38.274643,1.4570528,0.0,0.0,0.0,1.0,1.0071943,0.18898156,-0.0071942806,0.0,0.038068358,1486.1024,3.6775656,0.0,0.0,-0.0,40.02813,40.02813,40.02813,33.53231165286947,37.92527842212149,42.024325193041925,baseline,1292.6705886349944,1462.019454238092,1620.0377041297504,26.984999,1265.6855899319914,1435.0344555350891,1593.0527054267475,327.36711549475604,1265.6855899319914,10.0,50.114999008178714,1448.807759964844
2024-01-06,store_1,item_20,66.51610632661583,12.2,1,0.0,1,5,1,1,0.49999999999999994,0.8660254037844387,-0.9749279121818236,-0.2225209339563146,73.782166,43.0,37.0,51.0,71.75252,15.377199,59.733402,16.967403,54.080986,15.461576,12.019115,17.671532,30.782166,24.782166,12.2,15.24,12.2,12.634286,14.3714285,1.3985329,0.0,-0.19947505,0.0,0.9656263,0.8489065,-1.5526465,0.15109348,0.19947505,0.09731341,148.84,2.580217,0.0,6.0,0.1510934829711914,54.080986,54.080986,54.080986,59.572883720632504,66.51610632661583,73.03794183991022,baseline,726.7891700290908,811.4964844977726,891.0628765160228,8.54,718.2491700672377,802.9564845359196,882.5228765541698,164.27370648693204,718.2491700672377,10.0,14.944999766349794,878.4378267211671
2024-01-06,store_1,item_21,37.80380370614601,27.45,0,0.0,1,5,1,1,0.49999999999999994,0.8660254037844387,-0.9749279121818236,-0.2225209339563146,41.913784,50.0,33.0,29.0,43.718884,6.455793,44.216583,10.057374,42.17972,9.803328,-0.49769974,1.5391617,-8.086216,-25.086216,27.45,21.96,27.45,26.665714,26.665714,1.9563528,0.0,0.25000006,0.0,1.0294117,1.0294117,0.40089196,-0.029411674,-0.25000006,0.073365845,753.50256,3.348148,1.0,1.0,-0.0,42.17972,42.17972,42.17972,34.01671065269748,37.80380370614601,41.20080976028415,baseline,933.7587333692366,1037.7144405757215,1130.9622593535232,19.215,914.5437332166487,1018.4994404231336,1111.7472592009353,197.20352598428667,914.5437332166487,10.0,35.68500099182129,1051.093244159128
2024-01-06,store_1,item_22,20.235946592700717,47.59,0,0.0,1,5,1,1,0.49999999999999994,0.8660254037844387,-0.9749279121818236,-0.2225209339563146,21.088528,17.0,14.0,14.0,21.295061,3.309191,20.576101,4.6060014,20.85948,4.8829293,0.7189598,0.4355812,4.0885277,1.0885277,47.59,47.59,47.59,47.59,46.91,2.4967654,0.0,0.0,0.0,1.0,1.0144958,0.2723524,-0.01449585,0.0,0.053224586,2264.808,3.8834178,0.0,0.0,-0.0,20.85948,20.85948,20.85948,16.585413149734187,20.235946592700717,23.88804074081031,baseline,789.2998143265831,963.0287014343876,1136.8318625001884,33.313,755.9868146012413,929.7157017090458,1103.5188627748466,347.5320481736053,755.9868146012413,10.0,61.86700019836426,1019.9554160799293
2024-01-06,store_1,item_23,11.648543341340996,46.82,0,0.0,1,5,1,1,0.49999999999999994,0.8660254037844387,-0.9749279121818236,-0.2225209339563146,12.1941805,13.0,8.0,10.0,12.922134,1.593604,11.746781,3.0165198,12.051962,3.4966342,1.175353,0.8701725,-0.8058195,-5.8058195,46.82,46.82,46.82,46.82,46.485714,1.7688738,0.0,0.0,0.0,1.0,1.0071912,0.18898214,-0.007191181,0.0,0.03805199,2192.1123,3.867444,0.0,0.0,-0.0,12.051962,12.051962,12.051962,8.119606489010389,11.648543341340996,15.79550437603752,baseline,380.15997333755917,545.3847956867321,739.5455100656714,32.774,347.3859750770611,512.6107974262341,706.7715118051733,359.3855367281122,347.3859750770611,10.0,60.86599960327148,587.5828099070152
2024-01-06,store_1,item_24,38.481765610727805,19.06,0,0.0,1,5,1,1,0.49999999999999994,0.8660254037844387,-0.9749279121818236,-0.2225209339563146,40.236893,33.0,34.0,30.0,41.167,6.9674506,42.01207,9.868861,40.006035,8.621258,-0.8450699,1.160965,7.2368927,8.236893,19.06,19.06,19.06,19.06,18.923927,0.7200222,0.0,0.0,0.0,0.9999999,1.0071903,0.18898302,-0.0071903467,0.0,0.03804824,363.28357,2.9987278,0.0,0.0,-0.0,40.006035,40.006035,40.006035,33.71170513482702,38.481765610727805,42.887481758328846,baseline,642.5450818658101,733.462431988992,817.4353794093615,13.341999,629.203082811855,720.1204329350369,804.0933803554065,174.89029754355147,629.203082811855,10.0,24.7779993057251,778.8285518425331
2024-01-06,store_1,item_25,34.91147481144291,89.21,0,0.0,1,5,1,1,0.49999999999999994,0.8660254037844387,-0.9749279121818236,-0.2225209339563146,38.75696,26.0,30.0,24.0,38.386227,6.9202704,39.121685,6.666625,38.4537,7.3449945,-0.7354584,-0.067474365,12.756962,16.756962,89.21,89.21,89.21,89.21,87.29857,5.6190705,0.0,0.0,0.0,1.0,1.0218953,0.34016836,-0.02189529,0.0,0.064366125,7958.424,4.50214,0.0,0.0,-0.0,38.4537,38.4537,38.4537,30.839056931178124,34.91147481144291,40.95988345561443,baseline,2751.1522405964006,3114.452635966412,3654.03116557547,62.447,2688.705242000209,3052.0056373702205,3591.5841669792785,902.8789249790693,2688.705242000209,10.0,115.97299880981446,3490.8260104615533
2024-01-06,store_1,item_26,36.90497283441013,47.67,0,0.0,1,5,1,1,0.49999999999999994,0.8660254037844387,-0.9749279121818236,-0.2225209339563146,40.697838,31.0,31.0,37.0,40.093586,6.691256,39.18965,6.8247595,38.237682,6.7979774,0.9039345,1.8559036,9.697838,9.697838,47.67,47.67,47.67,47.67,47.67,0.0,0.0,0.0,0.0,1.0,1.0,0.0,0.0,0.0,0.0,2272.4287,3.8850627,0.0,0.0,0.0,38.237682,38.237682,38.237682,33.28649626888902,36.90497283441013,42.267260474082605,baseline,1586.7672161885444,1759.2599874413074,2014.8802294058523,33.369,1553.3982167073432,1725.8909879601063,1981.5112299246512,428.113013217308,1553.3982167073432,10.0,61.97099761962891,1832.9460600947814
2024-01-06,store_1,item_27,37.05008280455081,67.62,0,0.0,1,5,1,1,0.49999999999999994,0.8660254037844387,-0.9749279121818236,-0.2225209339563146,40.40257,35.0,27.0,30.0,41.74187,5.8161654,41.942364,7.3713927,41.006897,6.7489862,-0.20049286,0.7349739,5.402569,-2.5974312,67.62,67.62,67.62,67.62,66.17143,4.258401,0.0,0.0,0.0,1.0,1.0218911,0.34016758,-0.021891117,0.0,0.06435407,4572.465,4.2285843,0.0,0.0,-0.0,41.006897,41.006897,41.006897,33.22115289133701,37.05008280455081,41.77921605636523,baseline,2246.4144497568304,2505.3267010048176,2825.1107044814607,47.334,2199.0804501230414,2457.9927013710285,2777.7767048476717,578.6962547246303,2199.0804501230414,10.0,87.90600357055665,2581.62874005036
2024-01-07,store_1,item_1,47.28627697994358,21.3,0,0.0,1,6,1,1,0.49999999999999994,0.8660254037844387,-0.7818314824680299,0.6234898018587334,44.337288,42.0,44.0,33.0,49.807583,5.5935926,48.97522,6.63491,48.48761,10.286531,0.8323631,1.319973,2.337288,4.337288,21.3,21.3,21.3,21.3,20.995714,1.1172496,0.0,0.0,0.0,0.9999999,1.0144926,0.27235165,-0.014492631,0.0,0.053213216,453.68997,3.1045866,0.0,0.0,-0.0,48.48761,48.48761,48.48761,43.27567165846339,47.28627697994358,52.286354406832615,baseline,921.7717733085528,1007.1976635962319,1113.699308974212,14.909999,906.861774414815,992.2876647024941,1098.7893100804743,191.9275356656592,906.861774414815,10.0,27.689999008178713,960.5376904331911
2024-01-07,store_1,item_10,24.73690364972809,20.59,0,0.0,1,6,1,1,0.49999999999999994,0.8660254037844387,-0.7818314824680299,0.6234898018587334,24.07531,21.0,20.0,15.0,25.61542,2.7208924,25.236282,5.878835,24.118141,5.4511156,0.37913704,1.4972782,3.0753098,2.0753098,20.59,20.59,20.59,20.59,20.442858,0.77860695,0.0,0.0,0.0,0.9999999,1.0071976,0.18898138,-0.0071976185,0.0,0.038086988,423.94812,3.0722303,0.0,0.0,-0.0,24.118141,24.118141,24.118141,20.749777099818225,24.73690364972809,28.68362412367332,baseline,427.237913651422,509.33284992245336,590.5958250832074,14.413,412.82491354461047,494.91984981564184,576.1828249763959,163.3579114317854,412.82491354461047,10.0,26.767000198364258,480.8890615945379
2024-01-07,store_1,item_11,44.76511035427913,52.2,1,0.0,1,6,1,1,0.49999999999999994,0.8660254037844387,-0.7818314824680299,0.6234898018587334,41.017105,30.0,20.0,26.0,41.352383,5.7480235,34.104763,10.199879,30.230953,9.888042,7.2476196,11.121429,11.017105,1.0171051,52.2,52.2,65.25,52.2,61.05536,6.2065125,0.0,0.0,-0.19999999,1.0,0.8549618,-1.4267846,0.14503819,0.0,0.10165385,2724.84,3.9740584,1.0,7.0,0.1450381875038147,30.230953,30.230953,30.230953,38.31896813986822,44.76511035427913,47.91885233824783,baseline,2000.2501661361737,2336.7387946464396,2501.36412861572,36.54,1963.7101652206463,2300.1987937309123,2464.8241277001925,501.1139624795462,1963.7101652206463,10.0,63.945000934600834,1990.7141957281833
2024-01-07,store_1,item_12,21.62721985893161,60.88,0,0.0,1,6,1,1,0.49999999999999994,0.8660254037844387,-0.7818314824680299,0.6234898018587334,21.298138,15.0,18.0,17.0,22.37721,3.715864,22.402891,4.355098,22.165731,5.110167,-0.025680542,0.21147919,6.2981377,9.298138,60.88,60.88,60.88,60.88,59.575,3.8363395,0.0,0.0,0.0,1.0,1.0219052,0.34016803,-0.021905184,0.0,0.06439512,3706.3745,4.125197,0.0,0.0,-0.0,22.165731,22.165731,22.165731,18.205016526134948,21.62721985893161,25.810478857787597,baseline,1108.321425556151,1316.6651681121195,1571.3419804306745,42.616,1065.7054244270007,1274.0491669829692,1528.7259793015241,463.02055487452344,1065.7054244270007,10.0,79.14400138854981,1376.6699239758996
2024-01-07,store_1,item_13,42.735361546896875,68.19,0,0.0,1,6,1,1,0.49999999999999994,0.8660254037844387,-0.7818314824680299,0.6234898018587334,40.33778,40.0,38.0,36.0,44.97395,4.524458,43.486977,3.9978807,43.17206,4.7307925,1.4869728,1.8018913,0.33778,-1.66222,68.19,68.19,68.19,68.19,67.21571,3.577299,0.0,0.0,0.0,1.0,1.014495,0.27235314,-0.014495015,0.0,0.053221174,4649.8765,4.2368565,0.0,0.0,-0.0,43.17206,43.17206,43.17206,39.17291983722548,42.735361546896875,47.61797369493428,baseline,2671.201499337417,2914.1244082172766,3247.069742512387,47.733,2623.4684976284325,2866.391406508292,3199.336740803403,575.8682431749703,2623.4684976284325,10.0,66.4852523803711,2704.1890872456106
2024-01-07,store_1,item_14,24.980246482590477,70.38,0,0.0,1,6,1,1,0.49999999999999994,0.8660254037844387,-0.7818314824680299,0.6234898018587334,23.351288,22.0,16.0,16.0,25.91907,2.8934524,25.459536,4.217079,25.158339,5.635349,0.4595337,0.76073074,1.3512878,-4.648712,70.38,70.38,70.38,70.38,68.8725,4.431632,0.0,0.0,0.0,1.0,1.0218883,0.340168,-0.021888256,0.0,0.06434545,4953.344,4.268018,0.0,0.0,-0.0,25.158339,25.158339,25.158339,20.42106373621431,24.980246482590477,28.97609341323693,baseline,1437.2344096666366,1758.1096788344216,2039.3373748383976,49.266,1387.9684108263045,1708.8436799940896,1990.0713759980656,602.1029651717611,1387.9684108263045,10.0,91.49399642944336,1785.1598720204315
2024-01-07,store_1,item_15,23.383805809654216,56.62,0,0.0,1,6,1,1,0.49999999999999994,0.8660254037844387,-0.7818314824680299,0.6234898018587334,22.040146,18.0,11.0,18.0,23.412165,3.0179465,23.063225,4.8180847,22.174469,4.193271,0.3489399,1.2376957,4.040146,-2.9598541,56.62,56.62,56.62,56.62,56.62,0.0,0.0,0.0,0.0,1.0,1.0,0.0,0.0,0.0,0.0,3205.8242,4.0538697,0.0,0.0,0.0,22.174469,22.174469,22.174469,18.729176745163752,23.383805809654216,27.211951574364665,baseline,1060.4459673062527,1323.9910599660225,1540.7406690750272,39.634,1020.8119684354031,1284.3570610951729,1501.1066702041776,480.29470176877453,1020.8119684354031,10.0,73.6059986114502,1246.037108017076
2024-01-07,store_1,item_16,32.32227539033592,43.08,0,0.0,1,6,1,1,0.49999999999999994,0.8660254037844387,-0.7818314824680299,0.6234898018587334,30.218777,35.0,22.0,26.0,34.43651,2.6452491,34.146824,4.690547,32.180553,4.7321877,0.2896843,2.2559547,-4.7812233,-17.781223,43.08,43.08,43.08,43.08,42.772144,1.6290274,0.0,0.0,0.0,1.0,1.0071976,0.1889823,-0.0071976185,0.0,0.038086176,1855.8866,3.7860062,0.0,0.0,-0.0,32.180553,32.180553,32.180553,27.713659252243914,32.32227539033592,36.243318024840356,baseline,1193.9044913318935,1392.4436829995252,1561.36220687362,30.156,1163.7484911945644,1362.287682862196,1531.2062067362908,367.45771554172643,1163.7484911945644,10.0,56.0040023803711,1379.121854775008
2024-01-07,store_1,item_17,18.448676385675896,62.32,0,0.0,1,6,1,1,0.49999999999999994,0.8660254037844387,-0.7818314824680299,0.6234898018587334,17.263023,13.0,15.0,13.0,18.300064,2.6914864,17.507175,3.591599,18.146444,4.4865823,0.79288864,0.15361977,4.2630234,6.2630234,62.32,62.32,62.32,62.32,60.985,3.9245307,0.0,0.0,0.0,1.0,1.0218906,0.34016773,-0.02189064,0.0,0.06435239,3883.7825,4.1482015,0.0,0.0,-0.0,18.146444,18.146444,18.146444,13.90533347917338,18.448676385675896,21.851291275898213,baseline,866.580378178514,1149.7215067252325,1361.7724656454918,43.624,822.9563776291976,1106.0975061759161,1318.1484650961754,495.1920874669778,822.9563776291976,10.0,81.01599960327148,1099.5851615666734
2024-01-07,store_1,item_18,40.409621903119515,71.7,0,0.0,1,6,1,1,0.49999999999999994,0.8660254037844387,-0.7818314824680299,0.6234898018587334,39.141582,30.0,50.0,32.0,42.32306,6.6931796,43.518673,8.0011215,41.47362,7.187346,-1.1956139,0.8494377,9.1415825,29.141582,71.7,71.7,71.7,71.7,71.18785,2.7100046,0.0,0.0,0.0,1.0,1.0071943,0.18898338,-0.0071942806,0.0,0.038068358,5140.8896,4.286341,0.0,0.0,-0.0,41.47362,41.47362,41.47362,35.683497760959504,40.409621903119515,44.33620800273498,baseline,2558.5066805634033,2897.3697671332898,3178.9059784927285,50.19,2508.3166819366943,2847.179768506581,3128.7159798660196,620.3992979293253,2508.3166819366943,10.0,93.20999603271484,2946.5911799029486
2024-01-07,store_1,item_19,15.199749098027846,40.82,0,0.0,1,6,1,1,0.49999999999999994,0.8660254037844387,-0.7818314824680299,0.6234898018587334,14.570174,15.0,10.0,14.0,15.723945,1.223874,15.433401,3.2228293,14.359557,2.9575467,0.29054356,1.3643875,-0.42982578,-5.429826,40.82,40.82,40.82,40.82,40.82,0.0,0.0,0.0,0.0,1.0,1.0,0.0,0.0,0.0,0.0,1666.2723,3.7333746,0.0,0.0,0.0,14.359557,14.359557,14.359557,10.824936107786892,15.199749098027846,19.124018049756934,baseline,441.8738886163526,620.4537535429014,780.6424109548909,28.574,413.29988921144536,591.8797541379942,752.0684115499837,338.76852233853833,413.29988921144536,10.0,36.737999725341794,582.5361603183487
2024-01-07,store_1,item_2,40.82673907572774,38.55,0,0.0,1,6,1,1,0.49999999999999994,0.8660254037844387,-0.7818314824680299,0.6234898018587334,37.925278,35.0,36.0,35.0,42.67328,5.16959,41.622353,5.8146,40.34689,6.922865,1.0509262,2.3263893,2.9252777,3.9252777,38.55,38.55,38.55,38.55,38.274643,1.4570528,0.0,0.0,0.0,1.0,1.0071943,0.18898156,-0.0071942806,0.0,0.038068358,1486.1024,3.6775656,0.0,0.0,-0.0,40.34689,40.34689,40.34689,36.736856154360474,40.82673907572774,44.55271773749372,baseline,1416.2057767225992,1573.8707602209743,1717.507234789357,26.984999,1389.2207780195963,1546.8857615179713,1690.522236086354,301.30145806675773,1389.2207780195963,10.0,50.114999008178714,1448.807759964844
2024-01-07,store_1,item_20,71.25511980782977,12.2,1,0.0,1,6,1,1,0.49999999999999994,0.8660254037844387,-0.7818314824680299,0.6234898018587334,66.516106,62.0,43.0,37.0,75.11196,9.490885,61.841694,15.712747,54.63513,15.624258,13.2702675,20.47683,4.5161057,-14.483894,12.2,12.2,15.24,12.2,14.3714285,1.3985329,0.0,0.0,-0.19947505,0.99999994,0.8489065,-1.5526465,0.15109348,0.0,0.09731341,148.84,2.580217,1.0,7.0,0.1510934829711914,54.63513,54.63513,54.63513,64.80264299676668,71.25511980782977,72.48583547671711,baseline,790.5922322004302,869.3124480646877,884.3271789903729,8.54,782.0522322385772,860.7724481028347,875.7871790285199,93.73494678994268,782.0522322385772,10.0,14.944999766349794,878.4378267211671
2024-01-07,store_1,item_21,40.199793973844606,27.45,0,0.0,1,6,1,1,0.49999999999999994,0.8660254037844387,-0.7818314824680299,0.6234898018587334,37.803802,31.0,37.0,38.0,41.97657,6.114868,44.55971,9.721601,42.49414,9.501494,-2.5831413,-0.5175705,6.8038025,12.8038025,27.45,27.45,27.45,27.45,26.665714,1.9563528,0.0,0.0,0.0,0.99999994,1.0294117,0.40089196,-0.029411674,0.0,0.073365845,753.50256,3.348148,0.0,0.0,-0.0,42.49414,42.49414,42.49414,36.65690248483449,40.199793973844606,44.60371095297431,baseline,1006.2320011757039,1103.4843752520433,1224.3718996890757,19.215,987.017001023116,1084.2693750994554,1205.1568995364878,218.1398985133718,987.017001023116,10.0,35.68500099182129,1051.093244159128
2024-01-07,store_1,item_22,21.215111328846973,47.59,0,0.0,1,6,1,1,0.49999999999999994,0.8660254037844387,-0.7818314824680299,0.6234898018587334,20.235947,17.0,16.0,16.0,21.75734,2.7953155,21.021526,4.2052274,21.082191,4.6971564,0.73581314,0.675148,3.2359467,2.2359467,47.59,47.59,47.59,47.59,46.91,2.4967654,0.0,0.0,0.0,1.0,1.0144958,0.2723524,-0.01449585,0.0,0.053224586,2264.808,3.8834178,0.0,0.0,-0.0,21.082191,21.082191,21.082191,17.33248124721547,21.215111328846973,25.129992104994077,baseline,824.852785199711,1009.6271513769965,1195.9363281112005,33.313,791.5397854743692,976.3141516516547,1162.6233283858587,371.08354291148953,791.5397854743692,10.0,61.86700019836426,1019.9554160799293
2024-01-07,store_1,item_23,12.53182597110286,46.82,0,0.0,1,6,1,1,0.49999999999999994,0.8660254037844387,-0.7818314824680299,0.6234898018587334,11.648543,10.0,9.0,12.0,12.729069,1.6629539,12.007392,2.8190632,12.110839,3.4746132,0.7216768,0.61822987,1.6485434,0.64854336,46.82,46.82,46.82,46.82,46.485714,1.7688738,0.0,0.0,0.0,1.0,1.0071912,0.18898214,-0.007191181,0.0,0.03805199,2192.1123,3.867444,0.0,0.0,-0.0,12.110839,12.110839,12.110839,8.386652305038186,12.53182597110286,16.15920462998037,baseline,392.6630583624847,586.7400881426261,756.573955844283,32.774,359.8890601019867,553.966089882128,723.7999575837849,363.91089748179826,359.8890601019867,10.0,60.86599960327148,587.5828099070152
2024-01-07,store_1,item_24,38.78436117296272,19.06,0,0.0,1,6,1,1,0.49999999999999994,0.8660254037844387,-0.7818314824680299,0.6234898018587334,38.481766,31.0,30.0,33.0,41.950108,6.1575155,42.332195,9.659441,40.308956,8.4029045,-0.3820877,1.6411514,7.4817657,6.4817657,19.06,19.06,19.06,19.06,18.923927,0.7200222,0.0,0.0,0.0,0.9999999,1.0071903,0.18898302,-0.0071903467,0.0,0.03804824,363.28357,2.9987278,0.0,0.0,-0.0,40.308956,40.308956,40.308956,34.8912918869279,38.78436117296272,43.78522500764174,baseline,665.0280047308856,739.2299032435859,834.5463652618187,13.341999,651.6860056769306,725.8879041896308,821.2043662078636,169.51836053093302,651.6860056769306,10.0,24.7779993057251,778.8285518425331
2024-01-07,store_1,item_25,37.02856106984579,89.21,0,0.0,1,6,1,1,0.49999999999999994,0.8660254037844387,-0.7818314824680299,0.6234898018587334,34.911476,33.0,48.0,27.0,39.659294,4.7372856,39.472504,6.266936,38.843395,6.820468,0.18679047,0.8158989,1.9114761,16.911476,89.21,89.21,89.21,89.21,87.29857,5.6190705,0.0,0.0,0.0,1.0,1.0218953,0.34016836,-0.02189529,0.0,0.064366125,7958.424,4.50214,0.0,0.0,-0.0,38.843395,38.843395,38.843395,33.37153360241279,37.02856106984579,41.97637325358057,baseline,2977.0744821186936,3303.317899140283,3744.712219521405,62.447,2914.627483522502,3240.8709005440915,3682.2652209252137,767.6377374027115,2914.627483522502,10.0,115.97299880981446,3490.8260104615533
2024-01-07,store_1,item_26,38.16563808665262,47.67,0,0.0,1,6,1,1,0.49999999999999994,0.8660254037844387,-0.7818314824680299,0.6234898018587334,36.904972,31.0,28.0,26.0,40.937153,5.644026,39.611435,6.4519773,38.234287,6.7986417,1.3257179,2.7028656,5.904972,2.904972,47.67,47.67,47.67,47.67,47.67,0.0,0.0,0.0,0.0,1.0,1.0,0.0,0.0,0.0,0.0,2272.4287,3.8850627,0.0,0.0,0.0,38.234287,38.234287,38.234287,34.136449601441946,38.16563808665262,42.55977487747584,baseline,1627.2844899950314,1819.3558977073599,2028.8243904799979,33.369,1593.9154905138303,1785.9868982261587,1995.4553909987967,401.53990048496644,1593.9154905138303,10.0,61.97099761962891,1832.9460600947814
2024-01-07,store_1,item_27,40.44746224294632,67.62,0,0.0,1,6,1,1,0.49999999999999994,0.8660254037844387,-0.7818314824680299,0.6234898018587334,37.050083,34.0,38.0,46.0,42.03474,5.460866,42.66023,6.200696,41.258686,6.4479322,-0.6254883,0.7760544,3.0500832,7.050083,67.62,67.62,54.1,67.62,66.17143,4.258401,0.0,0.0,0.24990766,1.0,1.0218911,0.34016758,-0.021891117,0.0,0.06435407,4572.465,4.2285843,0.0,0.0,-0.0,41.258686,41.258686,41.258686,36.10783494372495,40.44746224294632,44.26824756773646,baseline,2441.611898067812,2735.057507960303,2993.4190221167128,47.334,2394.277898434023,2687.723508326514,2946.0850224829237,551.8071240489007,2394.277898434023,10.0,87.90600357055665,2581.62874005036
2024-01-01,store_1,item_1,48.834910656808624,21.3,0,0.0,1,0,1,0,0.49999999999999994,0.8660254037844387,0.0,1.0,42.0,47.0,68.0,40.0,47.857143,8.112307,49.214287,8.911346,46.82143,10.607661,-1.3571434,1.0357132,-5.0,16.0,21.3,21.3,21.3,21.3,20.995714,1.1172496,0.0,0.0,0.0,0.9999999,1.0144926,0.27235165,-0.014492631,0.0,0.053213216,453.68997,3.1045866,0.0,0.0,-0.0,46.82143,46.82143,46.82143,45.4832342996046,48.834910656808624,52.64361078270037,no_promo,968.792855880624,1040.1835597319437,1121.3088695076303,14.909999,953.8828569868862,1025.2735608382059,1106.3988706138925,152.51601362700637,953.8828569868862,10.0,27.689999008178713,960.5376904331911
2024-01-01,store_1,item_10,24.80488187887669,20.59,0,0.0,1,0,1,0,0.49999999999999994,0.8660254037844387,0.0,1.0,21.0,36.0,24.0,27.0,25.0,8.1034975,24.642857,6.1595097,23.071428,5.496993,0.3571434,1.9285717,-15.0,-27.0,20.59,16.47,20.59,20.001429,20.442858,0.77860695,0.0,0.2501518,0.0,1.0294263,1.0071976,0.18898138,-0.0071976185,-0.2501518,0.038086988,423.94812,3.0722303,1.0,1.0,-0.0,23.071428,23.071428,23.071428,20.67621770586812,24.80488187887669,28.585857385222603,no_promo,425.723325718765,510.73252167099565,588.582807923589,14.413,411.3103256119535,496.31952156418413,574.1698078167775,162.85948220482402,411.3103256119535,10.0,26.767000198364258,480.8890615945379
2024-01-01,store_1,item_11,29.117642011091036,52.2,0,0.0,1,0,1,0,0.49999999999999994,0.8660254037844387,0.0,1.0,30.0,22.0,27.0,20.0,28.285715,7.825477,27.142857,7.047718,26.535715,7.3256636,1.1428585,1.75,8.0,13.0,52.2,65.25,65.25,61.521427,63.385715,4.6503453,0.0,-0.19999999,-0.19999999,0.8484849,0.8235294,-2.405351,0.17647058,0.19999999,0.07336582,2724.84,3.9740584,0.0,2.0,0.0,26.535715,26.535715,26.535715,25.8312599703005,29.117642011091036,38.59681549900262,no_promo,1348.3917901573734,1519.9409351939498,2014.7537984949702,36.54,1311.851789241846,1483.4009342784225,1978.2137975794428,666.3620083375968,1311.851789241846,10.0,63.945000934600834,1990.7141957281833
2024-01-01,store_1,item_12,22.50645799035222,60.88,0,0.0,1,0,1,0,0.49999999999999994,0.8660254037844387,0.0,1.0,15.0,20.0,16.0,24.0,22.0,5.7445626,23.0,5.24771,21.821428,6.01882,-1.0,0.1785717,-5.0,-9.0,60.88,60.88,60.88,60.88,59.14,4.3403225,0.0,0.0,0.0,1.0,1.0294217,0.40089217,-0.029421687,0.0,0.07339064,3706.3745,4.125197,0.0,0.0,-0.0,21.821428,21.821428,21.821428,17.549444433366727,22.50645799035222,26.360914505081432,no_promo,1068.4101958481954,1370.193186492134,1604.852503225852,42.616,1025.794194719045,1327.5771853629835,1562.2365020967015,536.4423073776566,1025.794194719045,10.0,79.14400138854981,1376.6699239758996
2024-01-01,store_1,item_13,42.99815228874245,68.19,0,0.0,1,0,1,0,0.49999999999999994,0.8660254037844387,0.0,1.0,40.0,40.0,44.0,38.0,42.285713,2.6276913,43.142857,3.3248978,42.0,4.9366355,-0.8571434,0.2857132,0.0,4.0,68.19,68.19,68.19,68.19,67.21571,3.577299,0.0,0.0,0.0,1.0,1.014495,0.27235314,-0.014495015,0.0,0.053221174,4649.8765,4.2368565,0.0,0.0,-0.0,42.0,42.0,42.0,39.84523339087309,42.99815228874245,47.46867822849906,no_promo,2717.046562202038,2932.0441095453057,3236.8892842916785,47.733,2669.3135604930535,2884.3111078363213,3189.156282582694,519.8427220896406,2669.3135604930535,10.0,66.4852523803711,2704.1890872456106
2024-01-01,store_1,item_14,25.431546331869416,70.38,0,0.0,1,0,1,0,0.49999999999999994,0.8660254037844387,0.0,1.0,22.0,24.0,20.0,22.0,25.857143,4.0999417,26.5,6.768138,24.642857,5.845,-0.6428566,1.2142868,-2.0,-6.0,70.38,70.38,70.38,68.369995,68.8725,4.431632,0.0,0.0,0.0,1.0293989,1.0218883,0.340168,-0.021888256,0.0,0.06434545,4953.344,4.268018,0.0,1.0,-0.0,24.642857,24.642857,24.642857,21.64763171993757,25.431546331869416,28.93689543419698,no_promo,1523.56026099221,1789.8721609871413,2036.5786211812265,49.266,1474.294262151878,1740.6061621468093,1987.3126223408944,513.0183601890164,1474.294262151878,10.0,91.49399642944336,1785.1598720204315
2024-01-01,store_1,item_15,22.792047404147336,56.62,0,0.0,1,0,1,0,0.49999999999999994,0.8660254037844387,0.0,1.0,18.0,24.0,22.0,21.0,23.714285,4.5355735,22.285715,4.905704,21.142857,4.6723323,1.4285698,2.5714283,-6.0,-8.0,56.62,56.62,56.62,56.62,56.62,0.0,0.0,0.0,0.0,1.0,1.0,0.0,0.0,0.0,0.0,3205.8242,4.0538697,0.0,0.0,0.0,21.142857,21.142857,21.142857,18.997174066229086,22.792047404147336,26.933934039420397,no_promo,1075.6199753387198,1290.4856996782892,1524.9993165434375,39.634,1035.9859764678702,1250.8517008074396,1485.365317672588,449.3793412047178,1035.9859764678702,10.0,73.6059986114502,1246.037108017076
2024-01-01,store_1,item_16,32.692481707787984,43.08,0,0.0,1,0,1,0,0.49999999999999994,0.8660254037844387,0.0,1.0,35.0,30.0,34.0,31.0,35.714287,3.6384194,32.57143,5.774137,30.892857,4.9765325,3.1428566,4.82143,5.0,9.0,43.08,43.08,43.08,41.84857,42.772144,1.6290274,0.0,0.0,0.0,1.0294259,1.0071976,0.1889823,-0.0071976185,0.0,0.038086176,1855.8866,3.7860062,0.0,1.0,-0.0,30.892857,30.892857,30.892857,28.719441431907093,32.692481707787984,36.99413335795774,no_promo,1237.2335894734254,1408.3921718332283,1593.7073327991009,30.156,1207.0775893360963,1378.2361716958992,1563.5513326617718,356.4737433256755,1207.0775893360963,10.0,56.0040023803711,1379.121854775008
2024-01-01,store_1,item_17,18.457100700298522,62.32,0,0.0,1,0,1,0,0.49999999999999994,0.8660254037844387,0.0,1.0,13.0,18.0,17.0,17.0,16.428572,4.5773773,18.571428,5.6393437,17.392857,4.954155,-2.1428566,-0.9642849,-5.0,-6.0,62.32,62.32,62.32,62.32,60.985,3.9245307,0.0,0.0,0.0,1.0,1.0218906,0.34016773,-0.02189064,0.0,0.06435239,3883.7825,4.1482015,0.0,0.0,-0.0,17.392857,17.392857,17.392857,14.257666192576478,18.457100700298522,22.16921335754951,no_promo,888.5377527702717,1150.2465100099437,1381.5853696769784,43.624,844.9137522209553,1106.6225094606273,1337.961369127662,493.0476169067067,844.9137522209553,10.0,81.01599960327148,1099.5851615666734
2024-01-01,store_1,item_18,42.09789006118171,71.7,0,0.0,1,0,1,0,0.49999999999999994,0.8660254037844387,0.0,1.0,30.0,42.0,37.0,35.0,41.857143,10.605479,42.0,8.575457,39.642857,7.4147716,-0.1428566,2.2142868,-12.0,-17.0,71.7,71.7,71.7,71.7,71.18785,2.7100046,0.0,0.0,0.0,1.0,1.0071943,0.18898338,-0.0071942806,0.0,0.038068358,5140.8896,4.286341,0.0,0.0,-0.0,39.642857,39.642857,39.642857,38.170064847973855,42.09789006118171,45.304339758867656,no_promo,2736.793533113932,3018.4185889141636,3248.321022452938,50.19,2686.603534487223,2968.2285902874546,3198.131023826229,511.527489339006,2686.603534487223,10.0,93.20999603271484,2946.5911799029486
2024-01-01,store_1,item_19,14.497702925499025,40.82,0,0.0,1,0,1,0,0.49999999999999994,0.8660254037844387,0.0,1.0,15.0,13.0,13.0,10.0,15.857142,3.9761193,14.571428,3.4799268,13.714286,3.2869792,1.2857141,2.1428566,2.0,2.0,40.82,40.82,40.82,40.82,40.82,0.0,0.0,0.0,0.0,1.0,1.0,0.0,0.0,0.0,0.0,1666.2723,3.7333746,0.0,0.0,0.0,13.714286,13.714286,13.714286,10.575228225057234,14.497702925499025,18.887337814502104,no_promo,431.68081291953274,591.7962289945224,770.9811238240178,28.574,403.1068135146255,563.2222295896152,742.4071244191106,339.30031090448506,403.1068135146255,10.0,36.737999725341794,582.5361603183487
2024-01-01,store_1,item_2,41.647435715549236,38.55,0,0.0,1,0,1,0,0.49999999999999994,0.8660254037844387,0.0,1.0,35.0,42.0,40.0,33.0,40.42857,6.7541876,39.92857,5.6359324,39.464287,7.4658837,0.5,0.964283,-7.0,-9.0,38.55,38.55,38.55,38.55,37.999287,2.022065,0.0,0.0,0.0,1.0,1.0144928,0.27235144,-0.01449275,0.0,0.053213235,1486.1024,3.6775656,0.0,0.0,-0.0,39.464287,39.464287,39.464287,37.807646047232886,41.647435715549236,44.952873577391856,no_promo,1457.4847262758828,1605.5086150599511,1732.9332421121353,26.984999,1430.49972757288,1578.5236163569482,1705.9482434091324,275.44851583625245,1430.49972757288,10.0,50.114999008178714,1448.807759964844
2024-01-01,store_1,item_20,57.178440154481855,12.2,0,0.0,1,0,1,0,0.49999999999999994,0.8660254037844387,0.0,1.0,62.0,45.0,47.0,45.0,51.285713,7.0878835,51.214287,11.715726,48.07143,9.626078,0.07142639,3.214283,17.0,19.0,12.2,15.24,15.24,14.805714,14.914286,0.95751,0.0,-0.19947505,-0.19947505,0.82400614,0.8180076,-2.8347306,0.18199241,0.19947505,0.064200856,148.84,2.580217,0.0,1.0,0.0,48.07143,48.07143,48.07143,53.0154020215526,57.178440154481855,63.98362917451348,no_promo,646.7878945510563,697.5769589787567,780.6002637251557,8.54,638.2478945892033,689.0369590169037,772.0602637633027,133.81236917409944,638.2478945892033,10.0,14.944999766349794,878.4378267211671
2024-01-01,store_1,item_21,41.713076549601126,27.45,0,0.0,1,0,1,0,0.49999999999999994,0.8660254037844387,0.0,1.0,31.0,38.0,42.0,39.0,46.285713,13.31308,43.07143,10.21661,41.214287,9.769026,3.214283,5.0714264,-7.0,-3.0,27.45,27.45,27.45,25.88143,26.665714,1.9563528,0.0,0.0,0.0,1.060606,1.0294117,0.40089196,-0.029411674,0.0,0.073365845,753.50256,3.348148,0.0,2.0,-0.0,41.214287,41.214287,41.214287,36.99843544601676,41.713076549601126,44.499504047150786,no_promo,1015.6070812207261,1145.0239831111028,1221.5114200447163,19.215,996.3920810681382,1125.808982958515,1202.2964198921284,205.9043388239902,996.3920810681382,10.0,35.68500099182129,1051.093244159128
2024-01-01,store_1,item_22,21.07124743023709,47.59,0,0.0,1,0,1,0,0.49999999999999994,0.8660254037844387,0.0,1.0,17.0,13.0,18.0,18.0,20.428572,5.287001,19.857143,4.8810015,20.892857,4.9765325,0.5714283,-0.4642849,4.0,9.0,47.59,47.59,47.59,47.59,46.23,3.3924363,0.0,0.0,0.0,1.0,1.0294181,0.4008919,-0.02941811,0.0,0.07338171,2264.808,3.8834178,0.0,0.0,-0.0,20.892857,20.892857,20.892857,16.783164031484535,21.07124743023709,24.431905735315315,no_promo,798.7107788192566,1002.7806684202003,1162.7143976716688,33.313,765.3977790939148,969.4676686948585,1129.401397946327,364.0036188524123,765.3977790939148,10.0,61.86700019836426,1019.9554160799293
2024-01-01,store_1,item_23,12.535393743349019,46.82,0,0.0,1,0,1,0,0.49999999999999994,0.8660254037844387,0.0,1.0,10.0,6.0,16.0,13.0,11.428572,3.5523298,11.285714,4.027379,11.785714,3.499811,0.14285755,-0.35714245,4.0,14.0,46.82,46.82,46.82,46.82,46.485714,1.7688738,0.0,0.0,0.0,1.0,1.0071912,0.18898214,-0.007191181,0.0,0.03805199,2192.1123,3.867444,0.0,0.0,-0.0,11.785714,11.785714,11.785714,8.518409749846226,12.535393743349019,16.26970116956659,no_promo,398.83194188818794,586.9071312381025,761.7474037939891,32.774,366.0579436276899,554.1331329776044,728.973405533491,362.9154619058011,366.0579436276899,10.0,60.86599960327148,587.5828099070152
2024-01-01,store_1,item_24,41.968910760594454,19.06,0,0.0,1,0,1,0,0.49999999999999994,0.8660254037844387,0.0,1.0,31.0,44.0,35.0,38.0,42.857143,12.64158,40.642857,10.3819895,39.25,8.461788,2.2142868,3.6071434,-13.0,-22.0,19.06,19.06,19.06,18.515715,18.923927,0.7200222,0.0,0.0,0.0,1.0293957,1.0071903,0.18898302,-0.0071903467,0.0,0.03804824,363.28357,2.9987278,0.0,1.0,-0.0,39.25,39.25,39.25,37.7646626647421,41.968910760594454,45.65566978064758,no_promo,719.7944502214787,799.9274166831138,870.1970416363846,13.341999,706.4524511675236,786.5854176291588,856.8550425824295,150.40259141490594,706.4524511675236,10.0,24.7779993057251,778.8285518425331
2024-01-01,store_1,item_25,38.47680685552073,89.21,0,0.0,1,0,1,0,0.49999999999999994,0.8660254037844387,0.0,1.0,33.0,39.0,31.0,27.0,37.142857,7.1514235,38.92857,7.5392747,37.17857,7.3436975,-1.7857132,-0.035713196,-6.0,-14.0,89.21,89.21,89.21,89.21,87.29857,5.6190705,0.0,0.0,0.0,1.0,1.0218953,0.34016836,-0.02189529,0.0,0.064366125,7958.424,4.50214,0.0,0.0,-0.0,37.17857,37.17857,37.17857,34.027440409865775,38.47680685552073,41.68684996559153,no_promo,3035.5879278110738,3432.5159043544354,3718.883847264969,62.447,2973.1409292148824,3370.068905758244,3656.4368486687777,683.2959194538953,2973.1409292148824,10.0,115.97299880981446,3490.8260104615533
2024-01-01,store_1,item_26,40.704527219891844,47.67,0,0.0,1,0,1,0,0.49999999999999994,0.8660254037844387,0.0,1.0,31.0,40.0,36.0,53.0,38.714287,6.725927,38.42857,6.767732,37.67857,7.0398526,0.285717,1.035717,-9.0,-13.0,47.67,47.67,38.14,47.67,47.32964,1.8010005,0.0,0.0,0.24986887,1.0,1.0071912,0.18898304,-0.007191181,0.0,0.038052276,2272.4287,3.8850627,0.0,0.0,-0.0,37.67857,37.67857,37.67857,36.30452919846745,40.704527219891844,43.890899395017414,no_promo,1730.636840415365,1940.3847380400289,2092.279093793843,33.369,1697.2678409341638,1907.0157385588277,2058.910094312642,361.642253378478,1697.2678409341638,10.0,61.97099761962891,1832.9460600947814
2024-01-01,store_1,item_27,41.412285275756105,67.62,0,0.0,1,0,1,0,0.49999999999999994,0.8660254037844387,0.0,1.0,34.0,38.0,39.0,41.0,42.714287,7.867958,40.92857,7.5392747,40.07143,6.6939917,1.785717,2.6428566,-4.0,-3.0,67.62,67.62,67.62,65.688576,66.17143,4.258401,0.0,0.0,0.0,1.0294027,1.0218911,0.34016758,-0.021891117,0.0,0.06435407,4572.465,4.2285843,0.0,1.0,-0.0,40.07143,40.07143,40.07143,37.617557549730925,41.412285275756105,45.601335360644036,no_promo,2543.699344832513,2800.2988440888666,3083.562422334558,47.334,2496.365345198724,2752.9648444550776,3036.228422700769,539.8630775020451,2496.365345198724,10.0,87.90600357055665,2581.62874005036
2024-01-02,store_1,item_1,54.98525665542328,21.3,0,0.0,1,1,1,0,0.49999999999999994,0.8660254037844387,0.7818314824680298,0.6234898018587336,48.83491,51.0,49.0,48.0,48.119274,8.109639,47.845352,7.0893326,47.136963,10.528342,0.27392197,0.98231125,-2.1650887,-4.1650887,21.3,21.3,21.3,21.3,20.995714,1.1172496,0.0,0.0,0.0,0.9999999,1.0144926,0.27235165,-0.014492631,0.0,0.053213216,453.68997,3.1045866,0.0,0.0,-0.0,47.136963,47.136963,47.136963,51.15451137428151,54.98525665542328,60.636481037212505,no_promo,1089.5910532444013,1171.185924810094,1291.5569998306626,14.909999,1074.6810543506635,1156.2759259163563,1276.6470009369248,201.96594658626123,1074.6810543506635,10.0,27.689999008178713,960.5376904331911
2024-01-02,store_1,item_10,27.872042612283995,20.59,0,0.0,1,1,1,0,0.49999999999999994,0.8660254037844387,0.7818314824680298,0.6234898018587336,24.804882,29.0,28.0,22.0,23.400698,6.520911,24.700348,6.1568036,22.99303,5.454377,-1.2996502,0.40766716,-4.195118,-5.195118,20.59,20.59,20.59,20.59,20.442858,0.77860695,0.0,0.0,0.0,0.9999999,1.0071976,0.18898138,-0.0071976185,0.0,0.038086988,423.94812,3.0722303,0.0,0.0,-0.0,22.99303,22.99303,22.99303,23.793515791056166,27.872042612283995,31.296321205813413,no_promo,489.90849376844886,573.8853616398636,644.3912584031378,14.413,475.49549366163734,559.4723615330521,629.9782582963263,154.48276463468898,475.49549366163734,10.0,26.767000198364258,480.8890615945379
2024-01-02,store_1,item_11,32.360777513926784,52.2,0,0.0,1,1,1,0,0.49999999999999994,0.8660254037844387,0.7818314824680298,0.6234898018587336,29.117641,26.0,27.0,35.0,29.30252,7.31862,27.294117,7.0671144,26.861345,7.2263565,2.0084038,2.4411755,3.1176414,4.1176414,52.2,65.25,52.2,59.657143,62.919643,5.089774,0.0,-0.19999999,0.0,0.875,0.82962966,-2.1061132,0.17037034,0.19999999,0.08089325,2724.84,3.9740584,0.0,2.0,0.0,26.861345,26.861345,26.861345,29.80384023470328,32.360777513926784,43.0768540886941,no_promo,1555.7604829900367,1689.232610916292,2248.6118162948633,36.54,1519.2204820745094,1652.6926100007647,2212.071815379336,692.8513333048265,1519.2204820745094,10.0,63.945000934600834,1990.7141957281833
2024-01-02,store_1,item_12,25.08347894620082,60.88,0,0.0,1,1,1,0,0.49999999999999994,0.8660254037844387,0.7818314824680298,0.6234898018587336,22.506458,26.0,25.0,37.0,22.358065,5.6768394,23.464746,4.853387,21.768087,6.0054007,-1.1066818,0.58997726,-3.4935417,-4.4935417,60.88,60.88,48.7,60.88,59.14,4.3403225,0.0,0.0,0.25010267,1.0,1.0294217,0.40089217,-0.029421687,0.0,0.07339064,3706.3745,4.125197,0.0,0.0,-0.0,21.768087,21.768087,21.768087,21.277448835226423,25.08347894620082,28.84231647439662,no_promo,1295.371107815352,1527.0822250367519,1755.9202577681838,42.616,1252.7551066862015,1484.4662239076015,1713.3042566390334,460.54914995283184,1252.7551066862015,10.0,79.14400138854981,1376.6699239758996
2024-01-02,store_1,item_13,49.24154641330064,68.19,0,0.0,1,1,1,0,0.49999999999999994,0.8660254037844387,0.7818314824680298,0.6234898018587336,42.998154,43.0,43.0,48.0,42.714024,2.4299355,43.071297,3.3157995,42.178505,4.8766418,-0.3572731,0.53551865,-0.0018463135,-0.0018463135,68.19,68.19,68.19,68.19,67.21571,3.577299,0.0,0.0,0.0,1.0,1.014495,0.27235314,-0.014495015,0.0,0.053221174,4649.8765,4.2368565,0.0,0.0,-0.0,42.178505,42.178505,42.178505,44.98160498752315,49.24154641330064,54.29745499578282,no_promo,3067.295753917575,3357.78117014159,3702.5435887245767,47.733,3019.5627522085906,3310.0481684326055,3654.8105870155923,635.2478348070017,3019.5627522085906,10.0,66.4852523803711,2704.1890872456106
2024-01-02,store_1,item_14,28.178228965522056,70.38,0,0.0,1,1,1,0,0.49999999999999994,0.8660254037844387,0.7818314824680298,0.6234898018587336,25.431547,24.0,28.0,29.0,26.06165,4.0269203,26.887968,6.51793,24.765413,5.823469,-0.82631874,1.296236,1.4315472,5.431547,70.38,70.38,70.38,68.369995,68.8725,4.431632,0.0,0.0,0.0,1.0293989,1.0218883,0.340168,-0.021888256,0.0,0.06434545,4953.344,4.268018,0.0,1.0,-0.0,24.765413,24.765413,24.765413,24.45385275438696,28.178228965522056,32.146845999390436,no_promo,1721.0620896892417,1983.183677199625,2262.4949331431494,49.266,1671.7960908489097,1933.917678359293,2213.2289343028174,541.4328434539077,1671.7960908489097,10.0,91.49399642944336,1785.1598720204315
2024-01-02,store_1,item_15,25.885124481273383,56.62,0,0.0,1,1,1,0,0.49999999999999994,0.8660254037844387,0.7818314824680298,0.6234898018587336,22.792048,25.0,25.0,20.0,23.541721,4.5458593,22.342289,4.906723,21.20686,4.682565,1.1994324,2.3348618,-2.2079525,-2.2079525,56.62,56.62,56.62,56.62,56.62,0.0,0.0,0.0,0.0,1.0,1.0,0.0,0.0,0.0,0.0,3205.8242,4.0538697,0.0,0.0,0.0,21.20686,21.20686,21.20686,22.24411909635364,25.885124481273383,29.880602059959966,no_promo,1259.4619994762606,1465.615720481403,1691.839656719007,39.634,1219.828000605411,1425.9817216105534,1652.2056578481574,432.3776572427464,1219.828000605411,10.0,73.6059986114502,1246.037108017076
2024-01-02,store_1,item_16,36.014411739769244,43.08,0,0.0,1,1,1,0,0.49999999999999994,0.8660254037844387,0.7818314824680298,0.6234898018587336,32.692482,35.0,28.0,29.0,36.098927,3.0241024,32.478035,5.7598095,30.953302,4.988147,3.6208916,5.145624,-2.307518,-9.307518,43.08,43.08,43.08,41.84857,42.772144,1.6290274,0.0,0.0,0.0,1.0294259,1.0071976,0.1889823,-0.0071976185,0.0,0.038086176,1855.8866,3.7860062,0.0,1.0,-0.0,30.953302,30.953302,30.953302,32.32570159543946,36.014411739769244,41.3090194809516,no_promo,1392.5912839216594,1551.5009236936164,1779.5926348784685,30.156,1362.4352837843303,1521.3449235562873,1749.4366347411394,387.0013509568091,1362.4352837843303,10.0,56.0040023803711,1379.121854775008
2024-01-02,store_1,item_17,20.554082312282347,62.32,0,0.0,1,1,1,0,0.49999999999999994,0.8660254037844387,0.7818314824680298,0.6234898018587336,18.4571,19.0,25.0,22.0,16.493872,4.6066976,18.675507,5.6215286,17.444897,4.957527,-2.181635,-0.951025,-0.5429001,5.4571,62.32,62.32,62.32,62.32,60.985,3.9245307,0.0,0.0,0.0,1.0,1.0218906,0.34016773,-0.02189064,0.0,0.06435239,3883.7825,4.1482015,0.0,0.0,-0.0,17.444897,17.444897,17.444897,16.455821484236445,20.554082312282347,24.057823643872368,no_promo,1025.526789875697,1280.9304034288277,1499.283562144261,43.624,981.9027893263806,1237.3064028795113,1455.6595615949445,473.75677226856396,981.9027893263806,10.0,81.01599960327148,1099.5851615666734
2024-01-02,store_1,item_18,47.8464713090591,71.7,0,0.0,1,1,1,0,0.49999999999999994,0.8660254037844387,0.7818314824680298,0.6234898018587336,42.09789,48.0,48.0,39.0,41.871128,10.605763,42.364136,8.45419,39.896355,7.371367,-0.49300766,1.9747734,-5.902111,-5.902111,71.7,71.7,71.7,71.7,71.18785,2.7100046,0.0,0.0,0.0,1.0,1.0071943,0.18898338,-0.0071942806,0.0,0.038068358,5140.8896,4.286341,0.0,0.0,-0.0,39.896355,39.896355,39.896355,43.890368720145915,47.8464713090591,51.909365056947564,no_promo,3146.9393032916864,3430.591846843695,3721.90131616833,50.19,3096.7493046649774,3380.401848216986,3671.711317541621,574.9620128766437,3096.7493046649774,10.0,93.20999603271484,2946.5911799029486
2024-01-02,store_1,item_19,17.066728056767857,40.82,0,0.0,1,1,1,0,0.49999999999999994,0.8660254037844387,0.7818314824680298,0.6234898018587336,14.497703,18.0,17.0,19.0,16.0711,3.8345253,14.678408,3.4508014,13.874918,3.2076855,1.3926926,2.1961823,-3.5022974,-4.5022974,40.82,40.82,40.82,40.82,40.82,0.0,0.0,0.0,0.0,1.0,1.0,0.0,0.0,0.0,0.0,1666.2723,3.7333746,0.0,0.0,0.0,13.874918,13.874918,13.874918,12.12184354387889,17.066728056767857,21.247193062364225,no_promo,494.81364976184324,696.6638340689119,867.310414321579,28.574,466.239650356936,668.0898346640047,838.7364149166717,372.4967645597357,466.239650356936,10.0,36.737999725341794,582.5361603183487
2024-01-02,store_1,item_2,47.46969653556347,38.55,0,0.0,1,1,1,0,0.49999999999999994,0.8660254037844387,0.7818314824680298,0.6234898018587336,41.647434,46.0,46.0,41.0,40.378204,6.7418194,40.046246,5.654706,39.77312,7.366774,0.33195877,0.60508347,-4.352566,-4.352566,38.55,38.55,38.55,38.55,37.999287,2.022065,0.0,0.0,0.0,1.0,1.0144928,0.27235144,-0.01449275,0.0,0.053213235,1486.1024,3.6775656,0.0,0.0,-0.0,39.77312,39.77312,39.77312,43.503611061365376,47.46969653556347,51.0002321710101,no_promo,1677.064173225014,1829.9567652294675,1966.05891128235,26.984999,1650.079174522011,1802.9717665264645,1939.073912579347,288.994738057336,1650.079174522011,10.0,50.114999008178714,1448.807759964844
2024-01-02,store_1,item_20,61.77614846416311,12.2,0,0.0,1,1,1,0,0.49999999999999994,0.8660254037844387,0.7818314824680298,0.6234898018587336,57.17844,49.0,52.0,48.0,53.02549,6.775628,51.94132,11.749854,48.506374,9.756412,1.0841713,4.5191154,8.17844,11.17844,12.2,15.24,15.24,14.3714285,14.805714,1.0832989,0.0,-0.19947505,-0.19947505,0.8489065,0.82400614,-2.4053485,0.17599386,0.19947505,0.07316762,148.84,2.580217,0.0,1.0,0.0,48.506374,48.506374,48.506374,59.859704225329025,61.77614846416311,71.99137550699584,no_promo,730.2883801316816,753.6689994799247,878.2947674540841,8.54,721.7483801698286,745.1289995180716,869.754767492231,148.00638732240247,721.7483801698286,10.0,14.944999766349794,878.4378267211671
2024-01-02,store_1,item_21,47.11631919978965,27.45,0,0.0,1,1,1,0,0.49999999999999994,0.8660254037844387,0.7818314824680298,0.6234898018587336,41.713078,47.0,47.0,39.0,46.816154,12.998173,43.050934,10.219213,41.31118,9.7597,3.7652206,5.5049744,-5.2869225,-5.2869225,27.45,27.45,27.45,25.88143,26.665714,1.9563528,0.0,0.0,0.0,1.060606,1.0294117,0.40089196,-0.029411674,0.0,0.073365845,753.50256,3.348148,0.0,2.0,-0.0,41.31118,41.31118,41.31118,43.39025489058223,47.11631919978965,51.704471323642,no_promo,1191.0625298506195,1293.3429979811247,1419.2877772813538,19.215,1171.8475296980316,1274.1279978285368,1400.072777128766,228.22524743073427,1171.8475296980316,10.0,35.68500099182129,1051.093244159128
2024-01-02,store_1,item_22,23.81867697299204,47.59,0,0.0,1,1,1,0,0.49999999999999994,0.8660254037844387,0.7818314824680298,0.6234898018587336,21.071247,26.0,16.0,24.0,21.581606,4.156064,20.076517,4.8600855,21.002544,4.9441504,1.5050888,0.5790615,-4.928753,-14.928753,47.59,47.59,38.07,47.59,46.23,3.3924363,0.0,0.0,0.25006568,1.0,1.0294181,0.4008919,-0.02941811,0.0,0.07338171,2264.808,3.8834178,0.0,0.0,-0.0,21.002544,21.002544,21.002544,19.428649780129412,23.81867697299204,27.38344568445642,no_promo,924.6094460009353,1133.5308407791329,1303.1781843016631,33.313,891.2964462755936,1100.217841053791,1269.8651845763213,378.5687383007278,891.2964462755936,10.0,61.86700019836426,1019.9554160799293
2024-01-02,store_1,item_23,14.290071297714622,46.82,0,0.0,1,1,1,0,0.49999999999999994,0.8660254037844387,0.7818314824680298,0.6234898018587336,12.535394,16.0,16.0,10.0,12.362199,2.62578,11.038242,3.816331,11.769121,3.4949386,1.3239565,0.59307766,-3.4646063,-3.4646063,46.82,46.82,46.82,46.82,46.485714,1.7688738,0.0,0.0,0.0,1.0,1.0071912,0.18898214,-0.007191181,0.0,0.03805199,2192.1123,3.867444,0.0,0.0,-0.0,11.769121,11.769121,11.769121,10.314298954062378,14.290071297714622,18.374260304103043,no_promo,482.91547388152634,669.0611337980149,860.2828618307252,32.774,450.1414756210283,636.2871355375169,827.5088635702272,377.36738794919887,450.1414756210283,10.0,60.86599960327148,587.5828099070152
2024-01-02,store_1,item_24,47.41403087185649,19.06,0,0.0,1,1,1,0,0.49999999999999994,0.8660254037844387,0.7818314824680298,0.6234898018587336,41.96891,68.0,48.0,44.0,42.566986,12.634283,41.140636,10.256937,39.391747,8.473308,1.4263496,3.1752396,-26.03109,-46.03109,19.06,15.25,19.06,18.515715,18.923927,0.7200222,0.0,0.24983601,0.0,1.0293957,1.0071903,0.18898302,-0.0071903467,-0.24983601,0.03804824,363.28357,2.9987278,1.0,1.0,-0.0,39.391747,39.391747,39.391747,43.277850115594575,47.41403087185649,51.29241884034221,no_promo,824.8758000903671,903.7114030957604,977.6334757038155,13.341999,811.533801036412,890.3694040418053,964.2914766498604,152.75767561344844,811.533801036412,10.0,24.7779993057251,778.8285518425331
2024-01-02,store_1,item_25,44.345327507070884,89.21,0,0.0,1,1,1,0,0.49999999999999994,0.8660254037844387,0.7818314824680298,0.6234898018587336,38.476807,42.0,48.0,37.0,37.068115,7.131485,39.462627,7.19122,37.58846,7.0697193,-2.3945122,-0.5203438,-3.5231934,2.4768066,89.21,89.21,89.21,89.21,87.29857,5.6190705,0.0,0.0,0.0,1.0,1.0218953,0.34016836,-0.02189529,0.0,0.064366125,7958.424,4.50214,0.0,0.0,-0.0,37.58846,37.58846,37.58846,40.10098351280146,44.345327507070884,47.73671085975282,no_promo,3577.4087024634714,3956.0466263064336,4258.591932094285,62.447,3514.96170386728,3893.599627710242,4196.144933498093,681.1832296308135,3514.96170386728,10.0,115.97299880981446,3490.8260104615533
2024-01-02,store_1,item_26,45.075923589581954,47.67,0,0.0,1,1,1,0,0.49999999999999994,0.8660254037844387,0.7818314824680298,0.6234898018587336,40.70453,41.0,45.0,34.0,38.814934,6.7535872,38.76461,6.754655,37.23945,6.4034657,0.050323486,1.5754852,-0.2954712,3.7045288,47.67,47.67,47.67,47.67,47.67,0.0,0.0,0.0,0.0,1.0,1.0,0.0,0.0,0.0,0.0,2272.4287,3.8850627,0.0,0.0,0.0,37.23945,37.23945,37.23945,40.89395303364231,45.075923589581954,50.0834626633926,no_promo,1949.4146662346645,2148.7691949788905,2387.478573458366,33.369,1916.0456667534634,2115.4001954976893,2354.109573977165,438.06390722370156,1916.0456667534634,10.0,61.97099761962891,1832.9460600947814
2024-01-02,store_1,item_27,47.259524951559975,67.62,0,0.0,1,1,1,0,0.49999999999999994,0.8660254037844387,0.7818314824680298,0.6234898018587336,41.412285,44.0,48.0,43.0,43.201756,7.6292844,41.100876,7.5193467,40.086155,6.696563,2.1008797,3.1156006,-2.5877151,1.4122849,67.62,67.62,67.62,65.688576,66.17143,4.258401,0.0,0.0,0.0,1.0294027,1.0218911,0.34016758,-0.021891117,0.0,0.06435407,4572.465,4.2285843,0.0,1.0,-0.0,40.086155,40.086155,40.086155,42.396199782654826,47.259524951559975,51.31417893652989,no_promo,2866.83114574776,3195.6892070266476,3469.8649206267532,47.334,2819.4971461139708,3148.3552073928586,3422.530920992964,603.0337748789934,2819.4971461139708,10.0,87.90600357055665,2581.62874005036
2024-01-03,store_1,item_1,57.23516029848713,21.3,0,0.0,1,2,1,0,0.49999999999999994,0.8660254037844387,0.9749279121818236,-0.22252093395631434,54.985256,58.0,58.0,55.0,48.688595,8.477143,48.27287,7.340344,47.386433,10.631801,0.4157257,1.3021622,-3.0147438,-3.0147438,21.3,21.3,21.3,21.3,20.995714,1.1172496,0.0,0.0,0.0,0.9999999,1.0144926,0.27235165,-0.014492631,0.0,0.053213216,453.68997,3.1045866,0.0,0.0,-0.0,47.386433,47.386433,47.386433,53.78924547873768,57.23516029848713,62.73915443106426,no_promo,1145.7108876591751,1219.108870690814,1336.3439415154926,14.909999,1130.8008887654373,1204.1988717970762,1321.4339426217548,190.63305385631747,1130.8008887654373,10.0,27.689999008178713,960.5376904331911
2024-01-03,store_1,item_10,28.999060424216882,20.59,0,0.0,1,2,1,0,0.49999999999999994,0.8660254037844387,0.9749279121818236,-0.22252093395631434,27.872042,30.0,31.0,21.0,23.239561,6.371717,24.69121,6.1516213,23.202747,5.5271835,-1.4516487,0.036813736,-2.1279583,-1.1279583,20.59,20.59,20.59,20.59,20.442858,0.77860695,0.0,0.0,0.0,0.9999999,1.0071976,0.18898138,-0.0071976185,0.0,0.038086988,423.94812,3.0722303,0.0,0.0,-0.0,23.202747,23.202747,23.202747,24.58109065921114,28.999060424216882,32.60991469225465,no_promo,506.12466042393413,597.0906585595311,671.4381484894013,14.413,491.7116603171226,582.6776584527196,657.0251483825898,165.3134880654672,491.7116603171226,10.0,26.767000198364258,480.8890615945379
2024-01-03,store_1,item_11,33.63252372682702,52.2,0,0.0,1,2,1,0,0.49999999999999994,0.8660254037844387,0.9749279121818236,-0.22252093395631434,32.36078,25.0,39.0,28.0,30.211203,7.234634,27.67703,7.194042,26.767086,7.132875,2.534172,3.4441166,7.360779,21.360779,52.2,65.25,65.25,57.79286,62.919643,5.089774,0.0,-0.19999999,-0.19999999,0.9032258,0.82962966,-2.1061132,0.17037034,0.19999999,0.08089325,2724.84,3.9740584,0.0,2.0,0.0,26.767086,26.767086,26.767086,30.5192648649783,33.63252372682702,43.95785962845065,no_promo,1593.1056492362186,1755.6177641999495,2294.6003061423094,36.54,1556.5656483206913,1719.0777632844222,2258.060305226782,701.4946569060908,1556.5656483206913,10.0,63.945000934600834,1990.7141957281833
2024-01-03,store_1,item_12,26.4649176573781,60.88,0,0.0,1,2,1,0,0.49999999999999994,0.8660254037844387,0.9749279121818236,-0.22252093395631434,25.083479,30.0,28.0,17.0,22.227135,5.588727,23.470709,4.8554688,21.342497,5.2622333,-1.2435741,0.88463783,-4.916521,-6.916521,60.88,60.88,60.88,60.88,59.575,3.8363395,0.0,0.0,0.0,1.0,1.0219052,0.34016803,-0.021905184,0.0,0.06439512,3706.3745,4.125197,0.0,0.0,-0.0,21.342497,21.342497,21.342497,21.760638761608597,26.4649176573781,30.101500275601925,no_promo,1324.787711049601,1611.1842152487604,1832.5793689305162,42.616,1282.1717099204507,1568.56821411961,1789.9633678013658,507.7916578809152,1282.1717099204507,10.0,79.14400138854981,1376.6699239758996
2024-01-03,store_1,item_13,51.738025081874696,68.19,0,0.0,1,2,1,0,0.49999999999999994,0.8660254037844387,0.9749279121818236,-0.22252093395631434,49.241547,44.0,45.0,46.0,43.60567,3.4734478,43.51712,3.702526,42.222847,4.936807,0.08855057,1.382824,5.2415466,6.2415466,68.19,68.19,68.19,68.19,67.21571,3.577299,0.0,0.0,0.0,1.0,1.014495,0.27235314,-0.014495015,0.0,0.053221174,4649.8765,4.2368565,0.0,0.0,-0.0,42.222847,42.222847,42.222847,46.174760193314796,51.738025081874696,56.812804626427784,no_promo,3148.657010313484,3528.0160566465734,3874.065286179247,47.733,3100.9240086044997,3480.283054937589,3826.3322844702625,725.4082758657628,3100.9240086044997,10.0,66.4852523803711,2704.1890872456106
2024-01-03,store_1,item_14,30.287205312248265,70.38,0,0.0,1,2,1,0,0.49999999999999994,0.8660254037844387,0.9749279121818236,-0.22252093395631434,28.178228,34.0,29.0,30.0,26.658539,3.9797845,26.900698,6.5204425,24.736063,5.8033733,-0.24215889,1.9224758,-5.8217716,-10.821772,70.38,70.38,70.38,68.369995,68.8725,4.431632,0.0,0.0,0.0,1.0293989,1.0218883,0.340168,-0.021888256,0.0,0.06434545,4953.344,4.268018,0.0,1.0,-0.0,24.736063,24.736063,24.736063,26.165211980452423,30.287205312248265,34.14665014415922,no_promo,1841.5075473193403,2131.613426689739,2403.24114335935,49.266,1792.2415484790083,2082.347427849407,2353.975144519018,561.7335960400098,1792.2415484790083,10.0,91.49399642944336,1785.1598720204315
2024-01-03,store_1,item_15,27.031933877564125,56.62,0,0.0,1,2,1,0,0.49999999999999994,0.8660254037844387,0.9749279121818236,-0.22252093395631434,25.885124,29.0,24.0,28.0,23.668167,4.605107,22.405512,4.949121,21.417042,4.757863,1.2626553,2.2511253,-3.1148758,-8.114876,56.62,56.62,56.62,56.62,56.62,0.0,0.0,0.0,0.0,1.0,1.0,0.0,0.0,0.0,0.0,3205.8242,4.0538697,0.0,0.0,0.0,21.417042,21.417042,21.417042,23.402719503107527,27.031933877564125,30.85853551825612,no_promo,1325.061953269147,1530.5480672744604,1747.2102480831895,39.634,1285.4279543982973,1490.9140684036108,1707.57624921234,422.14829481404263,1285.4279543982973,10.0,73.6059986114502,1246.037108017076
2024-01-03,store_1,item_16,38.53037700675119,43.08,0,0.0,1,2,1,0,0.49999999999999994,0.8660254037844387,0.9749279121818236,-0.22252093395631434,36.014412,37.0,36.0,34.0,36.243843,2.9867394,33.05049,5.6782007,31.203817,5.062007,3.1933517,5.0400257,-0.9855881,-1.9855881,43.08,43.08,43.08,41.84857,42.772144,1.6290274,0.0,0.0,0.0,1.0294259,1.0071976,0.1889823,-0.0071976185,0.0,0.038086176,1855.8866,3.7860062,0.0,1.0,-0.0,31.203817,31.203817,31.203817,35.16396438859092,38.53037700675119,43.137562578747335,no_promo,1514.8636502476386,1659.8887120020686,1858.3662748796714,30.156,1484.7076501103095,1629.7327118647395,1828.2102747423423,343.50262463203285,1484.7076501103095,10.0,56.0040023803711,1379.121854775008
2024-01-03,store_1,item_17,20.984352005596776,62.32,0,0.0,1,2,1,0,0.49999999999999994,0.8660254037844387,0.9749279121818236,-0.22252093395631434,20.554083,25.0,32.0,18.0,16.715883,4.7817287,18.357943,5.356079,17.393257,4.9156756,-1.6420593,-0.6773739,-4.445917,2.5540829,62.32,62.32,62.32,62.32,60.985,3.9245307,0.0,0.0,0.0,1.0,1.0218906,0.34016773,-0.02189064,0.0,0.06435239,3883.7825,4.1482015,0.0,0.0,-0.0,17.393257,17.393257,17.393257,16.644078246508702,20.984352005596776,25.350270620098154,no_promo,1037.2589512430527,1307.744810584875,1579.8288573082284,43.624,993.6349506937363,1264.1208100355586,1536.204856758912,542.5699060651757,993.6349506937363,10.0,81.01599960327148,1099.5851615666734
2024-01-03,store_1,item_18,49.972382351913325,71.7,0,0.0,1,2,1,0,0.49999999999999994,0.8660254037844387,0.9749279121818236,-0.22252093395631434,47.84647,59.0,47.0,43.0,41.849194,10.5911255,42.35317,8.446413,40.2123,7.5196195,-0.5039749,1.6368942,-11.15353,-23.15353,71.7,71.7,71.7,71.7,71.18785,2.7100046,0.0,0.0,0.0,1.0,1.0071943,0.18898338,-0.0071942806,0.0,0.038068358,5140.8896,4.286341,0.0,0.0,-0.0,40.2123,40.2123,40.2123,46.16093974816948,49.972382351913325,54.61297093505713,no_promo,3309.739239071743,3583.0196621285772,3915.7498493780354,50.19,3259.5492404450342,3532.8296635018683,3865.5598507513264,606.0106103062922,3259.5492404450342,10.0,93.20999603271484,2946.5911799029486
2024-01-03,store_1,item_19,17.55154779067736,40.82,0,0.0,1,2,1,0,0.49999999999999994,0.8660254037844387,0.9749279121818236,-0.22252093395631434,17.066729,16.0,14.0,11.0,15.937776,3.7719955,14.683173,3.454299,13.805873,3.112682,1.2546024,2.1319027,1.0667286,-0.9332714,40.82,40.82,40.82,40.82,40.82,0.0,0.0,0.0,0.0,1.0,1.0,0.0,0.0,0.0,0.0,1666.2723,3.7333746,0.0,0.0,0.0,13.805873,13.805873,13.805873,12.437576756031147,17.55154779067736,21.578597026198192,no_promo,507.7018793855442,716.4541754591426,880.838324024145,28.574,479.127879980637,687.8801760542353,852.2643246192378,373.1364446386008,479.127879980637,10.0,36.737999725341794,582.5361603183487
2024-01-03,store_1,item_2,49.30981931962309,38.55,0,0.0,1,2,1,0,0.49999999999999994,0.8660254037844387,0.9749279121818236,-0.22252093395631434,47.469696,46.0,42.0,42.0,40.58816,6.9652576,40.151222,5.7858596,40.004185,7.5068116,0.43693924,0.58397675,1.469696,-2.530304,38.55,38.55,38.55,38.55,37.999287,2.022065,0.0,0.0,0.0,1.0,1.0144928,0.27235144,-0.01449275,0.0,0.053213235,1486.1024,3.6775656,0.0,0.0,-0.0,40.004185,40.004185,40.004185,45.02742024267259,49.30981931962309,53.27497225060175,no_promo,1735.807016001833,1900.8934971510635,2053.750139615119,26.984999,1708.8220172988301,1873.9084984480605,2026.7651409121163,317.94312361328616,1708.8220172988301,10.0,50.114999008178714,1448.807759964844
2024-01-03,store_1,item_20,62.779036920924646,12.2,0,0.0,1,2,1,0,0.49999999999999994,0.8660254037844387,0.9749279121818236,-0.22252093395631434,61.77615,56.0,85.0,53.0,54.850655,7.2169437,52.639614,12.040514,48.99838,10.072178,2.2110405,5.852276,5.7761497,34.77615,12.2,15.24,15.24,13.937142,14.697143,1.1856639,0.0,-0.19947505,-0.19947505,0.8753587,0.83009326,-2.1061118,0.16990674,0.19947505,0.08067308,148.84,2.580217,0.0,1.0,0.0,48.99838,48.99838,48.99838,63.34818062329316,62.779036920924646,79.24472955392052,no_promo,772.84779152147,765.9042384611297,966.7856854430977,8.54,764.3077915596169,757.3642384992767,958.2456854812447,193.93789392162773,764.3077915596169,10.0,14.944999766349794,878.4378267211671
2024-01-03,store_1,item_21,48.95381231448628,27.45,0,0.0,1,2,1,0,0.49999999999999994,0.8660254037844387,0.9749279121818236,-0.22252093395631434,47.116318,73.0,43.0,43.0,46.83277,12.998521,43.059242,10.222716,41.60105,9.80892,3.773529,5.23172,-25.883682,-55.883682,27.45,21.96,27.45,25.88143,26.665714,1.9563528,0.0,0.25000006,0.0,1.060606,1.0294117,0.40089196,-0.029411674,-0.25000006,0.073365845,753.50256,3.348148,1.0,2.0,-0.0,41.60105,41.60105,41.60105,44.743064093017345,48.95381231448628,53.70182786431041,no_promo,1228.197143489575,1343.782185381443,1474.1152158465638,19.215,1208.982143336987,1324.5671852288551,1454.900215693976,245.9180723569889,1208.982143336987,10.0,35.68500099182129,1051.093244159128
2024-01-03,store_1,item_22,25.331981683466715,47.59,0,0.0,1,2,1,0,0.49999999999999994,0.8660254037844387,0.9749279121818236,-0.22252093395631434,23.818678,27.0,22.0,25.0,21.269989,3.8392656,20.634995,4.8045235,20.996069,4.9401965,0.6349945,0.27392006,-3.181322,-8.181322,47.59,47.59,47.59,47.59,46.57,2.9985182,0.0,0.0,0.0,1.0,1.0219026,0.34016806,-0.021902561,0.0,0.06438734,2264.808,3.8834178,0.0,0.0,-0.0,20.996069,20.996069,20.996069,21.09243567528057,25.331981683466715,29.094384406916753,no_promo,1003.7890170050525,1205.5490121815346,1384.601758364619,33.313,970.4760172797107,1172.2360124561928,1351.2887586392771,380.8127413595664,970.4760172797107,10.0,61.86700019836426,1019.9554160799293
2024-01-03,store_1,item_23,14.844171905611663,46.82,0,0.0,1,2,1,0,0.49999999999999994,0.8660254037844387,0.9749279121818236,-0.22252093395631434,14.2900715,14.0,13.0,15.0,12.117924,2.2888763,10.916104,3.6698718,11.9223385,3.5085196,1.2018194,0.19558525,0.2900715,-0.7099285,46.82,46.82,46.82,46.82,46.485714,1.7688738,0.0,0.0,0.0,1.0,1.0071912,0.18898214,-0.007191181,0.0,0.03805199,2192.1123,3.867444,0.0,0.0,-0.0,11.9223385,11.9223385,11.9223385,10.712482042696777,14.844171905611663,18.62174371438049,no_promo,501.55840596987304,695.0041240906563,871.8700350243894,32.774,468.784407709375,662.2301258301583,839.0960367638913,370.31162905451635,468.784407709375,10.0,60.86599960327148,587.5828099070152
2024-01-03,store_1,item_24,49.016108593694064,19.06,0,0.0,1,2,1,0,0.49999999999999994,0.8660254037844387,0.9749279121818236,-0.22252093395631434,47.414032,45.0,49.0,48.0,39.626133,6.7560596,41.09878,10.227948,39.513676,8.566131,-1.4726486,0.112457275,2.414032,6.414032,19.06,19.06,19.06,19.06,18.923927,0.7200222,0.0,0.0,0.0,0.9999999,1.0071903,0.18898302,-0.0071903467,0.0,0.03804824,363.28357,2.9987278,0.0,0.0,-0.0,39.513676,39.513676,39.513676,44.52073670047842,49.016108593694064,52.58442649460334,no_promo,848.5652177344801,934.2470036183827,1002.2591409040261,13.341999,835.2232186805251,920.9050045644276,988.9171418500711,153.693923169546,835.2232186805251,10.0,24.7779993057251,778.8285518425331
2024-01-03,store_1,item_25,45.614654515836385,89.21,0,0.0,1,2,1,0,0.49999999999999994,0.8660254037844387,0.9749279121818236,-0.22252093395631434,44.34533,48.0,40.0,37.0,37.403164,7.449799,39.20158,6.9186335,37.850792,7.182456,-1.7984161,-0.44762802,-3.6546707,-11.654671,89.21,89.21,89.21,89.21,87.29857,5.6190705,0.0,0.0,0.0,1.0,1.0218953,0.34016836,-0.02189529,0.0,0.064366125,7958.424,4.50214,0.0,0.0,-0.0,37.850792,37.850792,37.850792,41.58228076939488,45.614654515836385,50.382469451013215,no_promo,3709.555229368002,4069.2832875963004,4494.620053598361,62.447,3647.1082307718107,4006.836289000109,4432.173055002169,785.0648242303587,3647.1082307718107,10.0,115.97299880981446,3490.8260104615533
2024-01-03,store_1,item_26,47.79326031958284,47.67,0,0.0,1,2,1,0,0.49999999999999994,0.8660254037844387,0.9749279121818236,-0.22252093395631434,45.075924,50.0,47.0,44.0,39.397205,7.1381354,38.77003,6.760074,37.635017,6.536658,0.6271744,1.762188,-4.924076,-7.924076,47.67,47.67,47.67,47.67,47.67,0.0,0.0,0.0,0.0,1.0,1.0,0.0,0.0,0.0,0.0,2272.4287,3.8850627,0.0,0.0,0.0,37.635017,37.635017,37.635017,43.40252405221617,47.79326031958284,52.109249852982394,no_promo,2068.99824209675,2278.304631922441,2484.0478450767846,33.369,2035.6292426155487,2244.9356324412397,2450.6788455955834,415.0496029800347,2035.6292426155487,10.0,61.97099761962891,1832.9460600947814
2024-01-03,store_1,item_27,49.1425080468412,67.62,0,0.0,1,2,1,0,0.49999999999999994,0.8660254037844387,0.9749279121818236,-0.22252093395631434,47.259525,53.0,48.0,42.0,43.6674,7.7840266,41.047985,7.469525,40.238277,6.812585,2.6194153,3.429123,-5.7404747,-10.740475,67.62,67.62,67.62,65.688576,66.17143,4.258401,0.0,0.0,0.0,1.0294027,1.0218911,0.34016758,-0.021891117,0.0,0.06435407,4572.465,4.2285843,0.0,1.0,-0.0,40.238277,40.238277,40.238277,44.062993042684845,49.1425080468412,52.75191898955116,no_promo,2979.539710568974,3323.0165291013313,3567.084906960922,47.334,2932.205710935185,3275.6825294675423,3519.750907327133,587.5451963919481,2932.205710935185,10.0,87.90600357055665,2581.62874005036
2024-01-04,store_1,item_1,53.13725618089801,21.3,0,0.0,1,3,1,0,0.49999999999999994,0.8660254037844387,0.43388373911755823,-0.900968867902419,57.23516,58.0,53.0,39.0,48.579334,8.3409605,48.21824,7.2648377,47.466263,10.69926,0.36109543,1.1130714,-0.7648392,-5.764839,21.3,21.3,21.3,21.3,20.995714,1.1172496,0.0,0.0,0.0,0.9999999,1.0144926,0.27235165,-0.014492631,0.0,0.053213216,453.68997,3.1045866,0.0,0.0,-0.0,47.466263,47.466263,47.466263,49.39068017439346,53.13725618089801,58.86685811611019,no_promo,1052.021450032482,1131.8235161126183,1253.8640329612983,14.909999,1037.1114511387443,1116.9135172188805,1238.9540340675605,201.84258292881623,1037.1114511387443,10.0,27.689999008178713,960.5376904331911
2024-01-04,store_1,item_10,27.433370597231434,20.59,0,0.0,1,3,1,0,0.49999999999999994,0.8660254037844387,0.43388373911755823,-0.900968867902419,28.99906,29.0,24.0,20.0,23.09657,6.2037334,24.548285,6.015509,23.488428,5.615136,-1.4517155,-0.39185905,-0.0009403229,-5.0009403,20.59,20.59,20.59,20.59,20.442858,0.77860695,0.0,0.0,0.0,0.9999999,1.0071976,0.18898138,-0.0071976185,0.0,0.038086988,423.94812,3.0722303,0.0,0.0,-0.0,23.488428,23.488428,23.488428,23.64666970307266,27.433370597231434,30.930676082618724,no_promo,486.8849327944615,564.8531047829954,636.8626252607662,14.413,472.47193268765,550.4401046761839,622.4496251539547,149.9776924663047,472.47193268765,10.0,26.767000198364258,480.8890615945379
2024-01-04,store_1,item_11,35.041059955935545,52.2,0,0.0,1,3,1,0,0.49999999999999994,0.8660254037844387,0.43388373911755823,-0.900968867902419,33.632523,45.0,26.0,27.0,31.44442,6.9275126,27.293638,6.6679807,26.968248,7.2474375,4.1507816,4.4761715,-11.367477,-30.367477,52.2,52.2,65.25,55.928574,62.45357,5.4530134,0.0,0.0,-0.19999999,0.93333334,0.8358209,-1.880349,0.16417909,0.0,0.08731308,2724.84,3.9740584,1.0,2.0,0.0,26.968248,26.968248,26.968248,27.373828882744824,35.041059955935545,40.24271470060225,no_promo,1428.9138885638538,1829.1433564340425,2100.669738074192,36.54,1392.3738876483264,1792.6033555185152,2064.1297371586647,671.7558495103383,1392.3738876483264,10.0,63.945000934600834,1990.7141957281833
2024-01-04,store_1,item_12,24.151994974485476,60.88,0,0.0,1,3,1,0,0.49999999999999994,0.8660254037844387,0.43388373911755823,-0.900968867902419,26.464918,27.0,27.0,20.0,21.722122,4.8846583,23.361061,4.761747,21.68053,5.2769313,-1.6389389,0.041591644,-0.53508186,-0.53508186,60.88,60.88,60.88,60.88,59.575,3.8363395,0.0,0.0,0.0,1.0,1.0219052,0.34016803,-0.021905184,0.0,0.06439512,3706.3745,4.125197,0.0,0.0,-0.0,21.68053,21.68053,21.68053,20.539864341915603,24.151994974485476,28.20012351844017,no_promo,1250.466963074764,1470.3734798437895,1716.823549923619,42.616,1207.8509619456136,1427.757478714639,1674.2075487944687,466.35658684885516,1207.8509619456136,10.0,79.14400138854981,1376.6699239758996
2024-01-04,store_1,item_13,47.32080701123018,68.19,0,0.0,1,3,1,0,0.49999999999999994,0.8660254037844387,0.43388373911755823,-0.900968867902419,51.738026,46.0,50.0,42.0,44.7111,4.651431,43.99841,4.2998614,42.427776,5.2108917,0.71269226,2.2833252,5.7380257,9.738026,68.19,68.19,68.19,68.19,67.21571,3.577299,0.0,0.0,0.0,1.0,1.014495,0.27235314,-0.014495015,0.0,0.053221174,4649.8765,4.2368565,0.0,0.0,-0.0,42.427776,42.427776,42.427776,43.85692511136418,47.32080701123018,52.226450877190594,no_promo,2990.6038304164945,3226.8059456251,3561.3218128216104,47.733,2942.87082870751,3179.0729439161155,3513.588811112626,570.7179824051159,2942.87082870751,10.0,66.4852523803711,2704.1890872456106
2024-01-04,store_1,item_14,27.470555343864202,70.38,0,0.0,1,3,1,0,0.49999999999999994,0.8660254037844387,0.43388373911755823,-0.900968867902419,30.287205,28.0,39.0,25.0,26.12814,2.9533317,26.992641,6.561269,24.74632,5.813267,-0.86450195,1.3818188,2.2872047,13.287205,70.38,70.38,70.38,68.369995,68.8725,4.431632,0.0,0.0,0.0,1.0293989,1.0218883,0.340168,-0.021888256,0.0,0.06434545,4953.344,4.268018,0.0,1.0,-0.0,24.74632,24.74632,24.74632,23.667893114061588,27.470555343864202,31.720004714447043,no_promo,1665.7462523618447,1933.377609651029,2232.453844681188,49.266,1616.4802535215126,1884.111610810697,2183.187845840856,566.7075923193433,1616.4802535215126,10.0,91.49399642944336,1785.1598720204315
2024-01-04,store_1,item_15,25.294964456024385,56.62,0,0.0,1,3,1,0,0.49999999999999994,0.8660254037844387,0.43388373911755823,-0.900968867902419,27.031935,29.0,26.0,21.0,23.387014,4.273469,22.62208,5.0886307,21.382467,4.711547,0.76493454,2.004547,-1.9680653,-4.9680653,56.62,56.62,56.62,56.62,56.62,0.0,0.0,0.0,0.0,1.0,1.0,0.0,0.0,0.0,0.0,3205.8242,4.0538697,0.0,0.0,0.0,21.382467,21.382467,21.382467,22.47955237321164,25.294964456024385,28.846762475734224,no_promo,1272.7922313604906,1432.2008604821638,1633.3036605644052,39.634,1233.158232489641,1392.5668616113142,1593.6696616935556,360.51142920391453,1233.158232489641,10.0,73.6059986114502,1246.037108017076
2024-01-04,store_1,item_16,35.17972300031548,43.08,0,0.0,1,3,1,0,0.49999999999999994,0.8660254037844387,0.43388373911755823,-0.900968867902419,38.530376,37.0,31.0,29.0,36.462467,3.1049843,33.231236,5.817862,31.365618,5.2244883,3.2312317,5.0968494,1.5303764,-4.4696236,43.08,43.08,43.08,41.84857,42.772144,1.6290274,0.0,0.0,0.0,1.0294259,1.0071976,0.1889823,-0.0071976185,0.0,0.038086176,1855.8866,3.7860062,0.0,1.0,-0.0,31.365618,31.365618,31.365618,31.58523301702267,35.17972300031548,40.288427543133274,no_promo,1360.6918962076256,1515.5425312695875,1735.6255323284956,30.156,1330.5358960702965,1485.3865311322584,1705.4695321911665,374.93363612087,1330.5358960702965,10.0,56.0040023803711,1379.121854775008
2024-01-04,store_1,item_17,19.700949021118465,62.32,0,0.0,1,3,1,0,0.49999999999999994,0.8660254037844387,0.43388373911755823,-0.900968867902419,20.984352,14.0,18.0,17.0,16.14222,3.7523146,17.57111,3.7730153,17.49984,4.9614596,-1.4288902,-1.3576202,6.984352,10.984352,62.32,62.32,62.32,62.32,60.985,3.9245307,0.0,0.0,0.0,1.0,1.0218906,0.34016773,-0.02189064,0.0,0.06435239,3883.7825,4.1482015,0.0,0.0,-0.0,17.49984,17.49984,17.49984,14.866788529232519,19.700949021118465,23.334386627763575,no_promo,926.4982566047868,1227.7631369838502,1454.1989675211364,43.624,882.8742560554704,1184.1391364345338,1410.57496697182,527.7007109163496,882.8742560554704,10.0,81.01599960327148,1099.5851615666734
2024-01-04,store_1,item_18,46.291559480493014,71.7,0,0.0,1,3,1,0,0.49999999999999994,0.8660254037844387,0.43388373911755823,-0.900968867902419,49.97238,48.0,43.0,38.0,40.559536,8.497305,42.565483,8.608015,40.46131,7.727915,-2.005947,0.09822464,1.9723816,-3.0276184,71.7,71.7,71.7,71.7,71.18785,2.7100046,0.0,0.0,0.0,1.0,1.0071943,0.18898338,-0.0071942806,0.0,0.038068358,5140.8896,4.286341,0.0,0.0,-0.0,40.46131,40.46131,40.46131,42.73777960189853,46.291559480493014,50.21952178645244,no_promo,3064.298667030772,3319.104673480721,3600.739558830822,50.19,3014.108668404063,3268.914674854012,3550.549560204113,536.4408918000499,3014.108668404063,10.0,93.20999603271484,2946.5911799029486
2024-01-04,store_1,item_19,16.182079261291097,40.82,0,0.0,1,3,1,0,0.49999999999999994,0.8660254037844387,0.43388373911755823,-0.900968867902419,17.551548,20.0,14.0,16.0,16.159426,3.8215222,14.936855,3.5298533,14.039856,3.1400728,1.2225704,2.1195698,-2.448452,-8.448452,40.82,40.82,40.82,40.82,40.82,0.0,0.0,0.0,0.0,1.0,1.0,0.0,0.0,0.0,0.0,1666.2723,3.7333746,0.0,0.0,0.0,14.039856,14.039856,14.039856,11.552648357015327,16.182079261291097,20.54464260452199,no_promo,471.57910240777716,660.5524705075239,838.6323048468603,28.574,443.00510300286993,631.9784711026167,810.058305441953,367.0532024390831,443.00510300286993,10.0,36.737999725341794,582.5361603183487
2024-01-04,store_1,item_2,45.77740223686476,38.55,0,0.0,1,3,1,0,0.49999999999999994,0.8660254037844387,0.43388373911755823,-0.900968867902419,49.30982,47.0,43.0,39.0,41.060993,7.4866905,40.673355,6.274708,40.265247,7.7033257,0.3876381,0.79574585,2.3098183,-1.6901817,38.55,38.55,38.55,38.55,37.999287,2.022065,0.0,0.0,0.0,1.0,1.0144928,0.27235144,-0.01449275,0.0,0.053213235,1486.1024,3.6775656,0.0,0.0,-0.0,40.265247,40.265247,40.265247,41.85775143760991,45.77740223686476,49.59545612202634,no_promo,1613.6162859849321,1764.7188213057502,1911.9047956657853,26.984999,1586.6312872819292,1737.7338226027473,1884.9197969627824,298.28850968085317,1586.6312872819292,10.0,50.114999008178714,1448.807759964844
2024-01-04,store_1,item_20,59.32455737525378,12.2,0,0.0,1,3,1,0,0.49999999999999994,0.8660254037844387,0.43388373911755823,-0.900968867902419,62.779037,57.0,50.0,46.0,55.819088,7.8260126,51.052402,8.34361,49.34763,10.380885,4.7666855,6.4714584,5.7790375,-1.2209625,12.2,15.24,15.24,13.502857,14.588572,1.2702806,0.0,-0.19947505,-0.19947505,0.9035124,0.836271,-1.8803483,0.16372901,0.19947505,0.08707368,148.84,2.580217,0.0,1.0,0.0,49.34763,49.34763,49.34763,57.45307579934053,59.32455737525378,71.01474340258612,no_promo,700.92751379365,723.7595886628349,866.3798559665632,8.54,692.3875138317969,715.2195887009818,857.8398560047102,165.4523421729133,692.3875138317969,10.0,14.944999766349794,878.4378267211671
2024-01-04,store_1,item_21,45.335188834194895,27.45,0,0.0,1,3,1,0,0.49999999999999994,0.8660254037844387,0.43388373911755823,-0.900968867902419,48.95381,44.0,42.0,43.0,43.397602,6.467116,43.484516,10.343194,41.813686,9.904437,-0.08691406,1.5839157,4.9538116,2.9538116,27.45,27.45,27.45,26.665714,26.665714,1.9563528,0.0,0.0,0.0,1.0294117,1.0294117,0.40089196,-0.029411674,0.0,0.073365845,753.50256,3.348148,0.0,1.0,-0.0,41.813686,41.813686,41.813686,41.68530474043151,45.335188834194895,49.82939944665277,no_promo,1144.2616469282086,1244.450968086654,1367.8170528274334,19.215,1125.0466467756207,1225.2359679340661,1348.6020526748455,223.55540589922475,1125.0466467756207,10.0,35.68500099182129,1051.093244159128
2024-01-04,store_1,item_22,23.75499053711259,47.59,0,0.0,1,3,1,0,0.49999999999999994,0.8660254037844387,0.43388373911755823,-0.900968867902419,25.331982,24.0,21.0,25.0,21.0317,3.4570954,20.872993,4.957436,21.007925,4.950549,0.15870667,0.0237751,1.3319817,-1.6680183,47.59,47.59,47.59,47.59,46.57,2.9985182,0.0,0.0,0.0,1.0,1.0219026,0.34016806,-0.021902561,0.0,0.06438734,2264.808,3.8834178,0.0,0.0,-0.0,21.007925,21.007925,21.007925,19.105627066592902,23.75499053711259,27.518595389449597,no_promo,909.2367950144435,1130.500003285912,1309.6099587829108,33.313,875.9237952891017,1097.1870035605702,1276.296959057569,400.3731637684673,875.9237952891017,10.0,61.86700019836426,1019.9554160799293
2024-01-04,store_1,item_23,13.591122100446883,46.82,0,0.0,1,3,1,0,0.49999999999999994,0.8660254037844387,0.43388373911755823,-0.900968867902419,14.844172,8.0,13.0,12.0,12.23852,2.422882,11.047832,3.781815,11.916773,3.5035772,1.1906881,0.32174683,6.8441715,11.844172,46.82,46.82,46.82,46.82,46.485714,1.7688738,0.0,0.0,0.0,1.0,1.0071912,0.18898214,-0.007191181,0.0,0.03805199,2192.1123,3.867444,0.0,0.0,-0.0,11.916773,11.916773,11.916773,9.478970856518279,13.591122100446883,17.482102199210228,no_promo,443.80541260943346,636.3363325952417,818.5120196319086,32.774,411.0314143489354,603.5623343347437,785.7380213714106,374.70660702247517,411.0314143489354,10.0,60.86599960327148,587.5828099070152
2024-01-04,store_1,item_24,45.533046796698464,19.06,0,0.0,1,3,1,0,0.49999999999999994,0.8660254037844387,0.43388373911755823,-0.900968867902419,49.01611,45.0,42.0,38.0,40.199863,7.4258003,41.099934,10.228906,39.549965,8.605476,-0.9000702,0.6498985,4.0161095,1.0161095,19.06,19.06,19.06,19.06,18.923927,0.7200222,0.0,0.0,0.0,0.9999999,1.0071903,0.18898302,-0.0071903467,0.0,0.03804824,363.28357,2.9987278,0.0,0.0,-0.0,39.549965,39.549965,39.549965,41.846953966168115,45.533046796698464,49.30046622854377,no_promo,797.6029202464798,867.8598476278022,939.6668599867547,13.341999,784.2609211925247,854.5178485738471,926.3248609327997,142.06393974027492,784.2609211925247,10.0,24.7779993057251,778.8285518425331
2024-01-04,store_1,item_25,42.50983005165565,89.21,0,0.0,1,3,1,0,0.49999999999999994,0.8660254037844387,0.43388373911755823,-0.900968867902419,45.614655,39.0,39.0,35.0,37.062397,6.9200172,39.602627,7.128036,38.158455,7.327701,-2.5402298,-1.0960579,6.6146545,6.6146545,89.21,89.21,89.21,89.21,87.29857,5.6190705,0.0,0.0,0.0,1.0,1.0218953,0.34016836,-0.02189529,0.0,0.064366125,7958.424,4.50214,0.0,0.0,-0.0,38.158455,38.158455,38.158455,38.557748099542025,42.50983005165565,45.89977176021963,no_promo,3439.7366726594714,3792.3018999892884,4094.718596706697,62.447,3377.28967406328,3729.854901393097,4032.2715981105057,654.9819240472257,3377.28967406328,10.0,115.97299880981446,3490.8260104615533
2024-01-04,store_1,item_26,44.38354996252911,47.67,0,0.0,1,3,1,0,0.49999999999999994,0.8660254037844387,0.43388373911755823,-0.900968867902419,47.79326,42.0,44.0,38.0,39.08196,6.6218915,38.826694,6.8372464,37.77049,6.710457,0.25526428,1.31147,5.7932587,7.7932587,47.67,47.67,47.67,47.67,47.67,0.0,0.0,0.0,0.0,1.0,1.0,0.0,0.0,0.0,0.0,2272.4287,3.8850627,0.0,0.0,0.0,37.77049,37.77049,37.77049,39.98775021185023,44.38354996252911,48.52766192799612,no_promo,1906.2159793791432,2115.7637454450555,2313.3135552507724,33.369,1872.846979897942,2082.3947459638543,2279.9445557695713,407.09757587162926,1872.846979897942,10.0,61.97099761962891,1832.9460600947814
2024-01-04,store_1,item_27,44.97621958092686,67.62,0,0.0,1,3,1,0,0.49999999999999994,0.8660254037844387,0.43388373911755823,-0.900968867902419,49.14251,42.0,39.0,41.0,43.116333,7.1215644,41.129593,7.5570493,40.49337,7.0118027,1.9867401,2.622963,7.1425095,4.1425095,67.62,67.62,67.62,65.688576,66.17143,4.258401,0.0,0.0,0.0,1.0294027,1.0218911,0.34016758,-0.021891117,0.0,0.06435407,4572.465,4.2285843,0.0,1.0,-0.0,40.49337,40.49337,40.49337,40.84850713244991,44.97621958092686,49.10225090408246,no_promo,2762.1761644900384,3041.292091593151,3320.294340997416,47.334,2714.8421648562494,2993.958091959362,3272.960341363627,558.1181765073775,2714.8421648562494,10.0,87.90600357055665,2581.62874005036
2024-01-05,store_1,item_1,48.12319753232152,21.3,0,0.0,1,4,1,0,0.49999999999999994,0.8660254037844387,-0.433883739117558,-0.9009688679024191,53.137257,41.0,44.0,43.0,47.884655,7.594706,48.228043,7.2718763,47.971165,10.618201,-0.3433876,-0.086509705,12.137257,15.137257,21.3,21.3,21.3,21.3,20.995714,1.1172496,0.0,0.0,0.0,0.9999999,1.0144926,0.27235165,-0.014492631,0.0,0.053213216,453.68997,3.1045866,0.0,0.0,-0.0,47.971165,47.971165,47.971165,43.68794559980048,48.12319753232152,53.656952485521224,no_promo,930.5532079444929,1025.0240707233625,1142.8930470045962,14.909999,915.6432090507551,1010.1140718296247,1127.9830481108584,212.33983906010326,915.6432090507551,10.0,27.689999008178713,960.5376904331911
2024-01-05,store_1,item_10,25.1232777522307,20.59,0,0.0,1,4,1,0,0.49999999999999994,0.8660254037844387,-0.433883739117558,-0.9009688679024191,27.43337,15.0,23.0,22.0,22.872765,5.979473,24.793526,6.0612493,23.753906,5.6198177,-1.9207611,-0.88114166,12.433371,20.43337,20.59,20.59,20.59,20.59,20.442858,0.77860695,0.0,0.0,0.0,0.9999999,1.0071976,0.18898138,-0.0071976185,0.0,0.038086988,423.94812,3.0722303,0.0,0.0,-0.0,23.753906,23.753906,23.753906,20.170278009391943,25.1232777522307,28.97268087621484,no_promo,415.3060272911203,517.288292751938,596.5475036621439,14.413,400.8930271843088,502.8752926451265,582.1345035553323,181.24147637102357,400.8930271843088,10.0,26.767000198364258,480.8890615945379
2024-01-05,store_1,item_11,28.15944688610089,52.2,0,0.0,1,4,1,0,0.49999999999999994,0.8660254037844387,-0.433883739117558,-0.9009688679024191,35.04106,23.0,24.0,25.0,30.021715,4.1423836,27.939428,6.9642825,27.255428,7.406315,2.0822868,2.7662868,12.041061,13.041061,52.2,65.25,65.25,55.928574,61.9875,5.754509,0.0,-0.19999999,-0.19999999,0.93333334,0.84210527,-1.7008396,0.15789473,0.19999999,0.09283338,2724.84,3.9740584,0.0,1.0,0.0,27.255428,27.255428,27.255428,24.896471917500364,28.15944688610089,36.37279157132614,no_promo,1299.5958530880196,1469.9231489384194,1898.6597477734622,36.54,1263.0558521724922,1433.383148022892,1862.1197468579348,599.0638946854426,1263.0558521724922,10.0,63.945000934600834,1990.7141957281833
2024-01-05,store_1,item_12,22.135481947825564,60.88,0,0.0,1,4,1,0,0.49999999999999994,0.8660254037844387,-0.433883739117558,-0.9009688679024191,24.151995,20.0,28.0,17.0,21.315264,4.473047,23.157633,4.6539426,21.828815,5.286287,-1.8423691,-0.5135517,4.1519947,12.151995,60.88,60.88,60.88,60.88,59.575,3.8363395,0.0,0.0,0.0,1.0,1.0219052,0.34016803,-0.021905184,0.0,0.06439512,3706.3745,4.125197,0.0,0.0,-0.0,21.828815,21.828815,21.828815,18.11900856028886,22.135481947825564,26.091181985638343,no_promo,1103.085260503575,1347.6081646268658,1588.4311871540513,42.616,1060.4692593744246,1304.9921634977154,1545.8151860249009,485.34592665047626,1060.4692593744246,10.0,79.14400138854981,1376.6699239758996
2024-01-05,store_1,item_13,43.1813431409653,68.19,0,0.0,1,4,1,0,0.49999999999999994,0.8660254037844387,-0.433883739117558,-0.9009688679024191,47.32081,44.0,41.0,34.0,44.89979,4.7384057,43.807037,4.065436,42.617805,5.2911153,1.0927544,2.2819862,3.3208084,0.3208084,68.19,68.19,68.19,68.19,67.21571,3.577299,0.0,0.0,0.0,1.0,1.014495,0.27235314,-0.014495015,0.0,0.053221174,4649.8765,4.2368565,0.0,0.0,-0.0,42.617805,42.617805,42.617805,40.044493201833916,43.1813431409653,47.86686021267233,no_promo,2730.6340891979307,2944.535894205625,3264.0413147645777,47.733,2682.9010874889464,2896.8028924966407,3216.3083130555933,533.407225566647,2682.9010874889464,10.0,66.4852523803711,2704.1890872456106
2024-01-05,store_1,item_14,24.714661562557776,70.38,0,0.0,1,4,1,0,0.49999999999999994,0.8660254037844387,-0.433883739117558,-0.9009688679024191,27.470556,23.0,38.0,21.0,26.052505,2.9037673,26.16911,5.5898952,24.834555,5.835965,-0.11660385,1.2179508,4.4705563,19.470556,70.38,70.38,70.38,68.369995,68.8725,4.431632,0.0,0.0,0.0,1.0293989,1.0218883,0.340168,-0.021888256,0.0,0.06434545,4953.344,4.268018,0.0,1.0,-0.0,24.834555,24.834555,24.834555,21.81691905515416,24.714661562557776,29.5013736818001,no_promo,1535.474703179792,1739.417812891971,2076.3065986971483,49.266,1486.20870433946,1690.151814051639,2027.0405998568162,540.8318955173563,1486.20870433946,10.0,91.49399642944336,1785.1598720204315
2024-01-05,store_1,item_15,22.84093517872033,56.62,0,0.0,1,4,1,0,0.49999999999999994,0.8660254037844387,-0.433883739117558,-0.9009688679024191,25.294964,23.0,20.0,13.0,22.857725,3.6457474,22.57172,5.056014,21.53586,4.7682076,0.28600502,1.3218651,2.2949638,-0.70503616,56.62,56.62,56.62,56.62,56.62,0.0,0.0,0.0,0.0,1.0,1.0,0.0,0.0,0.0,0.0,3205.8242,4.0538697,0.0,0.0,0.0,21.53586,21.53586,21.53586,19.64403577306596,22.84093517872033,26.91071257125784,no_promo,1112.2452844889008,1293.2537254223942,1523.6845170408767,39.634,1072.6112856180512,1253.6197265515445,1484.050518170027,411.4392325519759,1072.6112856180512,10.0,73.6059986114502,1246.037108017076
2024-01-05,store_1,item_16,33.41977656442224,43.08,0,0.0,1,4,1,0,0.49999999999999994,0.8660254037844387,-0.433883739117558,-0.9009688679024191,35.17972,34.0,34.0,25.0,36.202427,3.1285968,33.529785,5.8017774,31.58632,5.251313,2.6726418,4.616106,1.1797218,1.1797218,43.08,43.08,43.08,41.84857,42.772144,1.6290274,0.0,0.0,0.0,1.0294259,1.0071976,0.1889823,-0.0071976185,0.0,0.038086176,1855.8866,3.7860062,0.0,1.0,-0.0,31.58632,31.58632,31.58632,29.55010570503763,33.41977656442224,37.63396673992842,no_promo,1273.0186078808806,1439.7240355887488,1621.2713560659674,30.156,1242.8626077435515,1409.5680354514197,1591.1153559286383,348.25274818508683,1242.8626077435515,10.0,56.0040023803711,1379.121854775008
2024-01-05,store_1,item_17,18.140939769287403,62.32,0,0.0,1,4,1,0,0.49999999999999994,0.8660254037844387,-0.433883739117558,-0.9009688679024191,19.700949,14.0,16.0,11.0,16.95664,3.827786,17.692606,3.815041,17.596304,4.9776115,-0.7359657,-0.6396637,5.7009487,7.7009487,62.32,62.32,62.32,62.32,60.985,3.9245307,0.0,0.0,0.0,1.0,1.0218906,0.34016773,-0.02189064,0.0,0.06435239,3883.7825,4.1482015,0.0,0.0,-0.0,17.596304,17.596304,17.596304,13.714097391387883,18.140939769287403,21.852781261402292,no_promo,854.6625452460825,1130.5433608858154,1361.8653215416512,43.624,811.038544696766,1086.919360336499,1318.2413209923347,507.2027762955687,811.038544696766,10.0,81.01599960327148,1099.5851615666734
2024-01-05,store_1,item_18,40.91152931460722,71.7,0,0.0,1,4,1,0,0.49999999999999994,0.8660254037844387,-0.433883739117558,-0.9009688679024191,46.29156,31.0,39.0,30.0,40.31547,8.269459,42.800594,8.665555,40.75744,7.7887297,-2.4851227,-0.441967,15.291561,23.291561,71.7,71.7,71.7,71.7,71.18785,2.7100046,0.0,0.0,0.0,1.0,1.0071943,0.18898338,-0.0071942806,0.0,0.038068358,5140.8896,4.286341,0.0,0.0,-0.0,40.75744,40.75744,40.75744,36.36351771822794,40.91152931460722,45.47143913756129,no_promo,2607.264109424294,2933.3565270052586,3260.3020473953247,50.19,2557.074110797585,2883.1665283785496,3210.1120487686158,653.0379379710307,2557.074110797585,10.0,93.20999603271484,2946.5911799029486
2024-01-05,store_1,item_19,15.199380537503794,40.82,0,0.0,1,4,1,0,0.49999999999999994,0.8660254037844387,-0.433883739117558,-0.9009688679024191,16.18208,20.0,10.0,12.0,15.614008,3.4349267,15.092718,3.5334775,14.046359,3.1444678,0.5212898,1.5676489,-3.8179207,-13.817921,40.82,40.82,40.82,40.82,40.82,0.0,0.0,0.0,0.0,1.0,1.0,0.0,0.0,0.0,0.0,1666.2723,3.7333746,0.0,0.0,0.0,14.046359,14.046359,14.046359,10.64070950287351,15.199380537503794,19.142086867916994,no_promo,434.3537586600098,620.438708902422,781.3799801066704,28.574,405.7797592551026,591.8647094975148,752.8059807017631,347.02622144666054,405.7797592551026,10.0,36.737999725341794,582.5361603183487
2024-01-05,store_1,item_2,41.58331368171378,38.55,0,0.0,1,4,1,0,0.49999999999999994,0.8660254037844387,-0.433883739117558,-0.9009688679024191,45.7774,38.0,37.0,55.0,40.886337,7.3378286,40.87174,6.396649,40.507298,7.7683015,0.014598846,0.37903976,7.777401,6.777401,38.55,38.55,30.84,38.55,37.999287,2.022065,0.0,0.0,0.24999996,1.0,1.0144928,0.27235144,-0.01449275,0.0,0.053213235,1486.1024,3.6775656,0.0,0.0,-0.0,40.507298,40.507298,40.507298,37.96169069112644,41.58331368171378,46.53969710631566,no_promo,1463.4231471804528,1603.0367107045158,1794.1052879414974,26.984999,1436.4381484774499,1576.051712001513,1767.1202892384945,330.6821407610446,1436.4381484774499,10.0,50.114999008178714,1448.807759964844
2024-01-05,store_1,item_20,54.0831883252918,12.2,0,0.0,1,4,1,0,0.49999999999999994,0.8660254037844387,-0.433883739117558,-0.9009688679024191,59.32456,47.0,44.0,37.0,56.15117,7.93306,51.71844,8.620709,49.823505,10.5261345,4.432728,6.3276634,12.324558,9.324558,12.2,15.24,15.24,13.068571,14.48,1.340514,0.0,-0.19947505,-0.19947505,0.9335373,0.8425414,-1.7008388,0.1574586,0.19947505,0.09257693,148.84,2.580217,0.0,1.0,0.0,49.823505,49.823505,49.823505,50.00111902272924,54.0831883252918,61.468371973974484,no_promo,610.0136425403401,659.8148872530104,749.9141263583272,8.54,601.4736425784871,651.2748872911574,741.3741263964741,139.90048381798704,601.4736425784871,10.0,14.944999766349794,878.4378267211671
2024-01-05,store_1,item_21,41.91378426513927,27.45,0,0.0,1,4,1,0,0.49999999999999994,0.8660254037844387,-0.433883739117558,-0.9009688679024191,45.33519,41.0,35.0,34.0,43.58834,6.5074086,43.722744,10.34478,41.897087,9.924607,-0.13440323,1.6912537,4.33519,-1.6648102,27.45,27.45,27.45,26.665714,26.665714,1.9563528,0.0,0.0,0.0,1.0294117,1.0294117,0.40089196,-0.029411674,0.0,0.073365845,753.50256,3.348148,0.0,1.0,-0.0,41.897087,41.897087,41.897087,37.24839917182625,41.91378426513927,46.308605209383714,no_promo,1022.4685856849038,1150.5334100557527,1271.171248328245,19.215,1003.2535855323159,1131.3184099031648,1251.956248175657,248.7026626433411,1003.2535855323159,10.0,35.68500099182129,1051.093244159128
2024-01-05,store_1,item_22,21.088528296801737,47.59,0,0.0,1,4,1,0,0.49999999999999994,0.8660254037844387,-0.433883739117558,-0.9009688679024191,23.75499,19.0,28.0,24.0,20.9967,3.4231071,21.069778,5.017185,20.96346,4.918855,-0.073078156,0.033239365,4.7549896,13.75499,47.59,47.59,38.07,47.59,46.57,2.9985182,0.0,0.0,0.25006568,1.0,1.0219026,0.34016806,-0.021902561,0.0,0.06438734,2264.808,3.8834178,0.0,0.0,-0.0,20.96346,20.96346,20.96346,16.837160575566067,21.088528296801737,25.149569216255717,no_promo,801.2804743603359,1003.6030648626487,1196.8680028391293,33.313,767.9674746349941,970.2900651373069,1163.5550031137875,395.5875284787934,767.9674746349941,10.0,61.86700019836426,1019.9554160799293
2024-01-05,store_1,item_23,12.194180214473741,46.82,0,0.0,1,4,1,0,0.49999999999999994,0.8660254037844387,-0.433883739117558,-0.9009688679024191,13.591122,13.0,3.0,10.0,13.037251,1.5610266,11.0900545,3.808493,11.9735985,3.5178516,1.947197,1.063653,0.5911217,-9.408878,46.82,46.82,46.82,46.82,46.485714,1.7688738,0.0,0.0,0.0,1.0,1.0071912,0.18898214,-0.007191181,0.0,0.03805199,2192.1123,3.867444,0.0,0.0,-0.0,11.9735985,11.9735985,11.9735985,8.602175469526522,12.194180214473741,16.257951066104212,no_promo,402.7538528580561,570.9315139202921,761.1972639534663,32.774,369.9798545975581,538.1575156597941,728.4232656929682,358.44341109541017,369.9798545975581,10.0,60.86599960327148,587.5828099070152
2024-01-05,store_1,item_24,40.23689294749954,19.06,0,0.0,1,4,1,0,0.49999999999999994,0.8660254037844387,-0.433883739117558,-0.9009688679024191,45.533047,34.0,31.0,35.0,40.276012,7.4857197,41.35229,10.296182,39.819004,8.672716,-1.0762787,0.45700836,11.533047,8.533047,19.06,19.06,19.06,19.06,18.923927,0.7200222,0.0,0.0,0.0,0.9999999,1.0071903,0.18898302,-0.0071903467,0.0,0.03804824,363.28357,2.9987278,0.0,0.0,-0.0,39.819004,39.819004,39.819004,37.27412955950812,40.23689294749954,44.8841734012561,no_promo,710.444889497692,766.915158090522,855.4923210572066,13.341999,697.1028904437369,753.573159036567,842.1503220032515,145.04743155951462,697.1028904437369,10.0,24.7779993057251,778.8285518425331
2024-01-05,store_1,item_25,38.75696139902694,89.21,0,0.0,1,4,1,0,0.49999999999999994,0.8660254037844387,-0.433883739117558,-0.9009688679024191,42.50983,33.0,49.0,38.0,37.5638,7.205093,39.85333,7.1668277,38.426666,7.34523,-2.289528,-0.86286545,9.50983,25.50983,89.21,89.21,89.21,89.21,87.29857,5.6190705,0.0,0.0,0.0,1.0,1.0218953,0.34016836,-0.02189529,0.0,0.064366125,7958.424,4.50214,0.0,0.0,-0.0,38.426666,38.426666,38.426666,34.87243973176777,38.75696139902694,43.25507146649571,no_promo,3110.9703165443307,3457.5084909241355,3858.7848859248816,62.447,3048.5233179481393,3395.061492327944,3796.33788732869,747.8145693805509,3048.5233179481393,10.0,115.97299880981446,3490.8260104615533
2024-01-05,store_1,item_26,40.6978360787103,47.67,0,0.0,1,4,1,0,0.49999999999999994,0.8660254037844387,-0.433883739117558,-0.9009688679024191,44.38355,36.0,36.0,34.0,39.422466,6.854159,38.85409,6.8602996,37.998474,6.8259873,0.56837463,1.4239922,8.383549,8.383549,47.67,47.67,47.67,47.67,47.67,0.0,0.0,0.0,0.0,1.0,1.0,0.0,0.0,0.0,0.0,2272.4287,3.8850627,0.0,0.0,0.0,37.998474,37.998474,37.998474,36.90615115974461,40.6978360787103,44.99635136482729,no_promo,1759.3161582078444,1940.0657713521566,2144.975987170537,33.369,1725.9471587266432,1906.6967718709554,2111.6069876893357,385.6598289626925,1725.9471587266432,10.0,61.97099761962891,1832.9460600947814
2024-01-05,store_1,item_27,40.402568154496834,67.62,0,0.0,1,4,1,0,0.49999999999999994,0.8660254037844387,-0.433883739117558,-0.9009688679024191,44.97622,53.0,35.0,30.0,43.541504,7.1326437,41.556465,7.5961895,40.635376,7.0625243,1.9850388,2.906128,-8.023781,-26.02378,67.62,54.1,67.62,65.688576,66.17143,4.258401,0.0,0.24990766,0.0,1.0294027,1.0218911,0.34016758,-0.021891117,-0.24990766,0.06435407,4572.465,4.2285843,1.0,1.0,-0.0,40.635376,40.635376,40.635376,35.23421626502405,40.402568154496834,44.16216926191247,no_promo,2382.5378006145916,2732.0217695760434,2986.246006785542,47.334,2335.2038009808025,2684.6877699422544,2938.9120071517527,603.7082061709502,2335.2038009808025,10.0,87.90600357055665,2581.62874005036
2024-01-06,store_1,item_1,44.337287727086604,21.3,0,0.0,1,5,1,1,0.49999999999999994,0.8660254037844387,-0.9749279121818236,-0.2225209339563146,48.123196,38.0,38.0,35.0,48.902256,6.9700217,48.522556,7.1702523,48.154137,10.573413,0.3796997,0.74811935,10.123196,10.123196,21.3,21.3,21.3,21.3,20.995714,1.1172496,0.0,0.0,0.0,0.9999999,1.0144926,0.27235165,-0.014492631,0.0,0.053213216,453.68997,3.1045866,0.0,0.0,-0.0,48.154137,48.154137,48.154137,40.762318294233836,44.337287727086604,49.434131071037946,no_promo,868.2373485679999,944.3841947602787,1052.9469540978594,14.909999,853.3273496742621,929.4741958665409,1038.0369552041216,184.70960552985946,853.3273496742621,10.0,27.689999008178713,960.5376904331911
2024-01-06,store_1,item_10,24.075308858101103,20.59,0,0.0,1,5,1,1,0.49999999999999994,0.8660254037844387,-0.9749279121818236,-0.2225209339563146,25.123278,15.0,20.0,17.0,24.318947,4.8814077,24.945189,6.039445,23.865452,5.61471,-0.6262417,0.45349503,10.123278,15.123278,20.59,20.59,20.59,20.59,20.442858,0.77860695,0.0,0.0,0.0,0.9999999,1.0071976,0.18898138,-0.0071976185,0.0,0.038086988,423.94812,3.0722303,0.0,0.0,-0.0,23.865452,23.865452,23.865452,19.23078012825988,24.075308858101103,27.411990596180107,no_promo,395.9617657752551,495.7106130619023,564.4128905580862,14.413,381.5487656684436,481.29761295509076,549.9998904512747,168.45112478283113,381.5487656684436,10.0,26.767000198364258,480.8890615945379
2024-01-06,store_1,item_11,27.213448445015572,52.2,0,0.0,1,5,1,1,0.49999999999999994,0.8660254037844387,-0.9749279121818236,-0.2225209339563146,28.159447,27.0,19.0,21.0,30.75878,2.9809608,28.236532,6.8713984,27.368265,7.3947387,2.5222473,3.3905144,1.1594467,-6.8405533,52.2,65.25,65.25,54.064285,61.521427,6.00357,0.0,-0.19999999,-0.19999999,0.9655173,0.8484849,-1.552647,0.15151513,0.19999999,0.09758503,2724.84,3.9740584,0.0,1.0,0.0,27.368265,27.368265,27.368265,23.644635512889344,27.213448445015572,35.74674172742653,no_promo,1234.2499918122492,1420.5420295920264,1865.9799454442646,36.54,1197.7099908967218,1384.002028676499,1829.4399445287372,631.7299536320154,1197.7099908967218,10.0,63.945000934600834,1990.7141957281833
2024-01-06,store_1,item_12,21.298137082022212,60.88,0,0.0,1,5,1,1,0.49999999999999994,0.8660254037844387,-0.9749279121818236,-0.2225209339563146,22.135483,16.0,26.0,17.0,21.620333,4.4411006,22.738737,4.4437423,22.012226,5.200944,-1.1184044,-0.3918934,6.135483,16.135483,60.88,60.88,60.88,60.88,59.575,3.8363395,0.0,0.0,0.0,1.0,1.0219052,0.34016803,-0.021905184,0.0,0.06439512,3706.3745,4.125197,0.0,0.0,-0.0,22.012226,22.012226,22.012226,17.30532605244391,21.298137082022212,25.1445817442749,no_promo,1053.5482685568677,1296.630608302377,1530.8021634487666,42.616,1010.9322674277173,1254.0146071732265,1488.1861623196162,477.2538948918989,1010.9322674277173,10.0,79.14400138854981,1376.6699239758996
2024-01-06,store_1,item_13,40.33777897556934,68.19,0,0.0,1,5,1,1,0.49999999999999994,0.8660254037844387,-0.9749279121818236,-0.2225209339563146,43.181343,39.0,47.0,34.0,44.78284,4.7742825,43.96285,3.9906929,42.94571,5.0145335,0.81999207,1.8371315,4.181343,12.181343,68.19,68.19,68.19,68.19,67.21571,3.577299,0.0,0.0,0.0,1.0,1.014495,0.27235314,-0.014495015,0.0,0.053221174,4649.8765,4.2368565,0.0,0.0,-0.0,42.94571,42.94571,42.94571,37.57436326428537,40.33777897556934,45.98076946792703,no_promo,2562.1959227259044,2750.6332468249793,3135.4287822756824,47.733,2514.46292101692,2702.900245115995,3087.695780566698,573.2328595497779,2514.46292101692,10.0,66.4852523803711,2704.1890872456106
2024-01-06,store_1,item_14,23.351288494457723,70.38,0,0.0,1,5,1,1,0.49999999999999994,0.8660254037844387,-0.9749279121818236,-0.2225209339563146,24.71466,26.0,20.0,18.0,26.297457,2.6659336,25.220158,4.4354205,24.967222,5.7875886,1.0772991,1.3302345,-1.2853394,-7.2853394,70.38,56.31,70.38,68.369995,68.8725,4.431632,0.0,0.24986672,0.0,1.0293989,1.0218883,0.340168,-0.021888256,-0.24986672,0.06434545,4953.344,4.268018,1.0,1.0,-0.0,24.967222,24.967222,24.967222,18.29497973581533,23.351288494457723,27.46534578683486,no_promo,1287.6006235580203,1643.4636201037051,1933.0109610416123,49.266,1238.3346247176883,1594.197621263373,1883.7449622012803,645.410337483592,1238.3346247176883,10.0,91.49399642944336,1785.1598720204315
2024-01-06,store_1,item_15,22.04014606978561,56.62,0,0.0,1,5,1,1,0.49999999999999994,0.8660254037844387,-0.9749279121818236,-0.2225209339563146,22.840935,18.0,18.0,14.0,22.835001,3.6452084,22.774643,5.0015755,21.887321,4.469031,0.060358047,0.9476795,4.8409348,4.8409348,56.62,56.62,56.62,56.62,56.62,0.0,0.0,0.0,0.0,1.0,1.0,0.0,0.0,0.0,0.0,3205.8242,4.0538697,0.0,0.0,0.0,21.887321,21.887321,21.887321,18.00300676788083,22.04014606978561,26.220654951773092,no_promo,1019.3302239681268,1247.9130469298454,1484.6134553627114,39.634,979.6962250972772,1208.2790480589958,1444.9794564918618,465.2832313945846,979.6962250972772,10.0,73.6059986114502,1246.037108017076
2024-01-06,store_1,item_16,30.218777017712345,43.08,0,0.0,1,5,1,1,0.49999999999999994,0.8660254037844387,-0.9749279121818236,-0.2225209339563146,33.419777,42.0,21.0,22.0,36.119537,3.2034636,33.488342,5.8002324,31.887028,5.0990553,2.631195,4.2325096,-8.580223,-29.580223,43.08,34.46,43.08,41.84857,42.772144,1.6290274,0.0,0.2501452,0.0,1.0294259,1.0071976,0.1889823,-0.0071976185,-0.2501452,0.038086176,1855.8866,3.7860062,1.0,1.0,-0.0,31.887028,31.887028,31.887028,25.99228169233487,30.218777017712345,36.34639195023628,no_promo,1119.7475428990754,1301.824969255281,1565.8026317684103,30.156,1089.5915427617463,1271.668969117952,1535.6466316310812,446.0550888693349,1089.5915427617463,10.0,56.0040023803711,1379.121854775008
2024-01-06,store_1,item_17,17.263024231768508,62.32,0,0.0,1,5,1,1,0.49999999999999994,0.8660254037844387,-0.9749279121818236,-0.2225209339563146,18.14094,12.0,22.0,9.0,17.548203,3.6083903,17.84553,3.7847638,17.851337,4.807143,-0.29732704,-0.30313492,6.1409397,16.14094,62.32,62.32,62.32,62.32,60.985,3.9245307,0.0,0.0,0.0,1.0,1.0218906,0.34016773,-0.02189064,0.0,0.06435239,3883.7825,4.1482015,0.0,0.0,-0.0,17.851337,17.851337,17.851337,13.20235337374187,17.263024231768508,20.873152872388285,no_promo,822.7706582225549,1075.8316648555565,1300.8148806372571,43.624,779.1466576732385,1032.20766430624,1257.1908800879407,478.0442224147023,779.1466576732385,10.0,81.01599960327148,1099.5851615666734
2024-01-06,store_1,item_18,39.14158100585878,71.7,0,0.0,1,5,1,1,0.49999999999999994,0.8660254037844387,-0.9749279121818236,-0.2225209339563146,40.91153,35.0,31.0,30.0,41.731403,7.186178,42.93713,8.615982,41.147137,7.4981117,-1.2057266,0.58426666,5.9115295,1.9115295,71.7,71.7,71.7,71.7,71.18785,2.7100046,0.0,0.0,0.0,1.0,1.0071943,0.18898338,-0.0071942806,0.0,0.038068358,5140.8896,4.286341,0.0,0.0,-0.0,41.147137,41.147137,41.147137,35.16932085494738,39.14158100585878,43.67186629590898,no_promo,2521.6401979714774,2806.451238669449,3131.2726801407143,50.19,2471.4501993447684,2756.26124004274,3081.0826815140053,609.6324821692369,2471.4501993447684,10.0,93.20999603271484,2946.5911799029486
2024-01-06,store_1,item_19,14.570174656418306,40.82,0,0.0,1,5,1,1,0.49999999999999994,0.8660254037844387,-0.9749279121818236,-0.2225209339563146,15.199381,9.0,15.0,9.0,14.9282055,2.8412158,15.464103,3.2160134,14.160623,3.125425,-0.53589725,0.7675829,6.199381,12.199381,40.82,40.82,40.82,40.82,40.82,0.0,0.0,0.0,0.0,1.0,1.0,0.0,0.0,0.0,0.0,1666.2723,3.7333746,0.0,0.0,0.0,14.160623,14.160623,14.160623,10.239911107844451,14.570174656418306,18.413475780653553,no_promo,417.9931682972376,594.7545250285308,751.6380757469311,28.574,389.4191688923304,566.1805256236236,723.0640763420239,333.6449074496935,389.4191688923304,10.0,36.737999725341794,582.5361603183487
2024-01-06,store_1,item_2,37.92527842212149,38.55,0,0.0,1,5,1,1,0.49999999999999994,0.8660254037844387,-0.9749279121818236,-0.2225209339563146,41.583313,29.0,32.0,29.0,41.39824,7.227066,41.19912,6.2998047,40.02813,7.236856,0.19911957,1.3701096,12.583313,15.583313,38.55,38.55,38.55,38.55,38.274643,1.4570528,0.0,0.0,0.0,1.0,1.0071943,0.18898156,-0.0071942806,0.0,0.038068358,1486.1024,3.6775656,0.0,0.0,-0.0,40.02813,40.02813,40.02813,33.53231165286947,37.92527842212149,42.024325193041925,no_promo,1292.6705886349944,1462.019454238092,1620.0377041297504,26.984999,1265.6855899319914,1435.0344555350891,1593.0527054267475,327.36711549475604,1265.6855899319914,10.0,50.114999008178714,1448.807759964844
2024-01-06,store_1,item_20,51.54570274388708,12.2,0,0.0,1,5,1,1,0.49999999999999994,0.8660254037844387,-0.9749279121818236,-0.2225209339563146,54.083187,43.0,37.0,51.0,57.16305,6.9637866,52.43867,8.342992,50.43362,10.24671,4.7243805,6.729431,11.083187,5.083187,12.2,15.24,12.2,12.634286,14.3714285,1.3985329,0.0,-0.19947505,0.0,0.9656263,0.8489065,-1.5526465,0.15109348,0.19947505,0.09731341,148.84,2.580217,0.0,1.0,0.0,50.43362,50.43362,50.43362,47.55418332820122,51.54570274388708,59.123796497072206,no_promo,580.1610275338143,628.8575636438597,721.3103059873117,8.54,571.6210275719612,620.3175636820067,712.7703060254587,141.14927845349746,571.6210275719612,10.0,14.944999766349794,878.4378267211671
2024-01-06,store_1,item_21,37.80380370614601,27.45,0,0.0,1,5,1,1,0.49999999999999994,0.8660254037844387,-0.9749279121818236,-0.2225209339563146,41.913784,50.0,33.0,29.0,43.718884,6.455793,44.216583,10.057374,42.17972,9.803328,-0.49769974,1.5391617,-8.086216,-25.086216,27.45,21.96,27.45,26.665714,26.665714,1.9563528,0.0,0.25000006,0.0,1.0294117,1.0294117,0.40089196,-0.029411674,-0.25000006,0.073365845,753.50256,3.348148,1.0,1.0,-0.0,42.17972,42.17972,42.17972,34.01671065269748,37.80380370614601,41.20080976028415,no_promo,933.7587333692366,1037.7144405757215,1130.9622593535232,19.215,914.5437332166487,1018.4994404231336,1111.7472592009353,197.20352598428667,914.5437332166487,10.0,35.68500099182129,1051.093244159128
2024-01-06,store_1,item_22,20.235946592700717,47.59,0,0.0,1,5,1,1,0.49999999999999994,0.8660254037844387,-0.9749279121818236,-0.2225209339563146,21.088528,17.0,14.0,14.0,21.295061,3.309191,20.576101,4.6060014,20.85948,4.8829293,0.7189598,0.4355812,4.0885277,1.0885277,47.59,47.59,47.59,47.59,46.91,2.4967654,0.0,0.0,0.0,1.0,1.0144958,0.2723524,-0.01449585,0.0,0.053224586,2264.808,3.8834178,0.0,0.0,-0.0,20.85948,20.85948,20.85948,16.585413149734187,20.235946592700717,23.88804074081031,no_promo,789.2998143265831,963.0287014343876,1136.8318625001884,33.313,755.9868146012413,929.7157017090458,1103.5188627748466,347.5320481736053,755.9868146012413,10.0,61.86700019836426,1019.9554160799293
2024-01-06,store_1,item_23,11.648543341340996,46.82,0,0.0,1,5,1,1,0.49999999999999994,0.8660254037844387,-0.9749279121818236,-0.2225209339563146,12.1941805,13.0,8.0,10.0,12.922134,1.593604,11.746781,3.0165198,12.051962,3.4966342,1.175353,0.8701725,-0.8058195,-5.8058195,46.82,46.82,46.82,46.82,46.485714,1.7688738,0.0,0.0,0.0,1.0,1.0071912,0.18898214,-0.007191181,0.0,0.03805199,2192.1123,3.867444,0.0,0.0,-0.0,12.051962,12.051962,12.051962,8.119606489010389,11.648543341340996,15.79550437603752,no_promo,380.15997333755917,545.3847956867321,739.5455100656714,32.774,347.3859750770611,512.6107974262341,706.7715118051733,359.3855367281122,347.3859750770611,10.0,60.86599960327148,587.5828099070152
2024-01-06,store_1,item_24,38.481765610727805,19.06,0,0.0,1,5,1,1,0.49999999999999994,0.8660254037844387,-0.9749279121818236,-0.2225209339563146,40.236893,33.0,34.0,30.0,41.167,6.9674506,42.01207,9.868861,40.006035,8.621258,-0.8450699,1.160965,7.2368927,8.236893,19.06,19.06,19.06,19.06,18.923927,0.7200222,0.0,0.0,0.0,0.9999999,1.0071903,0.18898302,-0.0071903467,0.0,0.03804824,363.28357,2.9987278,0.0,0.0,-0.0,40.006035,40.006035,40.006035,33.71170513482702,38.481765610727805,42.887481758328846,no_promo,642.5450818658101,733.462431988992,817.4353794093615,13.341999,629.203082811855,720.1204329350369,804.0933803554065,174.89029754355147,629.203082811855,10.0,24.7779993057251,778.8285518425331
2024-01-06,store_1,item_25,34.91147481144291,89.21,0,0.0,1,5,1,1,0.49999999999999994,0.8660254037844387,-0.9749279121818236,-0.2225209339563146,38.75696,26.0,30.0,24.0,38.386227,6.9202704,39.121685,6.666625,38.4537,7.3449945,-0.7354584,-0.067474365,12.756962,16.756962,89.21,89.21,89.21,89.21,87.29857,5.6190705,0.0,0.0,0.0,1.0,1.0218953,0.34016836,-0.02189529,0.0,0.064366125,7958.424,4.50214,0.0,0.0,-0.0,38.4537,38.4537,38.4537,30.839056931178124,34.91147481144291,40.95988345561443,no_promo,2751.1522405964006,3114.452635966412,3654.03116557547,62.447,2688.705242000209,3052.0056373702205,3591.5841669792785,902.8789249790693,2688.705242000209,10.0,115.97299880981446,3490.8260104615533
2024-01-06,store_1,item_26,36.90497283441013,47.67,0,0.0,1,5,1,1,0.49999999999999994,0.8660254037844387,-0.9749279121818236,-0.2225209339563146,40.697838,31.0,31.0,37.0,40.093586,6.691256,39.18965,6.8247595,38.237682,6.7979774,0.9039345,1.8559036,9.697838,9.697838,47.67,47.67,47.67,47.67,47.67,0.0,0.0,0.0,0.0,1.0,1.0,0.0,0.0,0.0,0.0,2272.4287,3.8850627,0.0,0.0,0.0,38.237682,38.237682,38.237682,33.28649626888902,36.90497283441013,42.267260474082605,no_promo,1586.7672161885444,1759.2599874413074,2014.8802294058523,33.369,1553.3982167073432,1725.8909879601063,1981.5112299246512,428.113013217308,1553.3982167073432,10.0,61.97099761962891,1832.9460600947814
2024-01-06,store_1,item_27,37.05008280455081,67.62,0,0.0,1,5,1,1,0.49999999999999994,0.8660254037844387,-0.9749279121818236,-0.2225209339563146,40.40257,35.0,27.0,30.0,41.74187,5.8161654,41.942364,7.3713927,41.006897,6.7489862,-0.20049286,0.7349739,5.402569,-2.5974312,67.62,67.62,67.62,67.62,66.17143,4.258401,0.0,0.0,0.0,1.0,1.0218911,0.34016758,-0.021891117,0.0,0.06435407,4572.465,4.2285843,0.0,0.0,-0.0,41.006897,41.006897,41.006897,33.22115289133701,37.05008280455081,41.77921605636523,no_promo,2246.4144497568304,2505.3267010048176,2825.1107044814607,47.334,2199.0804501230414,2457.9927013710285,2777.7767048476717,578.6962547246303,2199.0804501230414,10.0,87.90600357055665,2581.62874005036
2024-01-07,store_1,item_1,47.28627697994358,21.3,0,0.0,1,6,1,1,0.49999999999999994,0.8660254037844387,-0.7818314824680299,0.6234898018587334,44.337288,42.0,44.0,33.0,49.807583,5.5935926,48.97522,6.63491,48.48761,10.286531,0.8323631,1.319973,2.337288,4.337288,21.3,21.3,21.3,21.3,20.995714,1.1172496,0.0,0.0,0.0,0.9999999,1.0144926,0.27235165,-0.014492631,0.0,0.053213216,453.68997,3.1045866,0.0,0.0,-0.0,48.48761,48.48761,48.48761,43.27567165846339,47.28627697994358,52.286354406832615,no_promo,921.7717733085528,1007.1976635962319,1113.699308974212,14.909999,906.861774414815,992.2876647024941,1098.7893100804743,191.9275356656592,906.861774414815,10.0,27.689999008178713,960.5376904331911
2024-01-07,store_1,item_10,24.73690364972809,20.59,0,0.0,1,6,1,1,0.49999999999999994,0.8660254037844387,-0.7818314824680299,0.6234898018587334,24.07531,21.0,20.0,15.0,25.61542,2.7208924,25.236282,5.878835,24.118141,5.4511156,0.37913704,1.4972782,3.0753098,2.0753098,20.59,20.59,20.59,20.59,20.442858,0.77860695,0.0,0.0,0.0,0.9999999,1.0071976,0.18898138,-0.0071976185,0.0,0.038086988,423.94812,3.0722303,0.0,0.0,-0.0,24.118141,24.118141,24.118141,20.749777099818225,24.73690364972809,28.68362412367332,no_promo,427.237913651422,509.33284992245336,590.5958250832074,14.413,412.82491354461047,494.91984981564184,576.1828249763959,163.3579114317854,412.82491354461047,10.0,26.767000198364258,480.8890615945379
2024-01-07,store_1,item_11,30.481304810657107,52.2,0,0.0,1,6,1,1,0.49999999999999994,0.8660254037844387,-0.7818314824680299,0.6234898018587334,27.213448,30.0,20.0,26.0,30.78927,2.9368691,28.823208,6.353219,27.590176,7.2890296,1.9660625,3.1990948,-2.7865524,-12.786552,52.2,52.2,65.25,52.2,61.05536,6.2065125,0.0,0.0,-0.19999999,1.0,0.8549618,-1.4267846,0.14503819,0.0,0.10165385,2724.84,3.9740584,1.0,1.0,0.0,27.590176,27.590176,27.590176,25.093922093893024,30.481304810657107,33.27277295122355,no_promo,1309.902752446359,1591.124134371691,1736.8387734389805,36.54,1273.3627515308317,1554.5841334561637,1700.2987725234532,426.9360209926215,1273.3627515308317,10.0,63.945000934600834,1990.7141957281833
2024-01-07,store_1,item_12,21.62721985893161,60.88,0,0.0,1,6,1,1,0.49999999999999994,0.8660254037844387,-0.7818314824680299,0.6234898018587334,21.298138,15.0,18.0,17.0,22.37721,3.715864,22.402891,4.355098,22.165731,5.110167,-0.025680542,0.21147919,6.2981377,9.298138,60.88,60.88,60.88,60.88,59.575,3.8363395,0.0,0.0,0.0,1.0,1.0219052,0.34016803,-0.021905184,0.0,0.06439512,3706.3745,4.125197,0.0,0.0,-0.0,22.165731,22.165731,22.165731,18.205016526134948,21.62721985893161,25.810478857787597,no_promo,1108.321425556151,1316.6651681121195,1571.3419804306745,42.616,1065.7054244270007,1274.0491669829692,1528.7259793015241,463.02055487452344,1065.7054244270007,10.0,79.14400138854981,1376.6699239758996
2024-01-07,store_1,item_13,42.735361546896875,68.19,0,0.0,1,6,1,1,0.49999999999999994,0.8660254037844387,-0.7818314824680299,0.6234898018587334,40.33778,40.0,38.0,36.0,44.97395,4.524458,43.486977,3.9978807,43.17206,4.7307925,1.4869728,1.8018913,0.33778,-1.66222,68.19,68.19,68.19,68.19,67.21571,3.577299,0.0,0.0,0.0,1.0,1.014495,0.27235314,-0.014495015,0.0,0.053221174,4649.8765,4.2368565,0.0,0.0,-0.0,43.17206,43.17206,43.17206,39.17291983722548,42.735361546896875,47.61797369493428,no_promo,2671.201499337417,2914.1244082172766,3247.069742512387,47.733,2623.4684976284325,2866.391406508292,3199.336740803403,575.8682431749703,2623.4684976284325,10.0,66.4852523803711,2704.1890872456106
2024-01-07,store_1,item_14,24.980246482590477,70.38,0,0.0,1,6,1,1,0.49999999999999994,0.8660254037844387,-0.7818314824680299,0.6234898018587334,23.351288,22.0,16.0,16.0,25.91907,2.8934524,25.459536,4.217079,25.158339,5.635349,0.4595337,0.76073074,1.3512878,-4.648712,70.38,70.38,70.38,70.38,68.8725,4.431632,0.0,0.0,0.0,1.0,1.0218883,0.340168,-0.021888256,0.0,0.06434545,4953.344,4.268018,0.0,0.0,-0.0,25.158339,25.158339,25.158339,20.42106373621431,24.980246482590477,28.97609341323693,no_promo,1437.2344096666366,1758.1096788344216,2039.3373748383976,49.266,1387.9684108263045,1708.8436799940896,1990.0713759980656,602.1029651717611,1387.9684108263045,10.0,91.49399642944336,1785.1598720204315
2024-01-07,store_1,item_15,23.383805809654216,56.62,0,0.0,1,6,1,1,0.49999999999999994,0.8660254037844387,-0.7818314824680299,0.6234898018587334,22.040146,18.0,11.0,18.0,23.412165,3.0179465,23.063225,4.8180847,22.174469,4.193271,0.3489399,1.2376957,4.040146,-2.9598541,56.62,56.62,56.62,56.62,56.62,0.0,0.0,0.0,0.0,1.0,1.0,0.0,0.0,0.0,0.0,3205.8242,4.0538697,0.0,0.0,0.0,22.174469,22.174469,22.174469,18.729176745163752,23.383805809654216,27.211951574364665,no_promo,1060.4459673062527,1323.9910599660225,1540.7406690750272,39.634,1020.8119684354031,1284.3570610951729,1501.1066702041776,480.29470176877453,1020.8119684354031,10.0,73.6059986114502,1246.037108017076
2024-01-07,store_1,item_16,32.32227539033592,43.08,0,0.0,1,6,1,1,0.49999999999999994,0.8660254037844387,-0.7818314824680299,0.6234898018587334,30.218777,35.0,22.0,26.0,34.43651,2.6452491,34.146824,4.690547,32.180553,4.7321877,0.2896843,2.2559547,-4.7812233,-17.781223,43.08,43.08,43.08,43.08,42.772144,1.6290274,0.0,0.0,0.0,1.0,1.0071976,0.1889823,-0.0071976185,0.0,0.038086176,1855.8866,3.7860062,0.0,0.0,-0.0,32.180553,32.180553,32.180553,27.713659252243914,32.32227539033592,36.243318024840356,no_promo,1193.9044913318935,1392.4436829995252,1561.36220687362,30.156,1163.7484911945644,1362.287682862196,1531.2062067362908,367.45771554172643,1163.7484911945644,10.0,56.0040023803711,1379.121854775008
2024-01-07,store_1,item_17,18.448676385675896,62.32,0,0.0,1,6,1,1,0.49999999999999994,0.8660254037844387,-0.7818314824680299,0.6234898018587334,17.263023,13.0,15.0,13.0,18.300064,2.6914864,17.507175,3.591599,18.146444,4.4865823,0.79288864,0.15361977,4.2630234,6.2630234,62.32,62.32,62.32,62.32,60.985,3.9245307,0.0,0.0,0.0,1.0,1.0218906,0.34016773,-0.02189064,0.0,0.06435239,3883.7825,4.1482015,0.0,0.0,-0.0,18.146444,18.146444,18.146444,13.90533347917338,18.448676385675896,21.851291275898213,no_promo,866.580378178514,1149.7215067252325,1361.7724656454918,43.624,822.9563776291976,1106.0975061759161,1318.1484650961754,495.1920874669778,822.9563776291976,10.0,81.01599960327148,1099.5851615666734
2024-01-07,store_1,item_18,40.409621903119515,71.7,0,0.0,1,6,1,1,0.49999999999999994,0.8660254037844387,-0.7818314824680299,0.6234898018587334,39.141582,30.0,50.0,32.0,42.32306,6.6931796,43.518673,8.0011215,41.47362,7.187346,-1.1956139,0.8494377,9.1415825,29.141582,71.7,71.7,71.7,71.7,71.18785,2.7100046,0.0,0.0,0.0,1.0,1.0071943,0.18898338,-0.0071942806,0.0,0.038068358,5140.8896,4.286341,0.0,0.0,-0.0,41.47362,41.47362,41.47362,35.683497760959504,40.409621903119515,44.33620800273498,no_promo,2558.5066805634033,2897.3697671332898,3178.9059784927285,50.19,2508.3166819366943,2847.179768506581,3128.7159798660196,620.3992979293253,2508.3166819366943,10.0,93.20999603271484,2946.5911799029486
2024-01-07,store_1,item_19,15.199749098027846,40.82,0,0.0,1,6,1,1,0.49999999999999994,0.8660254037844387,-0.7818314824680299,0.6234898018587334,14.570174,15.0,10.0,14.0,15.723945,1.223874,15.433401,3.2228293,14.359557,2.9575467,0.29054356,1.3643875,-0.42982578,-5.429826,40.82,40.82,40.82,40.82,40.82,0.0,0.0,0.0,0.0,1.0,1.0,0.0,0.0,0.0,0.0,1666.2723,3.7333746,0.0,0.0,0.0,14.359557,14.359557,14.359557,10.824936107786892,15.199749098027846,19.124018049756934,no_promo,441.8738886163526,620.4537535429014,780.6424109548909,28.574,413.29988921144536,591.8797541379942,752.0684115499837,338.76852233853833,413.29988921144536,10.0,36.737999725341794,582.5361603183487
2024-01-07,store_1,item_2,40.82673907572774,38.55,0,0.0,1,6,1,1,0.49999999999999994,0.8660254037844387,-0.7818314824680299,0.6234898018587334,37.925278,35.0,36.0,35.0,42.67328,5.16959,41.622353,5.8146,40.34689,6.922865,1.0509262,2.3263893,2.9252777,3.9252777,38.55,38.55,38.55,38.55,38.274643,1.4570528,0.0,0.0,0.0,1.0,1.0071943,0.18898156,-0.0071942806,0.0,0.038068358,1486.1024,3.6775656,0.0,0.0,-0.0,40.34689,40.34689,40.34689,36.736856154360474,40.82673907572774,44.55271773749372,no_promo,1416.2057767225992,1573.8707602209743,1717.507234789357,26.984999,1389.2207780195963,1546.8857615179713,1690.522236086354,301.30145806675773,1389.2207780195963,10.0,50.114999008178714,1448.807759964844
2024-01-07,store_1,item_20,54.08640917340277,12.2,0,0.0,1,6,1,1,0.49999999999999994,0.8660254037844387,-0.7818314824680299,0.6234898018587334,51.545704,62.0,43.0,37.0,58.38387,4.3107576,53.47765,7.0830455,50.45311,10.248345,4.9062195,7.9307594,-10.454296,-29.454296,12.2,12.2,15.24,12.2,14.3714285,1.3985329,0.0,0.0,-0.19947505,0.99999994,0.8489065,-1.5526465,0.15109348,0.0,0.09731341,148.84,2.580217,1.0,1.0,0.0,50.45311,50.45311,50.45311,49.762764792158286,54.08640917340277,56.56156671290491,no_promo,607.1057209728369,659.85418159935,690.0511031091772,8.54,598.5657210109839,651.314181637497,681.5111031473242,82.9453821363403,598.5657210109839,10.0,14.944999766349794,878.4378267211671
2024-01-07,store_1,item_21,40.199793973844606,27.45,0,0.0,1,6,1,1,0.49999999999999994,0.8660254037844387,-0.7818314824680299,0.6234898018587334,37.803802,31.0,37.0,38.0,41.97657,6.114868,44.55971,9.721601,42.49414,9.501494,-2.5831413,-0.5175705,6.8038025,12.8038025,27.45,27.45,27.45,27.45,26.665714,1.9563528,0.0,0.0,0.0,0.99999994,1.0294117,0.40089196,-0.029411674,0.0,0.073365845,753.50256,3.348148,0.0,0.0,-0.0,42.49414,42.49414,42.49414,36.65690248483449,40.199793973844606,44.60371095297431,no_promo,1006.2320011757039,1103.4843752520433,1224.3718996890757,19.215,987.017001023116,1084.2693750994554,1205.1568995364878,218.1398985133718,987.017001023116,10.0,35.68500099182129,1051.093244159128
2024-01-07,store_1,item_22,21.215111328846973,47.59,0,0.0,1,6,1,1,0.49999999999999994,0.8660254037844387,-0.7818314824680299,0.6234898018587334,20.235947,17.0,16.0,16.0,21.75734,2.7953155,21.021526,4.2052274,21.082191,4.6971564,0.73581314,0.675148,3.2359467,2.2359467,47.59,47.59,47.59,47.59,46.91,2.4967654,0.0,0.0,0.0,1.0,1.0144958,0.2723524,-0.01449585,0.0,0.053224586,2264.808,3.8834178,0.0,0.0,-0.0,21.082191,21.082191,21.082191,17.33248124721547,21.215111328846973,25.129992104994077,no_promo,824.852785199711,1009.6271513769965,1195.9363281112005,33.313,791.5397854743692,976.3141516516547,1162.6233283858587,371.08354291148953,791.5397854743692,10.0,61.86700019836426,1019.9554160799293
2024-01-07,store_1,item_23,12.53182597110286,46.82,0,0.0,1,6,1,1,0.49999999999999994,0.8660254037844387,-0.7818314824680299,0.6234898018587334,11.648543,10.0,9.0,12.0,12.729069,1.6629539,12.007392,2.8190632,12.110839,3.4746132,0.7216768,0.61822987,1.6485434,0.64854336,46.82,46.82,46.82,46.82,46.485714,1.7688738,0.0,0.0,0.0,1.0,1.0071912,0.18898214,-0.007191181,0.0,0.03805199,2192.1123,3.867444,0.0,0.0,-0.0,12.110839,12.110839,12.110839,8.386652305038186,12.53182597110286,16.15920462998037,no_promo,392.6630583624847,586.7400881426261,756.573955844283,32.774,359.8890601019867,553.966089882128,723.7999575837849,363.91089748179826,359.8890601019867,10.0,60.86599960327148,587.5828099070152
2024-01-07,store_1,item_24,38.78436117296272,19.06,0,0.0,1,6,1,1,0.49999999999999994,0.8660254037844387,-0.7818314824680299,0.6234898018587334,38.481766,31.0,30.0,33.0,41.950108,6.1575155,42.332195,9.659441,40.308956,8.4029045,-0.3820877,1.6411514,7.4817657,6.4817657,19.06,19.06,19.06,19.06,18.923927,0.7200222,0.0,0.0,0.0,0.9999999,1.0071903,0.18898302,-0.0071903467,0.0,0.03804824,363.28357,2.9987278,0.0,0.0,-0.0,40.308956,40.308956,40.308956,34.8912918869279,38.78436117296272,43.78522500764174,no_promo,665.0280047308856,739.2299032435859,834.5463652618187,13.341999,651.6860056769306,725.8879041896308,821.2043662078636,169.51836053093302,651.6860056769306,10.0,24.7779993057251,778.8285518425331
2024-01-07,store_1,item_25,37.02856106984579,89.21,0,0.0,1,6,1,1,0.49999999999999994,0.8660254037844387,-0.7818314824680299,0.6234898018587334,34.911476,33.0,48.0,27.0,39.659294,4.7372856,39.472504,6.266936,38.843395,6.820468,0.18679047,0.8158989,1.9114761,16.911476,89.21,89.21,89.21,89.21,87.29857,5.6190705,0.0,0.0,0.0,1.0,1.0218953,0.34016836,-0.02189529,0.0,0.064366125,7958.424,4.50214,0.0,0.0,-0.0,38.843395,38.843395,38.843395,33.37153360241279,37.02856106984579,41.97637325358057,no_promo,2977.0744821186936,3303.317899140283,3744.712219521405,62.447,2914.627483522502,3240.8709005440915,3682.2652209252137,767.6377374027115,2914.627483522502,10.0,115.97299880981446,3490.8260104615533
2024-01-07,store_1,item_26,38.16563808665262,47.67,0,0.0,1,6,1,1,0.49999999999999994,0.8660254037844387,-0.7818314824680299,0.6234898018587334,36.904972,31.0,28.0,26.0,40.937153,5.644026,39.611435,6.4519773,38.234287,6.7986417,1.3257179,2.7028656,5.904972,2.904972,47.67,47.67,47.67,47.67,47.67,0.0,0.0,0.0,0.0,1.0,1.0,0.0,0.0,0.0,0.0,2272.4287,3.8850627,0.0,0.0,0.0,38.234287,38.234287,38.234287,34.136449601441946,38.16563808665262,42.55977487747584,no_promo,1627.2844899950314,1819.3558977073599,2028.8243904799979,33.369,1593.9154905138303,1785.9868982261587,1995.4553909987967,401.53990048496644,1593.9154905138303,10.0,61.97099761962891,1832.9460600947814
2024-01-07,store_1,item_27,40.44746224294632,67.62,0,0.0,1,6,1,1,0.49999999999999994,0.8660254037844387,-0.7818314824680299,0.6234898018587334,37.050083,34.0,38.0,46.0,42.03474,5.460866,42.66023,6.200696,41.258686,6.4479322,-0.6254883,0.7760544,3.0500832,7.050083,67.62,67.62,54.1,67.62,66.17143,4.258401,0.0,0.0,0.24990766,1.0,1.0218911,0.34016758,-0.021891117,0.0,0.06435407,4572.465,4.2285843,0.0,0.0,-0.0,41.258686,41.258686,41.258686,36.10783494372495,40.44746224294632,44.26824756773646,no_promo,2441.611898067812,2735.057507960303,2993.4190221167128,47.334,2394.277898434023,2687.723508326514,2946.0850224829237,551.8071240489007,2394.277898434023,10.0,87.90600357055665,2581.62874005036
2024-01-01,store_1,item_1,61.917919028856105,21.3,1,0.0,1,0,1,0,0.49999999999999994,0.8660254037844387,0.0,1.0,42.0,47.0,68.0,40.0,47.857143,8.112307,49.214287,8.911346,46.82143,10.607661,-1.3571434,1.0357132,-5.0,16.0,21.3,21.3,21.3,21.3,20.995714,1.1172496,0.0,0.0,0.0,0.9999999,1.0144926,0.27235165,-0.014492631,0.0,0.053213216,453.68997,3.1045866,0.0,0.0,-0.014492630958557129,46.82143,46.82143,46.82143,57.945018291652254,61.917919028856105,59.10080875672852,full_promo,1234.2288454036525,1318.8516280750118,1258.8471814279787,14.909999,1219.3188465099147,1303.941629181274,1243.937182534241,24.618336024326254,1219.3188465099147,10.0,27.689999008178713,960.5376904331911
2024-01-01,store_1,item_10,28.13901127842051,20.59,1,0.0,1,0,1,0,0.49999999999999994,0.8660254037844387,0.0,1.0,21.0,36.0,24.0,27.0,25.0,8.1034975,24.642857,6.1595097,23.071428,5.496993,0.3571434,1.9285717,-15.0,-27.0,20.59,16.47,20.59,20.001429,20.442858,0.77860695,0.0,0.2501518,0.0,1.0294263,1.0071976,0.18898138,-0.0071976185,-0.2501518,0.038086988,423.94812,3.0722303,1.0,1.0,-0.00719761848449707,23.071428,23.071428,23.071428,25.694000701875392,28.13901127842051,32.76272384544737,full_promo,529.0394783722077,579.3822465163507,674.5844889769562,14.413,514.6264782653961,564.9692464095392,660.1714888701447,145.54501060474854,514.6264782653961,10.0,26.767000198364258,480.8890615945379
2024-01-01,store_1,item_11,38.644121497267726,52.2,1,0.0,1,0,1,0,0.49999999999999994,0.8660254037844387,0.0,1.0,30.0,22.0,27.0,20.0,28.285715,7.825477,27.142857,7.047718,26.535715,7.3256636,1.1428585,1.75,8.0,13.0,52.2,65.25,65.25,61.521427,63.385715,4.6503453,0.0,-0.19999999,-0.19999999,0.8484849,0.8235294,-2.405351,0.17647058,0.19999999,0.07336582,2724.84,3.9740584,0.0,2.0,0.1764705777168274,26.535715,26.535715,26.535715,35.66953327504667,38.644121497267726,43.12093549378131,full_promo,1861.9496641711303,2017.2231716405001,2250.912865674047,36.54,1825.409663255603,1980.6831707249728,2214.37286475852,388.96320150291695,1825.409663255603,10.0,63.945000934600834,1990.7141957281833
2024-01-01,store_1,item_12,26.99511323849268,60.88,1,0.0,1,0,1,0,0.49999999999999994,0.8660254037844387,0.0,1.0,15.0,20.0,16.0,24.0,22.0,5.7445626,23.0,5.24771,21.821428,6.01882,-1.0,0.1785717,-5.0,-9.0,60.88,60.88,60.88,60.88,59.14,4.3403225,0.0,0.0,0.0,1.0,1.0294217,0.40089217,-0.029421687,0.0,0.07339064,3706.3745,4.125197,0.0,0.0,-0.029421687126159668,21.821428,21.821428,21.821428,23.671291657858735,26.99511323849268,29.70512767614956,full_promo,1441.108261414107,1643.4625227933261,1808.4482046524845,42.616,1398.4922602849565,1600.8465216641757,1765.832203523334,367.3399432383776,1398.4922602849565,10.0,79.14400138854981,1376.6699239758996
2024-01-01,store_1,item_13,54.47732502406426,68.19,1,0.0,1,0,1,0,0.49999999999999994,0.8660254037844387,0.0,1.0,40.0,40.0,44.0,38.0,42.285713,2.6276913,43.142857,3.3248978,42.0,4.9366355,-0.8571434,0.2857132,0.0,4.0,68.19,68.19,68.19,68.19,67.21571,3.577299,0.0,0.0,0.0,1.0,1.014495,0.27235314,-0.014495015,0.0,0.053221174,4649.8765,4.2368565,0.0,0.0,-0.014495015144348145,42.0,42.0,42.0,49.97261087735443,54.47732502406426,55.99575504573668,full_promo,3407.632457730243,3714.8089263922234,3818.3506732771707,47.733,3359.8994560212586,3667.075924683239,3770.6176715681863,410.7182155469277,3359.8994560212586,10.0,66.4852523803711,2704.1890872456106
2024-01-01,store_1,item_14,31.625298912373893,70.38,1,0.0,1,0,1,0,0.49999999999999994,0.8660254037844387,0.0,1.0,22.0,24.0,20.0,22.0,25.857143,4.0999417,26.5,6.768138,24.642857,5.845,-0.6428566,1.2142868,-2.0,-6.0,70.38,70.38,70.38,68.369995,68.8725,4.431632,0.0,0.0,0.0,1.0293989,1.0218883,0.340168,-0.021888256,0.0,0.06434545,4953.344,4.268018,0.0,1.0,-0.021888256072998047,24.642857,24.642857,24.642857,29.048483967225124,31.625298912373893,32.879742560020944,full_promo,2044.4322218292602,2225.7884505913967,2314.076191067364,49.266,1995.1662229889282,2176.5224517510646,2264.810192227032,269.64396923810386,1995.1662229889282,10.0,91.49399642944336,1785.1598720204315
2024-01-01,store_1,item_15,25.28509736509599,56.62,1,0.0,1,0,1,0,0.49999999999999994,0.8660254037844387,0.0,1.0,18.0,24.0,22.0,21.0,23.714285,4.5355735,22.285715,4.905704,21.142857,4.6723323,1.4285698,2.5714283,-6.0,-8.0,56.62,56.62,56.62,56.62,56.62,0.0,0.0,0.0,0.0,1.0,1.0,0.0,0.0,0.0,0.0,3205.8242,4.0538697,0.0,0.0,0.0,21.142857,21.142857,21.142857,23.91777470407597,25.28509736509599,27.759898408888926,full_promo,1354.2243781978418,1431.6421858043373,1571.7654182605206,39.634,1314.5903793269922,1392.0081869334877,1532.131419389671,217.5410400626788,1314.5903793269922,10.0,73.6059986114502,1246.037108017076
2024-01-01,store_1,item_16,39.951941217103546,43.08,1,0.0,1,0,1,0,0.49999999999999994,0.8660254037844387,0.0,1.0,35.0,30.0,34.0,31.0,35.714287,3.6384194,32.57143,5.774137,30.892857,4.9765325,3.1428566,4.82143,5.0,9.0,43.08,43.08,43.08,41.84857,42.772144,1.6290274,0.0,0.0,0.0,1.0294259,1.0071976,0.1889823,-0.0071976185,0.0,0.038086176,1855.8866,3.7860062,0.0,1.0,-0.00719761848449707,30.892857,30.892857,30.892857,34.06350247781499,39.951941217103546,44.84890990041044,full_promo,1467.4557491164057,1721.12970078701,1932.0911206304884,30.156,1437.2997489790766,1690.973700649681,1901.9351204931593,464.63537151408264,1437.2997489790766,10.0,56.0040023803711,1379.121854775008
2024-01-01,store_1,item_17,19.731788019283325,62.32,1,0.0,1,0,1,0,0.49999999999999994,0.8660254037844387,0.0,1.0,13.0,18.0,17.0,17.0,16.428572,4.5773773,18.571428,5.6393437,17.392857,4.954155,-2.1428566,-0.9642849,-5.0,-6.0,62.32,62.32,62.32,62.32,60.985,3.9245307,0.0,0.0,0.0,1.0,1.0218906,0.34016773,-0.02189064,0.0,0.06435239,3883.7825,4.1482015,0.0,0.0,-0.021890640258789062,17.392857,17.392857,17.392857,17.227452823822222,19.731788019283325,25.448370529864604,full_promo,1073.6148547231994,1229.685023340073,1585.9424436549357,43.624,1029.990854173883,1186.0610227907566,1542.3184431056193,512.3275889317363,1029.990854173883,10.0,81.01599960327148,1099.5851615666734
2024-01-01,store_1,item_18,52.47064611718444,71.7,1,0.0,1,0,1,0,0.49999999999999994,0.8660254037844387,0.0,1.0,30.0,42.0,37.0,35.0,41.857143,10.605479,42.0,8.575457,39.642857,7.4147716,-0.1428566,2.2142868,-12.0,-17.0,71.7,71.7,71.7,71.7,71.18785,2.7100046,0.0,0.0,0.0,1.0,1.0071943,0.18898338,-0.0071942806,0.0,0.038068358,5140.8896,4.286341,0.0,0.0,-0.0071942806243896484,39.642857,39.642857,39.642857,48.59665133282451,52.47064611718444,53.07210482459113,full_promo,3484.379752258307,3762.14516647442,3805.2697539599735,50.19,3434.189753631598,3711.955167847711,3755.0797553332645,320.89000170166673,3434.189753631598,10.0,93.20999603271484,2946.5911799029486
2024-01-01,store_1,item_19,15.056937818421014,40.82,1,0.0,1,0,1,0,0.49999999999999994,0.8660254037844387,0.0,1.0,15.0,13.0,13.0,10.0,15.857142,3.9761193,14.571428,3.4799268,13.714286,3.2869792,1.2857141,2.1428566,2.0,2.0,40.82,40.82,40.82,40.82,40.82,0.0,0.0,0.0,0.0,1.0,1.0,0.0,0.0,0.0,0.0,1666.2723,3.7333746,0.0,0.0,0.0,13.714286,13.714286,13.714286,11.718124069619556,15.056937818421014,20.245133719435653,full_promo,478.3338209457826,614.624197152933,826.4063522490388,28.574,449.75982154087535,586.0501977480258,797.8323528441316,348.07253130325626,449.75982154087535,10.0,36.737999725341794,582.5361603183487
2024-01-01,store_1,item_2,53.56791458476662,38.55,1,0.0,1,0,1,0,0.49999999999999994,0.8660254037844387,0.0,1.0,35.0,42.0,40.0,33.0,40.42857,6.7541876,39.92857,5.6359324,39.464287,7.4658837,0.5,0.964283,-7.0,-9.0,38.55,38.55,38.55,38.55,37.999287,2.022065,0.0,0.0,0.0,1.0,1.0144928,0.27235144,-0.01449275,0.0,0.053213235,1486.1024,3.6775656,0.0,0.0,-0.01449275016784668,39.464287,39.464287,39.464287,47.97727120604449,53.56791458476662,52.219351549811634,full_promo,1849.5237683892622,2065.043066373678,2013.055962405035,26.984999,1822.5387696862592,2038.058067670675,1986.070963702032,163.5321940157728,1822.5387696862592,10.0,50.114999008178714,1448.807759964844
2024-01-01,store_1,item_20,71.7747313499028,12.2,1,0.0,1,0,1,0,0.49999999999999994,0.8660254037844387,0.0,1.0,62.0,45.0,47.0,45.0,51.285713,7.0878835,51.214287,11.715726,48.07143,9.626078,0.07142639,3.214283,17.0,19.0,12.2,15.24,15.24,14.805714,14.914286,0.95751,0.0,-0.19947505,-0.19947505,0.82400614,0.8180076,-2.8347306,0.18199241,0.19947505,0.064200856,148.84,2.580217,0.0,1.0,0.18199241161346436,48.07143,48.07143,48.07143,69.67670451544164,71.7747313499028,76.04045671471069,full_promo,850.0557817986113,875.6517087788706,927.6935574159043,8.54,841.5157818367583,867.1117088170175,919.1535574540512,77.63777561729296,841.5157818367583,10.0,14.944999766349794,878.4378267211671
2024-01-01,store_1,item_21,51.92622221760514,27.45,1,0.0,1,0,1,0,0.49999999999999994,0.8660254037844387,0.0,1.0,31.0,38.0,42.0,39.0,46.285713,13.31308,43.07143,10.21661,41.214287,9.769026,3.214283,5.0714264,-7.0,-3.0,27.45,27.45,27.45,25.88143,26.665714,1.9563528,0.0,0.0,0.0,1.060606,1.0294117,0.40089196,-0.029411674,0.0,0.073365845,753.50256,3.348148,0.0,2.0,-0.029411673545837402,41.214287,41.214287,41.214287,46.28852711132988,51.92622221760514,52.68544077727682,full_promo,1270.6201045213486,1425.3748394898246,1446.21538953205,19.215,1251.4051043687607,1406.1598393372367,1427.0003893794621,175.59528501070145,1251.4051043687607,10.0,35.68500099182129,1051.093244159128
2024-01-01,store_1,item_22,22.73024889157906,47.59,1,0.0,1,0,1,0,0.49999999999999994,0.8660254037844387,0.0,1.0,17.0,13.0,18.0,18.0,20.428572,5.287001,19.857143,4.8810015,20.892857,4.9765325,0.5714283,-0.4642849,4.0,9.0,47.59,47.59,47.59,47.59,46.23,3.3924363,0.0,0.0,0.0,1.0,1.0294181,0.4008919,-0.02941811,0.0,0.07338171,2264.808,3.8834178,0.0,0.0,-0.029418110847473145,20.892857,20.892857,20.892857,22.04856394352656,22.73024889157906,27.848325268045006,full_promo,1049.2911614367729,1081.7325482186081,1325.301803755579,33.313,1015.9781617114311,1048.4195484932663,1291.9888040302371,276.01064231880605,1015.9781617114311,10.0,61.86700019836426,1019.9554160799293
2024-01-01,store_1,item_23,13.272895107147193,46.82,1,0.0,1,0,1,0,0.49999999999999994,0.8660254037844387,0.0,1.0,10.0,6.0,16.0,13.0,11.428572,3.5523298,11.285714,4.027379,11.785714,3.499811,0.14285755,-0.35714245,4.0,14.0,46.82,46.82,46.82,46.82,46.485714,1.7688738,0.0,0.0,0.0,1.0,1.0071912,0.18898214,-0.007191181,0.0,0.03805199,2192.1123,3.867444,0.0,0.0,-0.007191181182861328,11.785714,11.785714,11.785714,8.708598196885905,13.272895107147193,18.6248500953863,full_promo,407.7365649205448,621.4369448660655,872.0154757821334,32.774,374.9625666600468,588.6629466055674,839.2414775216354,464.2789108615886,374.9625666600468,10.0,60.86599960327148,587.5828099070152
2024-01-01,store_1,item_24,50.9747331316699,19.06,1,0.0,1,0,1,0,0.49999999999999994,0.8660254037844387,0.0,1.0,31.0,44.0,35.0,38.0,42.857143,12.64158,40.642857,10.3819895,39.25,8.461788,2.2142868,3.6071434,-13.0,-22.0,19.06,19.06,19.06,18.515715,18.923927,0.7200222,0.0,0.0,0.0,1.0293957,1.0071903,0.18898302,-0.0071903467,0.0,0.03804824,363.28357,2.9987278,0.0,1.0,-0.007190346717834473,39.25,39.25,39.25,47.17758614888491,50.9747331316699,53.73943553262366,full_promo,899.2047668021972,971.5783862661838,1024.273612551852,13.341999,885.8627677482422,958.2363872122287,1010.9316134978969,125.06884574965477,885.8627677482422,10.0,24.7779993057251,778.8285518425331
2024-01-01,store_1,item_25,48.682253876263964,89.21,1,0.0,1,0,1,0,0.49999999999999994,0.8660254037844387,0.0,1.0,33.0,39.0,31.0,27.0,37.142857,7.1514235,38.92857,7.5392747,37.17857,7.3436975,-1.7857132,-0.035713196,-6.0,-14.0,89.21,89.21,89.21,89.21,87.29857,5.6190705,0.0,0.0,0.0,1.0,1.0218953,0.34016836,-0.02189529,0.0,0.064366125,7958.424,4.50214,0.0,0.0,-0.021895289421081543,37.17857,37.17857,37.17857,42.47711940482621,48.682253876263964,51.12004807998825,full_promo,3789.383783215582,4342.9438237315735,4560.4194424139505,62.447,3726.9367846193904,4280.496825135382,4497.972443817759,771.0356591983686,3726.9367846193904,10.0,115.97299880981446,3490.8260104615533
2024-01-01,store_1,item_26,49.95169619913043,47.67,1,0.0,1,0,1,0,0.49999999999999994,0.8660254037844387,0.0,1.0,31.0,40.0,36.0,53.0,38.714287,6.725927,38.42857,6.767732,37.67857,7.0398526,0.285717,1.035717,-9.0,-13.0,47.67,47.67,38.14,47.67,47.32964,1.8010005,0.0,0.0,0.24986887,1.0,1.0071912,0.18898304,-0.007191181,0.0,0.038052276,2272.4287,3.8850627,0.0,0.0,-0.007191181182861328,37.67857,37.67857,37.67857,45.892727652152494,49.95169619913043,52.99406420135773,full_promo,2187.7062431460154,2381.19726634826,2526.2269434436935,33.369,2154.337243664814,2347.828266867059,2492.8579439624923,338.5207002976781,2154.337243664814,10.0,61.97099761962891,1832.9460600947814
2024-01-01,store_1,item_27,52.292031266456746,67.62,1,0.0,1,0,1,0,0.49999999999999994,0.8660254037844387,0.0,1.0,34.0,38.0,39.0,41.0,42.714287,7.867958,40.92857,7.5392747,40.07143,6.6939917,1.785717,2.6428566,-4.0,-3.0,67.62,67.62,67.62,65.688576,66.17143,4.258401,0.0,0.0,0.0,1.0294027,1.0218911,0.34016758,-0.021891117,0.0,0.06435407,4572.465,4.2285843,0.0,1.0,-0.021891117095947266,40.07143,40.07143,40.07143,47.49384667866605,52.292031266456746,55.54783562487003,full_promo,3211.5340428571444,3535.987297862159,3756.1447975203987,47.334,3164.2000432233554,3488.6532982283697,3708.8107978866096,544.6107546632543,3164.2000432233554,10.0,87.90600357055665,2581.62874005036
2024-01-02,store_1,item_1,70.50834696460858,21.3,1,0.0,1,1,1,0,0.49999999999999994,0.8660254037844387,0.7818314824680298,0.6234898018587336,61.91792,51.0,49.0,48.0,49.988274,9.661227,48.77985,8.029724,47.60421,10.890571,1.2084236,2.3840637,10.917919,8.917919,21.3,21.3,21.3,21.3,20.995714,1.1172496,0.0,0.0,0.0,0.9999999,1.0144926,0.27235165,-0.014492631,0.0,0.053213216,453.68997,3.1045866,0.0,1.0,-0.014492630958557129,47.60421,47.60421,47.60421,62.23805859514184,70.50834696460858,69.1730134640992,full_promo,1325.6706005926508,1501.827736552563,1473.3851340104918,14.909999,1310.760601698913,1486.9177376588252,1458.475135116754,147.71453341784104,1310.760601698913,10.0,27.689999008178713,960.5376904331911
2024-01-02,store_1,item_10,32.81711252503787,20.59,1,0.0,1,1,1,0,0.49999999999999994,0.8660254037844387,0.7818314824680298,0.6234898018587336,28.139011,29.0,28.0,22.0,23.877,6.758026,24.938501,6.2252617,23.112108,5.5312495,-1.0615005,0.7648926,-0.8609886,-1.8609886,20.59,20.59,20.59,20.59,20.442858,0.77860695,0.0,0.0,0.0,0.9999999,1.0071976,0.18898138,-0.0071976185,0.0,0.038086988,423.94812,3.0722303,0.0,1.0,-0.00719761848449707,23.112108,23.112108,23.112108,30.690747364650285,32.81711252503787,37.5516753205665,full_promo,631.9224929211857,675.7043518980238,773.1890005803953,14.413,617.5094928143742,661.2913517912123,758.7760004735837,141.26650765920954,617.5094928143742,10.0,26.767000198364258,480.8890615945379
2024-01-02,store_1,item_11,45.341035915139024,52.2,1,0.0,1,1,1,0,0.49999999999999994,0.8660254037844387,0.7818314824680298,0.6234898018587336,38.644123,26.0,27.0,35.0,30.663446,8.120342,27.97458,7.687594,27.201576,7.553385,2.6888657,3.4618702,12.644123,13.644123,52.2,65.25,52.2,59.657143,62.919643,5.089774,0.0,-0.19999999,0.0,0.875,0.82962966,-2.1061132,0.17037034,0.19999999,0.08089325,2724.84,3.9740584,0.0,3.0,0.17037034034729004,27.201576,27.201576,27.201576,41.85434038877976,45.341035915139024,50.1334266791597,full_promo,2184.796600226631,2366.802109362722,2616.964910900905,36.54,2148.256599311104,2330.262108447195,2580.424909985378,432.1683106742739,2148.256599311104,10.0,63.945000934600834,1990.7141957281833
2024-01-02,store_1,item_12,32.377744462037064,60.88,1,0.0,1,1,1,0,0.49999999999999994,0.8660254037844387,0.7818314824680298,0.6234898018587336,26.995113,26.0,25.0,37.0,22.999302,5.943637,23.785366,4.9328237,21.928396,6.085221,-0.78606415,1.0709057,0.9951134,-0.004886627,60.88,60.88,48.7,60.88,59.14,4.3403225,0.0,0.0,0.25010267,1.0,1.0294217,0.40089217,-0.029421687,0.0,0.07339064,3706.3745,4.125197,0.0,1.0,-0.029421687126159668,21.928396,21.928396,21.928396,28.322886300836434,32.377744462037064,34.29693707217798,full_promo,1724.2973482470284,1971.1571174319786,2087.9975655872768,42.616,1681.681347117878,1928.5411163028282,2045.3815644581264,363.7002173402484,1681.681347117878,10.0,79.14400138854981,1376.6699239758996
2024-01-02,store_1,item_13,61.88214474848425,68.19,1,0.0,1,1,1,0,0.49999999999999994,0.8660254037844387,0.7818314824680298,0.6234898018587336,54.477325,43.0,43.0,48.0,44.353905,5.0809712,43.89124,4.503065,42.588474,5.4022875,0.46266556,1.7654305,11.477325,11.477325,68.19,68.19,68.19,68.19,67.21571,3.577299,0.0,0.0,0.0,1.0,1.014495,0.27235314,-0.014495015,0.0,0.053221174,4649.8765,4.2368565,0.0,1.0,-0.014495015144348145,42.588474,42.588474,42.588474,57.41429245794296,61.88214474848425,63.83060080089838,full_promo,3915.080742878743,4219.743601478596,4352.608824449689,47.733,3867.3477411697586,4172.010599769612,4304.875822740704,437.5280815709457,3867.3477411697586,10.0,66.4852523803711,2704.1890872456106
2024-01-02,store_1,item_14,35.708511854556576,70.38,1,0.0,1,1,1,0,0.49999999999999994,0.8660254037844387,0.7818314824680298,0.6234898018587336,31.6253,24.0,28.0,29.0,26.946472,4.516144,27.330378,6.62086,24.986618,5.96561,-0.3839054,1.9598541,7.6252995,11.625299,70.38,70.38,70.38,68.369995,68.8725,4.431632,0.0,0.0,0.0,1.0293989,1.0218883,0.340168,-0.021888256,0.0,0.06434545,4953.344,4.268018,0.0,2.0,-0.021888256072998047,24.986618,24.986618,24.986618,31.490817265378823,35.708511854556576,38.37205952254855,full_promo,2216.323632645249,2513.1649662473346,2700.6254438049577,49.266,2167.057633804917,2463.8989674070026,2651.3594449646257,484.3018111597089,2167.057633804917,10.0,91.49399642944336,1785.1598720204315
2024-01-02,store_1,item_15,29.94117451727483,56.62,1,0.0,1,1,1,0,0.49999999999999994,0.8660254037844387,0.7818314824680298,0.6234898018587336,25.285097,25.0,25.0,20.0,23.897871,4.5749035,22.520365,4.969143,21.295897,4.737207,1.3775063,2.6019745,0.28509712,0.28509712,56.62,56.62,56.62,56.62,56.62,0.0,0.0,0.0,0.0,1.0,1.0,0.0,0.0,0.0,0.0,3205.8242,4.0538697,0.0,1.0,0.0,21.295897,21.295897,21.295897,27.997451011359317,29.94117451727483,31.39902296256407,full_promo,1585.2156463586605,1695.2692691874763,1777.8126466026029,39.634,1545.5816474878109,1655.6352703166267,1738.1786477317532,192.59700024394238,1545.5816474878109,10.0,73.6059986114502,1246.037108017076
2024-01-02,store_1,item_16,45.069614213923714,43.08,1,0.0,1,1,1,0,0.49999999999999994,0.8660254037844387,0.7818314824680298,0.6234898018587336,39.951942,35.0,28.0,29.0,37.13599,2.9035754,32.996567,6.097473,31.21257,5.2629805,4.1394234,5.92342,4.9519424,-2.0480576,43.08,43.08,43.08,41.84857,42.772144,1.6290274,0.0,0.0,0.0,1.0294259,1.0071976,0.1889823,-0.0071976185,0.0,0.038086176,1855.8866,3.7860062,0.0,2.0,-0.00719761848449707,31.21257,31.21257,31.21257,40.662684231669644,45.069614213923714,50.65017452032309,full_promo,1751.7485111559267,1941.599062860762,2182.009611078758,30.156,1721.5925110185976,1911.4430627234328,2151.853610941429,430.26109992283136,1721.5925110185976,10.0,56.0040023803711,1379.121854775008
2024-01-02,store_1,item_17,21.87720052293624,62.32,1,0.0,1,1,1,0,0.49999999999999994,0.8660254037844387,0.7818314824680298,0.6234898018587336,19.731789,19.0,25.0,22.0,16.67597,4.7210116,18.766556,5.628038,17.490421,4.972995,-2.0905857,-0.8144512,0.73178864,6.7317886,62.32,62.32,62.32,62.32,60.985,3.9245307,0.0,0.0,0.0,1.0,1.0218906,0.34016773,-0.02189064,0.0,0.06435239,3883.7825,4.1482015,0.0,1.0,-0.021890640258789062,17.490421,17.490421,17.490421,20.39922884929632,21.87720052293624,26.493518619518355,full_promo,1271.279935662796,1363.3871299129946,1651.0760722832035,43.624,1227.6559351134797,1319.7631293636782,1607.4520717338871,379.7961366204074,1227.6559351134797,10.0,81.01599960327148,1099.5851615666734
2024-01-02,store_1,item_18,61.23142461674149,71.7,1,0.0,1,1,1,0,0.49999999999999994,0.8660254037844387,0.7818314824680298,0.6234898018587336,52.470646,48.0,48.0,39.0,43.35295,11.341819,43.105045,8.873203,40.266808,7.7376513,0.24790573,3.0861435,4.470646,4.470646,71.7,71.7,71.7,71.7,71.18785,2.7100046,0.0,0.0,0.0,1.0,1.0071943,0.18898338,-0.0071942806,0.0,0.038068358,5140.8896,4.286341,0.0,1.0,-0.0071942806243896484,40.266808,40.266808,40.266808,55.97827391403243,61.23142461674149,59.48593153180011,full_promo,4013.6420688039902,4390.292958156887,4265.141109293411,50.19,3963.4520701772813,4340.102959530178,4214.951110666702,251.49904048942108,3963.4520701772813,10.0,93.20999603271484,2946.5911799029486
2024-01-02,store_1,item_19,17.504469771645635,40.82,1,0.0,1,1,1,0,0.49999999999999994,0.8660254037844387,0.7818314824680298,0.6234898018587336,15.056938,18.0,17.0,19.0,16.150991,3.8019683,14.718352,3.4517853,13.894891,3.2134426,1.4326391,2.2561007,-2.9430618,-3.9430618,40.82,40.82,40.82,40.82,40.82,0.0,0.0,0.0,0.0,1.0,1.0,0.0,0.0,0.0,0.0,1666.2723,3.7333746,0.0,1.0,0.0,13.894891,13.894891,13.894891,13.278405979954114,17.504469771645635,22.58339145356433,full_promo,542.024528049479,714.5324507366346,921.8540322425919,28.574,513.4505286445718,685.9584513317274,893.2800328376846,379.8295041931128,513.4505286445718,10.0,36.737999725341794,582.5361603183487
2024-01-02,store_1,item_2,62.12056691722495,38.55,1,0.0,1,1,1,0,0.49999999999999994,0.8660254037844387,0.7818314824680298,0.6234898018587336,53.567913,46.0,46.0,41.0,42.08113,8.413982,40.89771,6.7128234,40.198853,7.810205,1.1834221,1.8822784,7.567913,7.567913,38.55,38.55,38.55,38.55,37.999287,2.022065,0.0,0.0,0.0,1.0,1.0144928,0.27235144,-0.01449275,0.0,0.053213235,1486.1024,3.6775656,0.0,1.0,-0.01449275016784668,40.198853,40.198853,40.198853,56.60314986384072,62.12056691722495,59.48644804362791,full_promo,2182.0513840662834,2394.7478072647905,2293.202526697298,26.984999,2155.0663853632805,2367.7628085617876,2266.217527994295,111.15114263101441,2155.0663853632805,10.0,50.114999008178714,1448.807759964844
2024-01-02,store_1,item_20,83.39992329415568,12.2,1,0.0,1,1,1,0,0.49999999999999994,0.8660254037844387,0.7818314824680298,0.6234898018587336,71.774734,49.0,52.0,48.0,55.110676,9.8260355,52.98391,12.84669,49.027668,10.591168,2.1267662,6.083008,22.774734,25.774734,12.2,15.24,15.24,14.3714285,14.805714,1.0832989,0.0,-0.19947505,-0.19947505,0.8489065,0.82400614,-2.4053485,0.17599386,0.19947505,0.07316762,148.84,2.580217,0.0,2.0,0.17599385976791382,49.027668,49.027668,49.027668,78.90134326867853,83.39992329415568,86.48573084492504,full_promo,962.5963728286412,1017.4790482814263,1055.1258998122414,8.54,954.0563728667881,1008.9390483195733,1046.5858998503884,92.52952698360025,954.0563728667881,10.0,14.944999766349794,878.4378267211671
2024-01-02,store_1,item_21,60.59901144425002,27.45,1,0.0,1,1,1,0,0.49999999999999994,0.8660254037844387,0.7818314824680298,0.6234898018587336,51.926224,47.0,47.0,39.0,48.275173,12.902746,43.780445,10.4776325,41.675938,9.963989,4.494728,6.5992355,4.9262238,4.9262238,27.45,27.45,27.45,25.88143,26.665714,1.9563528,0.0,0.0,0.0,1.060606,1.0294117,0.40089196,-0.029411674,0.0,0.073365845,753.50256,3.348148,0.0,3.0,-0.029411673545837402,41.675938,41.675938,41.675938,52.687070569400184,60.59901144425002,60.18295944327453,full_promo,1446.2601273270798,1663.4429103780396,1652.02228263384,19.215,1427.0451271744919,1644.2279102254518,1632.807282481252,205.76215530676018,1427.0451271744919,10.0,35.68500099182129,1051.093244159128
2024-01-02,store_1,item_22,26.944304721836037,47.59,1,0.0,1,1,1,0,0.49999999999999994,0.8660254037844387,0.7818314824680298,0.6234898018587336,22.73025,26.0,16.0,24.0,21.818607,4.169391,20.195017,4.9062114,21.061794,4.954933,1.6235905,0.75681305,-3.2697506,-13.269751,47.59,47.59,38.07,47.59,46.23,3.3924363,0.0,0.0,0.25006568,1.0,1.0294181,0.4008919,-0.02941811,0.0,0.07338171,2264.808,3.8834178,0.0,1.0,-0.029418110847473145,21.061794,21.061794,21.061794,25.134237668252208,26.944304721836037,31.030443955407286,full_promo,1196.1383744673028,1282.2794658235516,1476.7388325727027,33.313,1162.825374741961,1248.9664660982098,1443.4258328473609,280.60045810539987,1162.825374741961,10.0,61.86700019836426,1019.9554160799293
2024-01-02,store_1,item_23,15.352153917534547,46.82,1,0.0,1,1,1,0,0.49999999999999994,0.8660254037844387,0.7818314824680298,0.6234898018587336,13.272895,16.0,16.0,10.0,12.467556,2.6485846,11.090921,3.8435793,11.795461,3.5036957,1.3766346,0.6720953,-2.7271051,-2.7271051,46.82,46.82,46.82,46.82,46.485714,1.7688738,0.0,0.0,0.0,1.0,1.0071912,0.18898214,-0.007191181,0.0,0.03805199,2192.1123,3.867444,0.0,1.0,-0.007191181182861328,11.795461,11.795461,11.795461,10.584658299905266,15.352153917534547,21.186087620859258,full_promo,495.5736983713832,718.7878417338619,991.9326159431496,32.774,462.79970011088517,686.0138434733639,959.1586176826515,496.35891757176637,462.79970011088517,10.0,60.86599960327148,587.5828099070152
2024-01-02,store_1,item_24,61.41078382502754,19.06,1,0.0,1,1,1,0,0.49999999999999994,0.8660254037844387,0.7818314824680298,0.6234898018587336,50.97473,68.0,48.0,44.0,43.853535,13.015995,41.78391,10.589879,39.713383,8.74144,2.0696259,4.140152,-17.025269,-37.02527,19.06,15.25,19.06,18.515715,18.923927,0.7200222,0.0,0.24983601,0.0,1.0293957,1.0071903,0.18898302,-0.0071903467,-0.24983601,0.03804824,363.28357,2.9987278,1.0,2.0,-0.007190346717834473,39.713383,39.713383,39.713383,53.674673148279894,61.41078382502754,61.68423557912954,full_promo,1023.0392415408468,1170.489506908128,1175.7014971952733,13.341999,1009.6972424868917,1157.147507854173,1162.3594981413182,152.66225565442653,1009.6972424868917,10.0,24.7779993057251,778.8285518425331
2024-01-02,store_1,item_25,55.806099469377244,89.21,1,0.0,1,1,1,0,0.49999999999999994,0.8660254037844387,0.7818314824680298,0.6234898018587336,48.682255,42.0,48.0,37.0,38.526035,8.39815,40.19159,7.589809,37.952938,7.373749,-1.665554,0.5730972,6.682255,12.682255,89.21,89.21,89.21,89.21,87.29857,5.6190705,0.0,0.0,0.0,1.0,1.0218953,0.34016836,-0.02189529,0.0,0.064366125,7958.424,4.50214,0.0,1.0,-0.021895289421081543,37.952938,37.952938,37.952938,49.4209798472272,55.806099469377244,55.44859225896029,full_promo,4408.845566924881,4978.462082571134,4946.568864657145,62.447,4346.398568328689,4916.015083974942,4884.121866060954,537.7232977322647,4346.398568328689,10.0,115.97299880981446,3490.8260104615533
2024-01-02,store_1,item_26,55.15068584249498,47.67,1,0.0,1,1,1,0,0.49999999999999994,0.8660254037844387,0.7818314824680298,0.6234898018587336,49.951694,41.0,45.0,34.0,40.135956,7.9781666,39.42512,7.38194,37.569702,6.814089,0.7108345,2.5662537,8.9516945,12.9516945,47.67,47.67,47.67,47.67,47.67,0.0,0.0,0.0,0.0,1.0,1.0,0.0,0.0,0.0,0.0,2272.4287,3.8850627,0.0,1.0,0.0,37.569702,37.569702,37.569702,49.342535591727305,55.15068584249498,55.70487346899701,full_promo,2352.1585813087595,2629.033093127814,2655.4512162684177,33.369,2318.7895818275583,2595.664093646613,2622.0822167872166,303.29263495965824,2318.7895818275583,10.0,61.97099761962891,1832.9460600947814
2024-01-02,store_1,item_27,60.49921974037216,67.62,1,0.0,1,1,1,0,0.49999999999999994,0.8660254037844387,0.7818314824680298,0.6234898018587336,52.29203,44.0,48.0,43.0,44.756004,8.284091,41.878002,8.094241,40.474716,7.0809712,2.8780022,4.281288,8.29203,12.29203,67.62,67.62,67.62,65.688576,66.17143,4.258401,0.0,0.0,0.0,1.0294027,1.0218911,0.34016758,-0.021891117,0.0,0.06435407,4572.465,4.2285843,0.0,2.0,-0.021891117095947266,40.474716,40.474716,40.474716,53.85332643758019,60.49921974037216,58.613866304151045,full_promo,3641.5620816217515,4090.9574050100355,3963.4698004744855,47.334,3594.2280819879625,4043.6234053762464,3916.1358008406964,321.907718852734,3594.2280819879625,10.0,87.90600357055665,2581.62874005036
2024-01-03,store_1,item_1,75.555217545131,21.3,1,0.0,1,2,1,0,0.49999999999999994,0.8660254037844387,0.9749279121818236,-0.22252093395631434,70.50835,58.0,58.0,55.0,52.77518,12.421203,50.316162,9.912035,48.40808,11.719992,2.4590187,4.3671,12.508347,12.508347,21.3,21.3,21.3,21.3,20.995714,1.1172496,0.0,0.0,0.0,0.9999999,1.0144926,0.27235165,-0.014492631,0.0,0.053213216,453.68997,3.1045866,0.0,2.0,-0.014492630958557129,48.40808,48.40808,48.40808,66.23408633108915,75.555217545131,75.4278132525442,full_promo,1410.785988319601,1609.326076067234,1606.6123647323368,14.909999,1395.8759894258633,1594.4160771734962,1591.702365838599,195.82637641273573,1395.8759894258633,10.0,27.689999008178713,960.5376904331911
2024-01-03,store_1,item_10,35.66179136398899,20.59,1,0.0,1,2,1,0,0.49999999999999994,0.8660254037844387,0.9749279121818236,-0.22252093395631434,32.817112,30.0,31.0,21.0,24.422304,7.3668685,25.28258,6.533009,23.498432,5.8208723,-0.86027527,0.923872,2.817112,3.817112,20.59,20.59,20.59,20.59,20.442858,0.77860695,0.0,0.0,0.0,0.9999999,1.0071976,0.18898138,-0.0071976185,0.0,0.038086988,423.94812,3.0722303,0.0,2.0,-0.00719761848449707,23.498432,23.498432,23.498432,31.8729406828006,35.66179136398899,40.34291733979848,full_promo,656.2638535222891,734.2762896260908,830.6606741822914,14.413,641.8508534154776,719.8632895192793,816.2476740754798,174.39682066000228,641.8508534154776,10.0,26.767000198364258,480.8890615945379
2024-01-03,store_1,item_11,46.32805376968719,52.2,1,0.0,1,2,1,0,0.49999999999999994,0.8660254037844387,0.9749279121818236,-0.22252093395631434,45.341038,25.0,39.0,28.0,33.426453,9.450611,29.284655,8.965336,27.570898,8.175966,4.141798,5.8555546,20.341038,34.341038,52.2,65.25,65.25,57.79286,62.919643,5.089774,0.0,-0.19999999,-0.19999999,0.9032258,0.82962966,-2.1061132,0.17037034,0.19999999,0.08089325,2724.84,3.9740584,0.0,4.0,0.17037034034729004,27.570898,27.570898,27.570898,43.85620129940173,46.32805376968719,51.73142792843226,full_promo,2289.2937412883966,2418.324442123171,2700.3805773321114,36.54,2252.7537403728693,2381.784441207644,2663.840576416584,411.0868360437148,2252.7537403728693,10.0,63.945000934600834,1990.7141957281833
2024-01-03,store_1,item_12,32.45375082939446,60.88,1,0.0,1,2,1,0,0.49999999999999994,0.8660254037844387,0.9749279121818236,-0.22252093395631434,32.377743,30.0,28.0,17.0,23.910408,6.893247,24.312347,5.440528,21.763317,5.712495,-0.4019394,2.147091,2.3777428,0.37774277,60.88,60.88,60.88,60.88,59.575,3.8363395,0.0,0.0,0.0,1.0,1.0219052,0.34016803,-0.021905184,0.0,0.06439512,3706.3745,4.125197,0.0,2.0,-0.021905183792114258,21.763317,21.763317,21.763317,30.01476875073089,32.45375082939446,36.75574965681045,full_promo,1827.2991536037284,1975.7843851578803,2237.690078365996,42.616,1784.683152474578,1933.1683840287299,2195.074077236846,410.3909247622678,1784.683152474578,10.0,79.14400138854981,1376.6699239758996
2024-01-03,store_1,item_13,64.12639357003735,68.19,1,0.0,1,2,1,0,0.49999999999999994,0.8660254037844387,0.9749279121818236,-0.22252093395631434,61.882145,44.0,45.0,46.0,47.051353,8.260046,45.239964,6.569278,43.084267,6.452291,1.8113899,3.9670868,17.882145,18.882145,68.19,68.19,68.19,68.19,67.21571,3.577299,0.0,0.0,0.0,1.0,1.014495,0.27235314,-0.014495015,0.0,0.053221174,4649.8765,4.2368565,0.0,2.0,-0.014495015144348145,43.084267,43.084267,43.084267,58.44035797139959,64.12639357003735,64.09941503148262,full_promo,3985.0481527463935,4372.778934099425,4370.9392674895125,47.733,3937.315151037409,4325.045932390441,4323.206265780528,385.89111474311903,3937.315151037409,10.0,66.4852523803711,2704.1890872456106
2024-01-03,store_1,item_14,37.03490812279568,70.38,1,0.0,1,2,1,0,0.49999999999999994,0.8660254037844387,0.9749279121818236,-0.22252093395631434,35.70851,34.0,29.0,30.0,28.619116,5.3366785,27.880987,6.9910145,25.226208,6.260204,0.73812866,3.392908,1.7085114,-3.2914886,70.38,70.38,70.38,68.369995,68.8725,4.431632,0.0,0.0,0.0,1.0293989,1.0218883,0.340168,-0.021888256,0.0,0.06434545,4953.344,4.268018,0.0,3.0,-0.021888256072998047,25.226208,25.226208,25.226208,32.60182099974018,37.03490812279568,42.393451725425415,full_promo,2294.516072418138,2606.516731962947,2983.6510159983477,49.266,2245.250073577806,2557.2507331226147,2934.3850171580157,689.1349435802099,2245.250073577806,10.0,91.49399642944336,1785.1598720204315
2024-01-03,store_1,item_15,30.33935377143497,56.62,1,0.0,1,2,1,0,0.49999999999999994,0.8660254037844387,0.9749279121818236,-0.22252093395631434,29.941175,29.0,24.0,28.0,24.603754,5.1218066,22.873304,5.3217754,21.650938,5.0016384,1.7304497,2.952816,0.94117546,-4.0588245,56.62,56.62,56.62,56.62,56.62,0.0,0.0,0.0,0.0,1.0,1.0,0.0,0.0,0.0,0.0,3205.8242,4.0538697,0.0,2.0,0.0,21.650938,21.650938,21.650938,29.659418402474124,30.33935377143497,33.67695281161197,full_promo,1679.3162382684081,1717.814178132722,1906.7890322226033,39.634,1639.6822393975585,1678.1801792618724,1867.1550333517537,227.47279395419514,1639.6822393975585,10.0,73.6059986114502,1246.037108017076
2024-01-03,store_1,item_16,49.46709842026655,43.08,1,0.0,1,2,1,0,0.49999999999999994,0.8660254037844387,0.9749279121818236,-0.22252093395631434,45.069614,37.0,36.0,34.0,38.57451,3.9681883,34.215824,6.6985064,31.786484,5.8555818,4.3586845,6.788025,8.069614,7.0696144,43.08,43.08,43.08,41.84857,42.772144,1.6290274,0.0,0.0,0.0,1.0294259,1.0071976,0.1889823,-0.0071976185,0.0,0.038086176,1855.8866,3.7860062,0.0,3.0,-0.00719761848449707,31.786484,31.786484,31.786484,44.32722278113166,49.46709842026655,53.94365311753731,full_promo,1909.616838576721,2131.0426905220456,2323.892675077286,30.156,1879.4608384393919,2100.8866903847165,2293.736674939957,414.2758365005652,1879.4608384393919,10.0,56.0040023803711,1379.121854775008
2024-01-03,store_1,item_17,23.29471312285466,62.32,1,0.0,1,2,1,0,0.49999999999999994,0.8660254037844387,0.9749279121818236,-0.22252093395631434,21.877201,25.0,32.0,18.0,17.086998,5.0694637,18.543499,5.420022,17.486034,4.968923,-1.456501,-0.3990364,-3.122799,3.877201,62.32,62.32,62.32,62.32,60.985,3.9245307,0.0,0.0,0.0,1.0,1.0218906,0.34016773,-0.02189064,0.0,0.06435239,3883.7825,4.1482015,0.0,2.0,-0.021890640258789062,17.486034,17.486034,17.486034,19.97299160764925,23.29471312285466,28.93025712906265,full_promo,1244.7168308934279,1451.7265147073201,1802.9336154543705,43.624,1201.0928303441115,1408.1025141580037,1759.309614905054,558.2167845609426,1201.0928303441115,10.0,81.01599960327148,1099.5851615666734
2024-01-03,store_1,item_18,64.2894754144485,71.7,1,0.0,1,2,1,0,0.49999999999999994,0.8660254037844387,0.9749279121818236,-0.22252093395631434,61.231426,59.0,47.0,43.0,45.243153,13.196312,44.050148,10.059969,41.060787,8.685413,1.1930046,4.1823654,2.2314262,-9.768574,71.7,71.7,71.7,71.7,71.18785,2.7100046,0.0,0.0,0.0,1.0,1.0071943,0.18898338,-0.0071942806,0.0,0.038068358,5140.8896,4.286341,0.0,2.0,-0.0071942806243896484,41.060787,41.060787,41.060787,57.851046216952305,64.2894754144485,64.5091082924571,full_promo,4147.919837208098,4609.555191020049,4625.302867702999,50.19,4097.729838581389,4559.36519239334,4575.11286907629,477.3830304949006,4097.729838581389,10.0,93.20999603271484,2946.5911799029486
2024-01-03,store_1,item_19,18.038879951726976,40.82,1,0.0,1,2,1,0,0.49999999999999994,0.8660254037844387,0.9749279121818236,-0.22252093395631434,17.504469,16.0,14.0,11.0,16.0802,3.7662485,14.754386,3.479954,13.841479,3.1369648,1.3258142,2.238721,1.5044689,-0.49553108,40.82,40.82,40.82,40.82,40.82,0.0,0.0,0.0,0.0,1.0,1.0,0.0,0.0,0.0,0.0,1666.2723,3.7333746,0.0,2.0,0.0,13.841479,13.841479,13.841479,13.60428547503661,18.038879951726976,23.097574866240027,full_promo,555.326928939296,736.3470741244658,942.8429989910975,28.574,526.7529295343887,707.7730747195586,914.2689995861903,387.51607005180153,526.7529295343887,10.0,36.737999725341794,582.5361603183487
2024-01-03,store_1,item_2,63.865096798338264,38.55,1,0.0,1,2,1,0,0.49999999999999994,0.8660254037844387,0.9749279121818236,-0.22252093395631434,62.120567,46.0,42.0,42.0,44.384068,11.356844,42.04918,8.733754,40.95316,8.842175,2.3348885,3.4309082,16.120567,12.120567,38.55,38.55,38.55,38.55,37.999287,2.022065,0.0,0.0,0.0,1.0,1.0144928,0.27235144,-0.01449275,0.0,0.053213235,1486.1024,3.6775656,0.0,2.0,-0.01449275016784668,40.95316,40.95316,40.95316,57.423955326952736,63.865096798338264,60.96562965389307,full_promo,2213.693434043027,2461.9994328507382,2350.2249766444934,26.984999,2186.708435340024,2435.0144341477353,2323.2399779414905,136.5315426014663,2186.708435340024,10.0,50.114999008178714,1448.807759964844
2024-01-03,store_1,item_20,89.12962006830091,12.2,1,0.0,1,2,1,0,0.49999999999999994,0.8660254037844387,0.9749279121818236,-0.22252093395631434,83.399925,56.0,85.0,53.0,60.024952,13.983302,55.22676,15.189135,50.29195,12.419082,4.798191,9.733002,27.399925,56.399925,12.2,15.24,15.24,13.937142,14.697143,1.1856639,0.0,-0.19947505,-0.19947505,0.8753587,0.83009326,-2.1061118,0.16990674,0.19947505,0.08067308,148.84,2.580217,0.0,3.0,0.16990673542022705,50.29195,50.29195,50.29195,82.98849650890362,89.12962006830091,93.90352528920917,full_promo,1012.4596415798246,1087.3813478331451,1145.622990617676,8.54,1003.9196416179716,1078.841347871292,1137.0829906558229,133.16334903785128,1003.9196416179716,10.0,14.944999766349794,878.4378267211671
2024-01-03,store_1,item_21,61.67451356083035,27.45,1,0.0,1,2,1,0,0.49999999999999994,0.8660254037844387,0.9749279121818236,-0.22252093395631434,60.59901,73.0,43.0,43.0,50.21789,13.679163,44.7518,11.389736,42.44733,10.566982,5.466091,7.770561,-12.40099,-42.40099,27.45,21.96,27.45,25.88143,26.665714,1.9563528,0.0,0.25000006,0.0,1.060606,1.0294117,0.40089196,-0.029411674,-0.25000006,0.073365845,753.50256,3.348148,1.0,4.0,-0.029411673545837402,42.44733,42.44733,42.44733,53.137068037137915,61.67451356083035,65.24162835046143,full_promo,1458.6125581598014,1692.9654442987128,1790.8827479955785,19.215,1439.3975580072135,1673.750444146125,1771.6677478429906,332.27018983577705,1439.3975580072135,10.0,35.68500099182129,1051.093244159128
2024-01-03,store_1,item_22,28.75785276363307,47.59,1,0.0,1,2,1,0,0.49999999999999994,0.8660254037844387,0.9749279121818236,-0.22252093395631434,26.944305,27.0,22.0,25.0,21.953508,4.339053,20.976753,5.056001,21.166948,5.0499287,0.97675514,0.78656006,-0.05569458,-5.0556946,47.59,47.59,47.59,47.59,46.57,2.9985182,0.0,0.0,0.0,1.0,1.0219026,0.34016806,-0.021902561,0.0,0.06438734,2264.808,3.8834178,0.0,2.0,-0.02190256118774414,21.166948,21.166948,21.166948,27.197421445666585,28.75785276363307,33.129572451595784,full_promo,1294.32529074927,1368.586217409398,1576.636358026615,33.313,1261.0122910239281,1335.2732176840561,1543.3233583012732,282.31106727734505,1261.0122910239281,10.0,61.86700019836426,1019.9554160799293
2024-01-03,store_1,item_23,15.908094045053012,46.82,1,0.0,1,2,1,0,0.49999999999999994,0.8660254037844387,0.9749279121818236,-0.22252093395631434,15.352154,14.0,13.0,15.0,12.375007,2.5123954,11.044646,3.783358,11.9866085,3.5478327,1.3303604,0.38839817,1.3521538,0.35215378,46.82,46.82,46.82,46.82,46.485714,1.7688738,0.0,0.0,0.0,1.0,1.0071912,0.18898214,-0.007191181,0.0,0.03805199,2192.1123,3.867444,0.0,2.0,-0.007191181182861328,11.9866085,11.9866085,11.9866085,11.0067288612378,15.908094045053012,21.587964339822165,full_promo,515.3350419241667,744.816958334617,1010.7484838023498,32.774,482.56104366366867,712.0429600741189,977.9744855418518,495.4134418781831,482.56104366366867,10.0,60.86599960327148,587.5828099070152
2024-01-03,store_1,item_24,61.77893551585779,19.06,1,0.0,1,2,1,0,0.49999999999999994,0.8660254037844387,0.9749279121818236,-0.22252093395631434,61.410786,45.0,49.0,48.0,42.912216,11.071732,42.74182,11.739546,40.335197,9.631585,0.1703949,2.5770187,16.410786,20.410786,19.06,19.06,19.06,19.06,18.923927,0.7200222,0.0,0.0,0.0,0.9999999,1.0071903,0.18898302,-0.0071903467,0.0,0.03804824,363.28357,2.9987278,0.0,2.0,-0.007190346717834473,40.335197,40.335197,40.335197,55.97550312156823,61.77893551585779,62.359286088220614,full_promo,1066.8930596029466,1177.5064779387383,1188.5679595380332,13.341999,1053.5510605489915,1164.1644788847832,1175.225960484078,121.67489993508661,1053.5510605489915,10.0,24.7779993057251,778.8285518425331
2024-01-03,store_1,item_25,60.434062726245294,89.21,1,0.0,1,2,1,0,0.49999999999999994,0.8660254037844387,0.9749279121818236,-0.22252093395631434,55.8061,48.0,40.0,37.0,40.498337,10.665176,40.74917,8.446013,38.624584,8.104056,-0.2508316,1.8737526,7.806099,-0.19390106,89.21,89.21,89.21,89.21,87.29857,5.6190705,0.0,0.0,0.0,1.0,1.0218953,0.34016836,-0.02189529,0.0,0.064366125,7958.424,4.50214,0.0,2.0,-0.021895289421081543,38.624584,38.624584,38.624584,50.801037356265795,60.434062726245294,58.936971297408284,full_promo,4531.960496042732,5391.322680479306,5257.767155483384,62.447,4469.513497446541,5328.875681883114,5195.320156887193,725.8066594406519,4469.513497446541,10.0,115.97299880981446,3490.8260104615533
2024-01-03,store_1,item_26,60.29260454891964,47.67,1,0.0,1,2,1,0,0.49999999999999994,0.8660254037844387,0.9749279121818236,-0.22252093395631434,55.150684,50.0,47.0,44.0,42.157482,9.814924,40.15017,8.399926,38.325085,7.537634,2.0073128,3.8323975,5.1506844,2.1506844,47.67,47.67,47.67,47.67,47.67,0.0,0.0,0.0,0.0,1.0,1.0,0.0,0.0,0.0,0.0,2272.4287,3.8850627,0.0,2.0,0.0,38.325085,38.325085,38.325085,53.697107893464576,60.29260454891964,59.95884026965073,full_promo,2559.741034959115,2874.148348447943,2858.237805866335,33.369,2526.372035477914,2840.779348966742,2824.8688063851337,298.4967709072198,2526.372035477914,10.0,61.97099761962891,1832.9460600947814
2024-01-03,store_1,item_27,64.01242469276866,67.62,1,0.0,1,2,1,0,0.49999999999999994,0.8660254037844387,0.9749279121818236,-0.22252093395631434,60.499218,53.0,48.0,42.0,47.113037,10.16649,42.770805,9.4047,41.099686,8.021848,4.3422318,6.0133514,7.499218,2.499218,67.62,67.62,67.62,65.688576,66.17143,4.258401,0.0,0.0,0.0,1.0294027,1.0218911,0.34016758,-0.021891117,0.0,0.06435407,4572.465,4.2285843,0.0,3.0,-0.021891117095947266,41.099686,41.099686,41.099686,53.89033505128575,64.01242469276866,61.56243233400522,full_promo,3644.0646041821683,4328.520333540392,4162.851843511704,47.334,3596.7306045483792,4281.186333906603,4115.517843877915,518.7872393295356,3596.7306045483792,10.0,87.90600357055665,2581.62874005036
2024-01-04,store_1,item_1,68.20665018033142,21.3,1,0.0,1,3,1,0,0.49999999999999994,0.8660254037844387,0.43388373911755823,-0.900968867902419,75.555214,58.0,53.0,39.0,55.28307,15.129015,51.570107,11.874941,49.142197,12.746961,3.712963,6.140873,17.555214,12.555214,21.3,21.3,21.3,21.3,20.995714,1.1172496,0.0,0.0,0.0,0.9999999,1.0144926,0.27235165,-0.014492631,0.0,0.053213216,453.68997,3.1045866,0.0,3.0,-0.014492630958557129,49.142197,49.142197,49.142197,61.74921489576258,68.20665018033142,68.26672630817613,full_promo,1315.2582301688306,1452.801596803515,1454.0812182807729,14.909999,1300.3482312750928,1437.8915979097771,1439.171219387035,138.82298811194232,1300.3482312750928,10.0,27.689999008178713,960.5376904331911
2024-01-04,store_1,item_10,32.63727727943241,20.59,1,0.0,1,3,1,0,0.49999999999999994,0.8660254037844387,0.43388373911755823,-0.900968867902419,35.661793,29.0,24.0,20.0,25.23113,8.32927,25.615566,6.952197,24.022068,6.2326994,-0.38443565,1.2090626,6.6617928,1.6617928,20.59,20.59,20.59,20.59,20.442858,0.77860695,0.0,0.0,0.0,0.9999999,1.0071976,0.18898138,-0.0071976185,0.0,0.038086988,423.94812,3.0722303,0.0,3.0,-0.00719761848449707,24.022068,24.022068,24.022068,30.01174757204932,32.63727727943241,38.36088602107652,full_promo,617.9418870879248,672.0015441635667,789.8506490273721,14.413,603.5288869811133,657.5885440567552,775.4376489205606,171.90876193944734,603.5288869811133,10.0,26.767000198364258,480.8890615945379
2024-01-04,store_1,item_11,45.87056610875674,52.2,1,0.0,1,3,1,0,0.49999999999999994,0.8660254037844387,0.43388373911755823,-0.900968867902419,46.328053,45.0,26.0,27.0,36.473316,9.71551,29.808086,9.755306,28.225471,8.912128,6.66523,8.247845,1.3280525,-17.671947,52.2,52.2,65.25,55.928574,62.45357,5.4530134,0.0,0.0,-0.19999999,0.93333334,0.8358209,-1.880349,0.16417909,0.0,0.08731308,2724.84,3.9740584,1.0,5.0,0.16417908668518066,28.225471,28.225471,28.225471,42.36463276601077,45.87056610875674,49.313921157161545,full_promo,2211.433862707412,2394.4435858735665,2574.186722027369,36.54,2174.893861791885,2357.903584958039,2537.6467211118415,362.75285931995677,2174.893861791885,10.0,63.945000934600834,1990.7141957281833
2024-01-04,store_1,item_12,33.09068381619953,60.88,1,0.0,1,3,1,0,0.49999999999999994,0.8660254037844387,0.43388373911755823,-0.900968867902419,32.45375,27.0,27.0,20.0,24.260944,7.30464,24.630472,5.791627,22.315235,5.9757137,-0.36952782,1.9457092,5.4537506,5.4537506,60.88,60.88,60.88,60.88,59.575,3.8363395,0.0,0.0,0.0,1.0,1.0219052,0.34016803,-0.021905184,0.0,0.06439512,3706.3745,4.125197,0.0,3.0,-0.021905183792114258,22.315235,22.315235,22.315235,27.92115854128525,33.09068381619953,33.640364208699566,full_promo,1699.840161816461,2014.5608660748908,2048.025408957415,42.616,1657.2241606873106,1971.9448649457404,2005.4094078282646,348.18524714095406,1657.2241606873106,10.0,79.14400138854981,1376.6699239758996
2024-01-04,store_1,item_13,63.356982939026686,68.19,1,0.0,1,3,1,0,0.49999999999999994,0.8660254037844387,0.43388373911755823,-0.900968867902419,64.126396,46.0,50.0,42.0,49.92655,10.277394,46.606133,8.281259,43.73164,7.5684547,3.3204193,6.194912,18.126396,22.126396,68.19,68.19,68.19,68.19,67.21571,3.577299,0.0,0.0,0.0,1.0,1.014495,0.27235314,-0.014495015,0.0,0.053221174,4649.8765,4.2368565,0.0,3.0,-0.014495015144348145,43.73164,43.73164,43.73164,56.00929120196532,63.356982939026686,58.90513599500035,full_promo,3819.273703803449,4320.312821292364,4016.741367310441,47.733,3771.5407020944645,4272.5798195833795,3969.0083656014567,197.46766350699227,3771.5407020944645,10.0,66.4852523803711,2704.1890872456106
2024-01-04,store_1,item_14,35.68219320812331,70.38,1,0.0,1,3,1,0,0.49999999999999994,0.8660254037844387,0.43388373911755823,-0.900968867902419,37.03491,28.0,39.0,25.0,29.052673,5.9362817,28.454908,7.4073577,25.477455,6.5913043,0.59776497,3.5752182,9.034908,20.034908,70.38,70.38,70.38,68.369995,68.8725,4.431632,0.0,0.0,0.0,1.0293989,1.0218883,0.340168,-0.021888256,0.0,0.06434545,4953.344,4.268018,0.0,4.0,-0.021888256072998047,25.477455,25.477455,25.477455,30.58359730343667,35.68219320812331,39.24906671615968,full_promo,2152.473494215514,2511.312659983648,2762.349207682537,49.266,2103.207495375182,2462.0466611433158,2713.083208842205,609.8757134670227,2103.207495375182,10.0,91.49399642944336,1785.1598720204315
2024-01-04,store_1,item_15,28.96285912307448,56.62,1,0.0,1,3,1,0,0.49999999999999994,0.8660254037844387,0.43388373911755823,-0.900968867902419,30.339354,29.0,26.0,21.0,24.79509,5.33403,23.326117,5.6824884,21.734488,5.129526,1.4689732,3.0606022,1.3393536,-1.6606464,56.62,56.62,56.62,56.62,56.62,0.0,0.0,0.0,0.0,1.0,1.0,0.0,0.0,0.0,0.0,3205.8242,4.0538697,0.0,3.0,0.0,21.734488,21.734488,21.734488,28.49020211580062,28.96285912307448,31.705422441943426,full_promo,1613.1152133658122,1639.877052612806,1795.160984797792,39.634,1573.4812144949626,1600.2430537419564,1755.5269859269424,182.0457714319798,1573.4812144949626,10.0,73.6059986114502,1246.037108017076
2024-01-04,store_1,item_16,45.890603496288094,43.08,1,0.0,1,3,1,0,0.49999999999999994,0.8660254037844387,0.43388373911755823,-0.900968867902419,49.4671,37.0,31.0,29.0,40.355522,5.604232,35.17776,7.8435345,32.33888,6.7355666,5.177761,8.016644,12.467098,6.467098,43.08,43.08,43.08,41.84857,42.772144,1.6290274,0.0,0.0,0.0,1.0294259,1.0071976,0.1889823,-0.0071976185,0.0,0.038086176,1855.8866,3.7860062,0.0,4.0,-0.00719761848449707,32.33888,32.33888,32.33888,40.28179453208398,45.890603496288094,51.90073197311634,full_promo,1735.3397822003465,1976.9672826482956,2235.8836284349304,30.156,1705.1837820630174,1946.8112825109665,2205.7276282976013,500.54384623458395,1705.1837820630174,10.0,56.0040023803711,1379.121854775008
2024-01-04,store_1,item_17,21.08683315311482,62.32,1,0.0,1,3,1,0,0.49999999999999994,0.8660254037844387,0.43388373911755823,-0.900968867902419,23.294714,14.0,18.0,17.0,16.843386,4.649399,17.921694,4.094836,17.675133,5.0885153,-1.0783081,-0.83174706,9.294714,13.294714,62.32,62.32,62.32,62.32,60.985,3.9245307,0.0,0.0,0.0,1.0,1.0218906,0.34016773,-0.02189064,0.0,0.06435239,3883.7825,4.1482015,0.0,3.0,-0.021890640258789062,17.675133,17.675133,17.675133,18.79113622737957,21.08683315311482,26.334507236566736,full_promo,1171.0636039556953,1314.1314356669247,1641.1664829461852,43.624,1127.4396034063789,1270.5074351176083,1597.5424823968688,470.1028789904899,1127.4396034063789,10.0,81.01599960327148,1099.5851615666734
2024-01-04,store_1,item_18,59.194838939175895,71.7,1,0.0,1,3,1,0,0.49999999999999994,0.8660254037844387,0.43388373911755823,-0.900968867902419,64.289474,48.0,43.0,38.0,45.99879,14.2265625,45.28511,11.419334,41.821125,9.730454,0.71368027,4.1776657,16.289474,11.2894745,71.7,71.7,71.7,71.7,71.18785,2.7100046,0.0,0.0,0.0,1.0,1.0071943,0.18898338,-0.0071942806,0.0,0.038068358,5140.8896,4.286341,0.0,3.0,-0.0071942806243896484,41.821125,41.821125,41.821125,55.4118199396156,59.194838939175895,58.093651055067646,full_promo,3973.027320566984,4244.269771290599,4165.314603360597,50.19,3922.837321940275,4194.07977266389,4115.124604733888,192.28728279361303,3922.837321940275,10.0,93.20999603271484,2946.5911799029486
2024-01-04,store_1,item_19,17.05496662349659,40.82,1,0.0,1,3,1,0,0.49999999999999994,0.8660254037844387,0.43388373911755823,-0.900968867902419,18.03888,20.0,14.0,16.0,16.37147,3.8371842,15.042878,3.5786188,14.092868,3.1825304,1.3285913,2.2786016,-1.9611206,-7.9611206,40.82,40.82,40.82,40.82,40.82,0.0,0.0,0.0,0.0,1.0,1.0,0.0,0.0,0.0,0.0,1666.2723,3.7333746,0.0,3.0,0.0,14.092868,14.092868,14.092868,13.492738842875868,17.05496662349659,22.630777108320377,full_promo,550.7735954485358,696.1837323663681,923.7883146552726,28.574,522.1995960436286,667.6097329614608,895.2143152503654,373.0147192067368,522.1995960436286,10.0,36.737999725341794,582.5361603183487
2024-01-04,store_1,item_2,60.53076362616596,38.55,1,0.0,1,3,1,0,0.49999999999999994,0.8660254037844387,0.43388373911755823,-0.900968867902419,63.865097,47.0,43.0,39.0,46.936226,13.571858,43.61097,10.500561,41.734055,9.8465185,3.3252563,5.2021713,16.865097,12.865097,38.55,38.55,38.55,38.55,37.999287,2.022065,0.0,0.0,0.0,1.0,1.0144928,0.27235144,-0.01449275,0.0,0.053213235,1486.1024,3.6775656,0.0,3.0,-0.01449275016784668,41.734055,41.734055,41.734055,55.07027678504525,60.53076362616596,57.53020925818681,full_promo,2122.9591280482077,2333.46089160739,2217.7895230110353,26.984999,2095.974129345205,2306.475892904387,2190.8045243080323,94.83039496282754,2095.974129345205,10.0,50.114999008178714,1448.807759964844
2024-01-04,store_1,item_20,79.18117931030683,12.2,1,0.0,1,3,1,0,0.49999999999999994,0.8660254037844387,0.43388373911755823,-0.900968867902419,89.12962,57.0,50.0,46.0,64.75775,17.546518,55.521732,15.838044,51.582294,14.425695,9.236019,13.175457,32.129623,25.129623,12.2,15.24,15.24,13.502857,14.588572,1.2702806,0.0,-0.19947505,-0.19947505,0.9035124,0.836271,-1.8803483,0.16372901,0.19947505,0.08707368,148.84,2.580217,0.0,4.0,0.1637290120124817,51.582294,51.582294,51.582294,74.6743974046183,79.18117931030683,85.29611277300955,full_promo,911.0276340933324,966.010372483132,1040.612559561774,8.54,902.4876341314794,957.4703725212789,1032.072559599921,129.58492546844172,902.4876341314794,10.0,14.944999766349794,878.4378267211671
2024-01-04,store_1,item_21,56.741668299619796,27.45,1,0.0,1,3,1,0,0.49999999999999994,0.8660254037844387,0.43388373911755823,-0.900968867902419,61.674515,44.0,42.0,43.0,48.599964,10.928731,46.085697,12.23123,43.114277,11.174996,2.514267,5.4856873,17.674515,15.674515,27.45,27.45,27.45,26.665714,26.665714,1.9563528,0.0,0.0,0.0,1.0294117,1.0294117,0.40089196,-0.029411674,0.0,0.073365845,753.50256,3.348148,0.0,4.0,-0.029411673545837402,43.114277,43.114277,43.114277,52.88581582034999,56.741668299619796,58.576132005514644,full_promo,1451.7156846172827,1557.5588381150208,1607.914868241419,19.215,1432.5006844646948,1538.3438379624329,1588.6998680888312,156.19918362413637,1432.5006844646948,10.0,35.68500099182129,1051.093244159128
2024-01-04,store_1,item_22,28.36396397006174,47.59,1,0.0,1,3,1,0,0.49999999999999994,0.8660254037844387,0.43388373911755823,-0.900968867902419,28.757853,24.0,21.0,25.0,22.20463,4.714426,21.459457,5.467086,21.301157,5.2031803,0.7451725,0.9034729,4.7578526,1.7578526,47.59,47.59,47.59,47.59,46.57,2.9985182,0.0,0.0,0.0,1.0,1.0219026,0.34016806,-0.021902561,0.0,0.06438734,2264.808,3.8834178,0.0,3.0,-0.02190256118774414,21.301157,21.301157,21.301157,25.468474586829267,28.36396397006174,30.954897407332965,full_promo,1212.0447094733856,1349.8410496632357,1473.1435723383183,33.313,1178.7317097480438,1316.528049937894,1439.8305726129765,261.0988628649327,1178.7317097480438,10.0,61.86700019836426,1019.9554160799293
2024-01-04,store_1,item_23,14.565063945061352,46.82,1,0.0,1,3,1,0,0.49999999999999994,0.8660254037844387,0.43388373911755823,-0.900968867902419,15.908094,8.0,13.0,12.0,12.647592,2.8046024,11.252367,3.9740024,12.019041,3.5804005,1.3952246,0.6285505,7.9080944,12.908094,46.82,46.82,46.82,46.82,46.485714,1.7688738,0.0,0.0,0.0,1.0,1.0071912,0.18898214,-0.007191181,0.0,0.03805199,2192.1123,3.867444,0.0,3.0,-0.007191181182861328,12.019041,12.019041,12.019041,9.560688554277126,14.565063945061352,20.29206175511032,full_promo,447.63143519356447,681.9362894628678,950.0743251816194,32.774,414.8574369330664,649.1622912023697,917.3003269211214,502.44288998805496,414.8574369330664,10.0,60.86599960327148,587.5828099070152
2024-01-04,store_1,item_24,57.62369059790106,19.06,1,0.0,1,3,1,0,0.49999999999999994,0.8660254037844387,0.43388373911755823,-0.900968867902419,61.778934,45.0,42.0,38.0,45.309208,13.209054,43.654602,12.719466,40.8273,10.362011,1.6546059,4.481907,16.778934,13.7789345,19.06,19.06,19.06,19.06,18.923927,0.7200222,0.0,0.0,0.0,0.9999999,1.0071903,0.18898302,-0.0071903467,0.0,0.03804824,363.28357,2.9987278,0.0,3.0,-0.007190346717834473,40.8273,40.8273,40.8273,54.59252680764394,57.62369059790106,58.128405912866825,full_promo,1040.5335317981387,1098.3075120216233,1107.9273856553236,13.341999,1027.1915327441836,1084.9655129676682,1094.5853866013686,67.39385385718492,1027.1915327441836,10.0,24.7779993057251,778.8285518425331
2024-01-04,store_1,item_25,55.91402139485957,89.21,1,0.0,1,3,1,0,0.49999999999999994,0.8660254037844387,0.43388373911755823,-0.900968867902419,60.434063,39.0,39.0,35.0,42.27463,12.91993,42.208744,9.940072,39.461514,9.08121,0.06588745,2.813118,21.434063,21.434063,89.21,89.21,89.21,89.21,87.29857,5.6190705,0.0,0.0,0.0,1.0,1.0218953,0.34016836,-0.02189529,0.0,0.064366125,7958.424,4.50214,0.0,3.0,-0.021895289421081543,39.461514,39.461514,39.461514,48.69099300302789,55.91402139485957,57.72604857755004,full_promo,4343.723441222182,4988.089797444606,5149.740740753463,62.447,4281.276442625991,4925.642798848415,5087.2937421572715,806.0172995312805,4281.276442625991,10.0,115.97299880981446,3490.8260104615533
2024-01-04,store_1,item_26,55.56461227798034,47.67,1,0.0,1,3,1,0,0.49999999999999994,0.8660254037844387,0.43388373911755823,-0.900968867902419,60.292606,42.0,44.0,38.0,43.627853,11.76322,41.099644,9.858383,38.906963,8.552489,2.5282097,4.72089,18.292606,20.292606,47.67,47.67,47.67,47.67,47.67,0.0,0.0,0.0,0.0,1.0,1.0,0.0,0.0,0.0,0.0,2272.4287,3.8850627,0.0,3.0,0.0,38.906963,38.906963,38.906963,52.29418900893297,55.56461227798034,56.47792657193826,full_promo,2492.8638943023147,2648.764965549479,2692.3026562701248,33.369,2459.4948948211136,2615.3959660682776,2658.9336567889236,199.43876196781002,2459.4948948211136,10.0,61.97099761962891,1832.9460600947814
2024-01-04,store_1,item_27,55.87503264377124,67.62,1,0.0,1,3,1,0,0.49999999999999994,0.8660254037844387,0.43388373911755823,-0.900968867902419,64.01243,42.0,39.0,41.0,48.68624,11.92863,43.914547,10.938208,41.885845,9.117198,4.771694,6.800396,22.012428,19.012428,67.62,67.62,67.62,65.688576,66.17143,4.258401,0.0,0.0,0.0,1.0294027,1.0218911,0.34016758,-0.021891117,0.0,0.06435407,4572.465,4.2285843,0.0,4.0,-0.021891117095947266,41.885845,41.885845,41.885845,52.337149338101305,55.87503264377124,60.0842651328542,full_promo,3539.0381819906843,3778.269860837172,4062.898173309964,47.334,3491.704182356895,3730.935861203383,4015.564173676175,523.8599913192797,3491.704182356895,10.0,87.90600357055665,2581.62874005036
2024-01-05,store_1,item_1,62.16122885401658,21.3,1,0.0,1,4,1,0,0.49999999999999994,0.8660254037844387,-0.433883739117558,-0.9009688679024191,68.20665,41.0,44.0,43.0,56.74116,15.90638,52.656296,12.68372,50.18529,13.077007,4.0848656,6.55587,27.20665,30.20665,21.3,21.3,21.3,21.3,20.995714,1.1172496,0.0,0.0,0.0,0.9999999,1.0144926,0.27235165,-0.014492631,0.0,0.053213216,453.68997,3.1045866,0.0,4.0,-0.014492630958557129,50.18529,50.18529,50.18529,56.03330652059562,62.16122885401658,63.93039867151809,full_promo,1193.5093861386665,1324.0341271652992,1361.717442928312,14.909999,1178.5993872449287,1309.1241282715614,1346.8074440345742,168.20805678964552,1178.5993872449287,10.0,27.689999008178713,960.5376904331911
2024-01-05,store_1,item_10,32.077964679626504,20.59,1,0.0,1,4,1,0,0.49999999999999994,0.8660254037844387,-0.433883739117558,-0.9009688679024191,32.637276,15.0,23.0,22.0,25.750742,8.708398,26.232513,7.177396,24.4734,6.3863215,-0.48177147,1.2773418,17.637276,25.637276,20.59,20.59,20.59,20.59,20.442858,0.77860695,0.0,0.0,0.0,0.9999999,1.0071976,0.18898138,-0.0071976185,0.0,0.038086988,423.94812,3.0722303,0.0,4.0,-0.00719761848449707,24.4734,24.4734,24.4734,26.63186090051987,32.077964679626504,34.50665935618625,full_promo,548.3500200054036,660.4852976482186,710.4921214091733,14.413,533.9370198985921,646.0722975414071,696.0791213023617,162.14210140376963,533.9370198985921,10.0,26.767000198364258,480.8890615945379
2024-01-05,store_1,item_11,42.265796659869885,52.2,1,0.0,1,4,1,0,0.49999999999999994,0.8660254037844387,-0.433883739117558,-0.9009688679024191,45.870567,23.0,24.0,25.0,36.597683,9.847526,31.227413,10.570121,28.89942,9.509513,5.37027,7.698263,22.870567,23.870567,52.2,65.25,65.25,55.928574,61.9875,5.754509,0.0,-0.19999999,-0.19999999,0.93333334,0.84210527,-1.7008396,0.15789473,0.19999999,0.09283338,2724.84,3.9740584,0.0,5.0,0.15789473056793213,28.89942,28.89942,28.89942,37.64714169713423,42.265796659869885,45.01149973908225,full_promo,1965.1808253128966,2206.2746178914517,2349.6003207211425,36.54,1928.6408243973692,2169.7346169759244,2313.060319805615,384.4194954082459,1928.6408243973692,10.0,63.945000934600834,1990.7141957281833
2024-01-05,store_1,item_12,31.93569384305916,60.88,1,0.0,1,4,1,0,0.49999999999999994,0.8660254037844387,-0.433883739117558,-0.9009688679024191,33.090683,20.0,28.0,17.0,25.131042,8.013623,25.065521,6.1978226,22.78276,6.291608,0.06552124,2.3482819,13.090683,21.090683,60.88,60.88,60.88,60.88,59.575,3.8363395,0.0,0.0,0.0,1.0,1.0219052,0.34016803,-0.021905184,0.0,0.06439512,3706.3745,4.125197,0.0,4.0,-0.021905183792114258,22.78276,22.78276,22.78276,25.210442773884672,31.93569384305916,31.99683290249812,full_promo,1534.8117830017568,1944.2450752764428,1947.9672212803903,42.616,1492.1957818726064,1901.6290741472924,1905.3512201512399,413.1554382786335,1492.1957818726064,10.0,79.14400138854981,1376.6699239758996
2024-01-05,store_1,item_13,57.04943910906594,68.19,1,0.0,1,4,1,0,0.49999999999999994,0.8660254037844387,-0.433883739117558,-0.9009688679024191,63.356983,44.0,41.0,34.0,52.40612,11.222521,47.560204,9.396642,44.49439,8.41618,4.8459167,7.9117317,19.356983,16.356983,68.19,68.19,68.19,68.19,67.21571,3.577299,0.0,0.0,0.0,1.0,1.014495,0.27235314,-0.014495015,0.0,0.053221174,4649.8765,4.2368565,0.0,4.0,-0.014495015144348145,44.49439,44.49439,44.49439,52.33426504137465,57.04943910906594,57.530063044563214,full_promo,3568.6736609405393,3890.201392128064,3922.975139463021,47.733,3520.940659231555,3842.4683904190797,3875.242137754037,354.30147852248183,3520.940659231555,10.0,66.4852523803711,2704.1890872456106
2024-01-05,store_1,item_14,34.20684074805365,70.38,1,0.0,1,4,1,0,0.49999999999999994,0.8660254037844387,-0.433883739117558,-0.9009688679024191,35.682194,23.0,38.0,21.0,30.150131,6.4011483,28.217922,7.0903225,25.858961,6.866063,1.932209,4.29117,12.682194,27.682194,70.38,70.38,70.38,68.369995,68.8725,4.431632,0.0,0.0,0.0,1.0293989,1.0218883,0.340168,-0.021888256,0.0,0.06434545,4953.344,4.268018,0.0,5.0,-0.021888256072998047,25.858961,25.858961,25.858961,28.58155877139566,34.20684074805365,36.16059374990035,full_promo,2011.5700278292309,2407.4773578961217,2544.98248879995,49.266,1962.3040289888988,2358.2113590557897,2495.716489959618,533.4124609707189,1962.3040289888988,10.0,91.49399642944336,1785.1598720204315
2024-01-05,store_1,item_15,27.811790852372578,56.62,1,0.0,1,4,1,0,0.49999999999999994,0.8660254037844387,-0.433883739117558,-0.9009688679024191,28.962858,23.0,20.0,13.0,24.789783,5.3291664,23.537748,5.842648,22.018875,5.3050303,1.2520351,2.7709084,5.962858,2.9628582,56.62,56.62,56.62,56.62,56.62,0.0,0.0,0.0,0.0,1.0,1.0,0.0,0.0,0.0,0.0,3205.8242,4.0538697,0.0,4.0,0.0,22.018875,22.018875,22.018875,25.219542343386895,27.811790852372578,29.634612353192786,full_promo,1427.9304605451887,1574.7035683551378,1677.9117197845947,39.634,1388.296461674339,1535.0695694842882,1638.277720913745,249.98125923940597,1388.296461674339,10.0,73.6059986114502,1246.037108017076
2024-01-05,store_1,item_16,43.4707071868001,43.08,1,0.0,1,4,1,0,0.49999999999999994,0.8660254037844387,-0.433883739117558,-0.9009688679024191,45.890602,34.0,34.0,25.0,41.625607,5.7232018,36.241375,8.23336,32.942116,7.1679435,5.3842316,8.683491,11.890602,11.890602,43.08,43.08,43.08,41.84857,42.772144,1.6290274,0.0,0.0,0.0,1.0294259,1.0071976,0.1889823,-0.0071976185,0.0,0.038086176,1855.8866,3.7860062,0.0,5.0,-0.00719761848449707,32.942116,32.942116,32.942116,37.665462663682895,43.4707071868001,49.57884748424369,full_promo,1622.628200518981,1872.7181452045904,2135.856840402799,30.156,1592.4722003816519,1842.5621450672613,2105.70084026547,513.2286398838182,1592.4722003816519,10.0,56.0040023803711,1379.121854775008
2024-01-05,store_1,item_17,19.374375489760816,62.32,1,0.0,1,4,1,0,0.49999999999999994,0.8660254037844387,-0.433883739117558,-0.9009688679024191,21.086834,14.0,16.0,11.0,17.855791,4.6983814,18.142181,4.181565,17.82109,5.126901,-0.2863903,0.034700394,7.086834,9.086834,62.32,62.32,62.32,62.32,60.985,3.9245307,0.0,0.0,0.0,1.0,1.0218906,0.34016773,-0.02189064,0.0,0.06435239,3883.7825,4.1482015,0.0,4.0,-0.021890640258789062,17.82109,17.82109,17.82109,16.354207823530363,19.374375489760816,25.23504317528126,full_promo,1019.194226571504,1207.4110746093038,1572.647882982404,43.624,975.5702260221876,1163.7870740599874,1529.0238824330877,553.4536564109001,975.5702260221876,10.0,81.01599960327148,1099.5851615666734
2024-01-05,store_1,item_18,50.73237669091338,71.7,1,0.0,1,4,1,0,0.49999999999999994,0.8660254037844387,-0.433883739117558,-0.9009688679024191,59.19484,31.0,39.0,30.0,47.598057,15.0919285,46.441883,11.97671,42.578087,10.233583,1.1561737,5.01997,28.19484,36.19484,71.7,71.7,71.7,71.7,71.18785,2.7100046,0.0,0.0,0.0,1.0,1.0071943,0.18898338,-0.0071942806,0.0,0.038068358,5140.8896,4.286341,0.0,4.0,-0.0071942806243896484,42.578087,42.578087,42.578087,46.042140410259606,50.73237669091338,58.72410213774402,full_promo,3301.221326906152,3637.511253915562,4210.517944064509,50.19,3251.031328279443,3587.321255288853,4160.3279454378,909.2966171583566,3251.031328279443,10.0,93.20999603271484,2946.5911799029486
2024-01-05,store_1,item_19,16.221681168635044,40.82,1,0.0,1,4,1,0,0.49999999999999994,0.8660254037844387,-0.433883739117558,-0.9009688679024191,17.054966,20.0,10.0,12.0,15.95075,3.5215006,15.261089,3.6031923,14.130545,3.2120526,0.689661,1.8202057,-2.945034,-12.945034,40.82,40.82,40.82,40.82,40.82,0.0,0.0,0.0,0.0,1.0,1.0,0.0,0.0,0.0,0.0,1666.2723,3.7333746,0.0,4.0,0.0,14.130545,14.130545,14.130545,12.225990717119078,16.221681168635044,20.832865199050666,full_promo,499.0649373417245,662.1690203532182,850.3975510675623,28.574,470.49093793681726,633.595020948311,821.8235516626551,351.3326137258378,470.49093793681726,10.0,36.737999725341794,582.5361603183487
2024-01-05,store_1,item_2,52.96007837071285,38.55,1,0.0,1,4,1,0,0.49999999999999994,0.8660254037844387,-0.433883739117558,-0.9009688679024191,60.530766,38.0,37.0,55.0,48.86919,14.513355,44.863167,11.426546,42.503014,10.447472,4.0060234,6.3661766,22.530766,21.530766,38.55,38.55,30.84,38.55,37.999287,2.022065,0.0,0.0,0.24999996,1.0,1.0144928,0.27235144,-0.01449275,0.0,0.053213235,1486.1024,3.6775656,0.0,4.0,-0.01449275016784668,42.503014,42.503014,42.503014,48.487772302679325,52.96007837071285,57.729102014155686,full_promo,1869.2035852750535,2041.6109807856471,2225.4568386018923,26.984999,1842.2185865720505,2014.6259820826442,2198.4718398988894,356.25325332683883,1842.2185865720505,10.0,50.114999008178714,1448.807759964844
2024-01-05,store_1,item_20,73.78216907369386,12.2,1,0.0,1,4,1,0,0.49999999999999994,0.8660254037844387,-0.433883739117558,-0.9009688679024191,79.18118,47.0,44.0,37.0,67.92649,17.911114,57.606102,16.937492,52.767338,15.287291,10.320389,15.159153,32.181183,29.181183,12.2,15.24,15.24,13.068571,14.48,1.340514,0.0,-0.19947505,-0.19947505,0.9335373,0.8425414,-1.7008388,0.1574586,0.19947505,0.09257693,148.84,2.580217,0.0,5.0,0.1574586033821106,52.767338,52.767338,52.767338,64.40211721578095,73.78216907369386,77.96217844189042,full_promo,785.7058177487985,900.1424486262332,951.1385621209577,8.54,777.1658177869455,891.6024486643802,942.5985621591046,165.43274437215916,777.1658177869455,10.0,14.944999766349794,878.4378267211671
2024-01-05,store_1,item_21,53.67354610922409,27.45,1,0.0,1,4,1,0,0.49999999999999994,0.8660254037844387,-0.433883739117558,-0.9009688679024191,56.74167,41.0,35.0,34.0,50.4202,11.094727,47.13867,12.484368,43.60505,11.467706,3.2815285,6.815151,15.741669,9.741669,27.45,27.45,27.45,26.665714,26.665714,1.9563528,0.0,0.0,0.0,1.0294117,1.0294117,0.40089196,-0.029411674,0.0,0.073365845,753.50256,3.348148,0.0,5.0,-0.029411673545837402,43.60505,43.60505,43.60505,47.995289707810045,53.67354610922409,59.03958930137728,full_promo,1317.4707390968858,1473.3388816478673,1620.6367713664383,19.215,1298.255738944298,1454.1238814952794,1601.4217712138504,303.1660322695525,1298.255738944298,10.0,35.68500099182129,1051.093244159128
2024-01-05,store_1,item_22,28.44188150281614,47.59,1,0.0,1,4,1,0,0.49999999999999994,0.8660254037844387,-0.433883739117558,-0.9009688679024191,28.363964,19.0,28.0,24.0,22.828053,5.2495766,21.985455,5.765581,21.421299,5.3290644,0.84259796,1.4067535,9.363964,18.363964,47.59,47.59,38.07,47.59,46.57,2.9985182,0.0,0.0,0.25006568,1.0,1.0219026,0.34016806,-0.021902561,0.0,0.06438734,2264.808,3.8834178,0.0,4.0,-0.02190256118774414,21.421299,21.421299,21.421299,23.798636743254928,28.44188150281614,29.893404790992843,full_promo,1132.5771262428857,1353.5491450589068,1422.627138564721,33.313,1099.264126517544,1320.236145333565,1389.3141388393792,290.0500123218353,1099.264126517544,10.0,61.86700019836426,1019.9554160799293
2024-01-05,store_1,item_23,13.705250206219018,46.82,1,0.0,1,4,1,0,0.49999999999999994,0.8660254037844387,-0.433883739117558,-0.9009688679024191,14.565063,13.0,3.0,10.0,13.585458,1.962745,11.364158,4.0482645,12.11065,3.6125662,2.2213001,1.4748077,1.5650635,-8.434937,46.82,46.82,46.82,46.82,46.485714,1.7688738,0.0,0.0,0.0,1.0,1.0071912,0.18898214,-0.007191181,0.0,0.03805199,2192.1123,3.867444,0.0,4.0,-0.007191181182861328,12.11065,12.11065,12.11065,8.781832610478252,13.705250206219018,18.97232657959928,full_promo,411.16540014258914,641.679810472664,888.2843246669437,32.774,378.3914018820911,608.905812212166,855.5103264064456,477.11892452435455,378.3914018820911,10.0,60.86599960327148,587.5828099070152
2024-01-05,store_1,item_24,51.187323410671816,19.06,1,0.0,1,4,1,0,0.49999999999999994,0.8660254037844387,-0.433883739117558,-0.9009688679024191,57.62369,34.0,31.0,35.0,47.11259,13.997977,44.77058,13.237954,41.52815,10.817332,2.3420105,5.584442,23.623692,20.623692,19.06,19.06,19.06,19.06,18.923927,0.7200222,0.0,0.0,0.0,0.9999999,1.0071903,0.18898302,-0.0071903467,0.0,0.03804824,363.28357,2.9987278,0.0,4.0,-0.007190346717834473,41.52815,41.52815,41.52815,47.1094231408449,51.187323410671816,57.52382498715308,full_promo,897.9055799053576,975.6303568704249,1096.4040735341007,13.341999,884.5635808514025,962.2883578164698,1083.0620744801456,198.49849362874306,884.5635808514025,10.0,24.7779993057251,778.8285518425331
2024-01-05,store_1,item_25,51.277587818812805,89.21,1,0.0,1,4,1,0,0.49999999999999994,0.8660254037844387,-0.433883739117558,-0.9009688679024191,55.91402,33.0,49.0,38.0,44.690918,13.759773,43.41689,10.530431,40.208443,9.548715,1.2740288,4.4824753,22.91402,38.91402,89.21,89.21,89.21,89.21,87.29857,5.6190705,0.0,0.0,0.0,1.0,1.0218953,0.34016836,-0.02189529,0.0,0.064366125,7958.424,4.50214,0.0,4.0,-0.021895289421081543,40.208443,40.208443,40.208443,43.65627766144105,51.277587818812805,53.93232069754612,full_promo,3894.5764902086403,4574.473562370256,4811.302280051575,62.447,3832.129491612449,4512.026563774065,4748.855281455383,916.7257898429343,3832.129491612449,10.0,115.97299880981446,3490.8260104615533
2024-01-05,store_1,item_26,49.06941149278284,47.67,1,0.0,1,4,1,0,0.49999999999999994,0.8660254037844387,-0.433883739117558,-0.9009688679024191,55.564613,36.0,36.0,34.0,45.56566,12.541868,41.925686,10.578319,39.53427,9.109526,3.6399727,6.0313873,19.564613,19.564613,47.67,47.67,47.67,47.67,47.67,0.0,0.0,0.0,0.0,1.0,1.0,0.0,0.0,0.0,0.0,2272.4287,3.8850627,0.0,4.0,0.0,39.53427,39.53427,39.53427,46.57561952925718,49.06941149278284,52.347939279484585,full_promo,2220.2596976771833,2339.138756012182,2495.4261696010904,33.369,2186.890698195982,2305.769756530981,2462.057170119889,275.166471923907,2186.890698195982,10.0,61.97099761962891,1832.9460600947814
2024-01-05,store_1,item_27,51.02388179355182,67.62,1,0.0,1,4,1,0,0.49999999999999994,0.8660254037844387,-0.433883739117558,-0.9009688679024191,55.875034,53.0,35.0,30.0,50.66839,11.784339,45.119907,11.279447,42.417095,9.489447,5.548481,8.251293,2.8750343,-15.124966,67.62,54.1,67.62,65.688576,66.17143,4.258401,0.0,0.24990766,0.0,1.0294027,1.0218911,0.34016758,-0.021891117,-0.24990766,0.06435407,4572.465,4.2285843,1.0,5.0,-0.021891117095947266,42.417095,42.417095,42.417095,44.74121921656766,51.02388179355182,54.73017207563857,full_promo,3025.401366309734,3450.235027021251,3700.854386075587,47.334,2978.067366675945,3402.901027387462,3653.520386441798,675.4530197658532,2978.067366675945,10.0,87.90600357055665,2581.62874005036
2024-01-06,store_1,item_1,54.20390732714929,21.3,1,0.0,1,5,1,1,0.49999999999999994,0.8660254037844387,-0.9749279121818236,-0.2225209339563146,62.16123,38.0,38.0,35.0,59.764194,14.350954,53.953526,12.658991,50.86962,13.187959,5.810669,8.894573,24.161228,24.161228,21.3,21.3,21.3,21.3,20.995714,1.1172496,0.0,0.0,0.0,0.9999999,1.0144926,0.27235165,-0.014492631,0.0,0.053213216,453.68997,3.1045866,0.0,5.0,-0.014492630958557129,50.86962,50.86962,50.86962,49.5245643078419,54.20390732714929,62.81201226305676,full_promo,1054.8731819727884,1154.5431847139805,1337.8958132813466,14.909999,1039.9631830790506,1139.6331858202427,1322.9858143876088,283.0226313085582,1039.9631830790506,10.0,27.689999008178713,960.5376904331911
2024-01-06,store_1,item_10,32.294214333348634,20.59,1,0.0,1,5,1,1,0.49999999999999994,0.8660254037844387,-0.9749279121818236,-0.2225209339563146,32.077965,15.0,20.0,17.0,28.19045,7.5034122,26.88094,7.272334,24.833326,6.524263,1.3095112,3.3571243,17.077965,22.077965,20.59,20.59,20.59,20.59,20.442858,0.77860695,0.0,0.0,0.0,0.9999999,1.0071976,0.18898138,-0.0071976185,0.0,0.038086988,423.94812,3.0722303,0.0,5.0,-0.00719761848449707,24.833326,24.833326,24.833326,26.80340307120285,32.294214333348634,33.54042637045004,full_promo,551.8820733259414,664.9378780513545,690.5973840854293,14.413,537.4690732191299,650.5248779445429,676.1843839786178,138.71531075948792,537.4690732191299,10.0,26.767000198364258,480.8890615945379
2024-01-06,store_1,item_11,41.01710522149238,52.2,1,0.0,1,5,1,1,0.49999999999999994,0.8660254037844387,-0.9749279121818236,-0.2225209339563146,42.265797,27.0,19.0,21.0,39.349937,7.9167404,32.532112,10.735405,29.516056,9.80257,6.8178253,9.833881,15.265797,7.2657967,52.2,65.25,65.25,54.064285,61.521427,6.00357,0.0,-0.19999999,-0.19999999,0.9655173,0.8484849,-1.552647,0.15151513,0.19999999,0.09758503,2724.84,3.9740584,0.0,6.0,0.15151512622833252,29.516056,29.516056,29.516056,37.17922584306006,41.01710522149238,46.91545872094972,full_promo,1940.7556173732335,2141.09292385547,2448.98698102723,36.54,1904.2156164577061,2104.5529229399426,2412.4469801117025,508.23136365399637,1904.2156164577061,10.0,63.945000934600834,1990.7141957281833
2024-01-06,store_1,item_12,31.13878920146139,60.88,1,0.0,1,5,1,1,0.49999999999999994,0.8660254037844387,-0.9749279121818236,-0.2225209339563146,31.935694,16.0,26.0,17.0,26.836142,8.009714,25.346642,6.426213,23.316177,6.4151034,1.4895,3.5199642,15.935694,25.935694,60.88,60.88,60.88,60.88,59.575,3.8363395,0.0,0.0,0.0,1.0,1.0219052,0.34016803,-0.021905184,0.0,0.06439512,3706.3745,4.125197,0.0,5.0,-0.021905183792114258,23.316177,23.316177,23.316177,25.82730790444339,31.13878920146139,31.456619029710346,full_promo,1572.3665328090547,1895.7295198447846,1915.07900012806,42.616,1529.7505316799043,1853.1135187156342,1872.4629989989096,342.7124673190053,1529.7505316799043,10.0,79.14400138854981,1376.6699239758996
2024-01-06,store_1,item_13,51.433740331802454,68.19,1,0.0,1,5,1,1,0.49999999999999994,0.8660254037844387,-0.9749279121818236,-0.2225209339563146,57.04944,39.0,47.0,34.0,54.270325,10.663338,48.706593,9.513026,45.31758,8.478708,5.563732,8.952744,18.049438,26.049438,68.19,68.19,68.19,68.19,67.21571,3.577299,0.0,0.0,0.0,1.0,1.014495,0.27235314,-0.014495015,0.0,0.053221174,4649.8765,4.2368565,0.0,5.0,-0.014495015144348145,45.31758,45.31758,45.31758,48.412333745271205,51.433740331802454,58.34066022013174,full_promo,3301.2371562842177,3507.2668787962643,3978.2497628440356,47.733,3253.5041545752333,3459.53387708728,3930.516761135051,677.0126065598179,3253.5041545752333,10.0,66.4852523803711,2704.1890872456106
2024-01-06,store_1,item_14,31.96391812825044,70.38,1,0.0,1,5,1,1,0.49999999999999994,0.8660254037844387,-0.9749279121818236,-0.2225209339563146,34.20684,26.0,20.0,18.0,31.751108,5.6750746,27.946981,6.7521796,26.330633,6.97271,3.8041267,5.420475,8.2068405,2.2068405,70.38,56.31,70.38,68.369995,68.8725,4.431632,0.0,0.24986672,0.0,1.0293989,1.0218883,0.340168,-0.021888256,-0.24986672,0.06434545,4953.344,4.268018,1.0,6.0,-0.021888256072998047,26.330633,26.330633,26.330633,23.523161614681975,31.96391812825044,35.93856865416002,full_promo,1655.5600498330243,2249.620470074743,2529.3563631715556,49.266,1606.2940509926923,2200.354471234411,2480.0903643312236,873.7963133385313,1606.2940509926923,10.0,91.49399642944336,1785.1598720204315
2024-01-06,store_1,item_15,27.922118953382117,56.62,1,0.0,1,5,1,1,0.49999999999999994,0.8660254037844387,-0.9749279121818236,-0.2225209339563146,27.81179,18.0,18.0,14.0,25.477182,5.3700047,24.095734,5.85181,22.547867,5.107195,1.3814487,2.9293156,9.81179,9.81179,56.62,56.62,56.62,56.62,56.62,0.0,0.0,0.0,0.0,1.0,1.0,0.0,0.0,0.0,0.0,3205.8242,4.0538697,0.0,5.0,0.0,22.547867,22.547867,22.547867,23.8418883928788,27.922118953382117,29.55924374859449,full_promo,1349.9276953389135,1580.9503453164548,1673.6443494727414,39.634,1310.293696468064,1541.3163464456052,1634.0103506018918,323.7166541338279,1310.293696468064,10.0,73.6059986114502,1246.037108017076
2024-01-06,store_1,item_16,39.90801501462098,43.08,1,0.0,1,5,1,1,0.49999999999999994,0.8660254037844387,-0.9749279121818236,-0.2225209339563146,43.470707,42.0,21.0,22.0,42.978565,4.636293,36.917854,8.4219475,33.601784,7.2593074,6.060711,9.376781,1.4707069,-19.529293,43.08,34.46,43.08,41.84857,42.772144,1.6290274,0.0,0.2501452,0.0,1.0294259,1.0071976,0.1889823,-0.0071976185,-0.2501452,0.038086176,1855.8866,3.7860062,1.0,6.0,-0.00719761848449707,33.601784,33.601784,33.601784,33.0417518064777,39.90801501462098,47.873944391618544,full_promo,1423.4387283243138,1719.2373599036298,2062.409612050737,30.156,1393.2827281869847,1689.0813597663007,2032.253611913408,638.9708837264232,1393.2827281869847,10.0,56.0040023803711,1379.121854775008
2024-01-06,store_1,item_17,18.914420692905118,62.32,1,0.0,1,5,1,1,0.49999999999999994,0.8660254037844387,-0.9749279121818236,-0.2225209339563146,19.374376,12.0,22.0,9.0,18.623558,4.3924446,18.383207,4.1456866,18.120176,4.955651,0.24035072,0.5033817,7.3743763,17.374376,62.32,62.32,62.32,62.32,60.985,3.9245307,0.0,0.0,0.0,1.0,1.0218906,0.34016773,-0.02189064,0.0,0.06435239,3883.7825,4.1482015,0.0,5.0,-0.021890640258789062,18.120176,18.120176,18.120176,16.364997510595636,18.914420692905118,24.248173482098633,full_promo,1019.8666398661192,1178.7466918096238,1511.1461640044315,43.624,976.2426393168028,1135.1226912603074,1467.522163455115,491.27952413831235,976.2426393168028,10.0,81.01599960327148,1099.5851615666734
2024-01-06,store_1,item_18,48.28092345527884,71.7,1,0.0,1,5,1,1,0.49999999999999994,0.8660254037844387,-0.9749279121818236,-0.2225209339563146,50.732376,35.0,31.0,30.0,50.416965,13.199132,47.27991,11.825446,43.318527,10.037968,3.1370544,7.0984383,15.732376,11.732376,71.7,71.7,71.7,71.7,71.18785,2.7100046,0.0,0.0,0.0,1.0,1.0071943,0.18898338,-0.0071942806,0.0,0.038068358,5140.8896,4.286341,0.0,5.0,-0.0071942806243896484,43.318527,43.318527,43.318527,44.65152550765237,48.28092345527884,57.488105553180574,full_promo,3201.5142426330335,3461.7420644018075,4121.896992723272,50.19,3151.3242440063245,3411.5520657750985,4071.706994096563,920.3827500902385,3151.3242440063245,10.0,93.20999603271484,2946.5911799029486
2024-01-06,store_1,item_19,15.054816594757865,40.82,1,0.0,1,5,1,1,0.49999999999999994,0.8660254037844387,-0.9749279121818236,-0.2225209339563146,16.221682,9.0,15.0,9.0,15.410991,3.0562341,15.705496,3.2729387,14.281319,3.2074203,-0.29450512,1.129672,7.2216816,13.221682,40.82,40.82,40.82,40.82,40.82,0.0,0.0,0.0,0.0,1.0,1.0,0.0,0.0,0.0,0.0,1666.2723,3.7333746,0.0,5.0,0.0,14.281319,14.281319,14.281319,12.135332169064236,15.054816594757865,19.95819519314762,full_promo,495.3642554377927,614.5376088036506,814.693521693528,28.574,466.79025603288545,585.9636093987434,786.1195222886208,319.3292662557354,466.79025603288545,10.0,36.737999725341794,582.5361603183487
2024-01-06,store_1,item_2,47.891210665157075,38.55,1,0.0,1,5,1,1,0.49999999999999994,0.8660254037844387,-0.9749279121818236,-0.2225209339563146,52.96008,29.0,32.0,29.0,51.006348,13.726186,46.003174,11.377756,42.430157,10.363875,5.003174,8.576191,23.96008,26.96008,38.55,38.55,38.55,38.55,38.274643,1.4570528,0.0,0.0,0.0,1.0,1.0071943,0.18898156,-0.0071942806,0.0,0.038068358,1486.1024,3.6775656,0.0,5.0,-0.0071942806243896484,42.430157,42.430157,42.430157,43.89415238397398,47.891210665157075,55.994449850468236,full_promo,1692.1195409136164,1846.2061346037112,2158.5859990151757,26.984999,1665.1345422106135,1819.2211359007083,2131.601000312173,466.4664581015593,1665.1345422106135,10.0,50.114999008178714,1448.807759964844
2024-01-06,store_1,item_20,66.51610632661583,12.2,1,0.0,1,5,1,1,0.49999999999999994,0.8660254037844387,-0.9749279121818236,-0.2225209339563146,73.782166,43.0,37.0,51.0,71.75252,15.377199,59.733402,16.967403,54.080986,15.461576,12.019115,17.671532,30.782166,24.782166,12.2,15.24,12.2,12.634286,14.3714285,1.3985329,0.0,-0.19947505,0.0,0.9656263,0.8489065,-1.5526465,0.15109348,0.19947505,0.09731341,148.84,2.580217,0.0,6.0,0.1510934829711914,54.080986,54.080986,54.080986,59.572883720632504,66.51610632661583,73.03794183991022,full_promo,726.7891700290908,811.4964844977726,891.0628765160228,8.54,718.2491700672377,802.9564845359196,882.5228765541698,164.27370648693204,718.2491700672377,10.0,14.944999766349794,878.4378267211671
2024-01-06,store_1,item_21,48.83474506184192,27.45,1,0.0,1,5,1,1,0.49999999999999994,0.8660254037844387,-0.9749279121818236,-0.2225209339563146,53.673546,50.0,33.0,29.0,52.23071,10.30741,48.472496,12.078662,44.30768,11.460104,3.758213,7.923031,3.6735458,-13.326454,27.45,21.96,27.45,26.665714,26.665714,1.9563528,0.0,0.25000006,0.0,1.0294117,1.0294117,0.40089196,-0.029411674,-0.25000006,0.073365845,753.50256,3.348148,1.0,6.0,-0.029411673545837402,44.30768,44.30768,44.30768,41.63259684065558,48.83474506184192,52.33034188974515,full_promo,1142.8148150391464,1340.5137892055145,1436.4679247983868,19.215,1123.5998148865585,1321.2987890529266,1417.2529246457989,293.65310975924035,1123.5998148865585,10.0,35.68500099182129,1051.093244159128
2024-01-06,store_1,item_22,26.524396743478427,47.59,1,0.0,1,5,1,1,0.49999999999999994,0.8660254037844387,-0.9749279121818236,-0.2225209339563146,28.441881,17.0,14.0,14.0,24.176893,5.3146625,22.017017,5.8021336,21.579937,5.472846,2.1598759,2.5969563,11.441881,8.441881,47.59,47.59,47.59,47.59,46.91,2.4967654,0.0,0.0,0.0,1.0,1.0144958,0.2723524,-0.01449585,0.0,0.053224586,2264.808,3.8834178,0.0,5.0,-0.014495849609375,21.579937,21.579937,21.579937,21.91337709074735,26.524396743478427,29.057195297973966,full_promo,1042.8576190923823,1262.29604506944,1382.831928664357,33.313,1009.5446193670405,1228.9830453440982,1349.5189289390153,339.9743095719748,1009.5446193670405,10.0,61.86700019836426,1019.9554160799293
2024-01-06,store_1,item_23,13.45124269237133,46.82,1,0.0,1,5,1,1,0.49999999999999994,0.8660254037844387,-0.9749279121818236,-0.2225209339563146,13.70525,13.0,8.0,10.0,13.686208,1.9457108,12.1288185,3.2861657,12.242981,3.60023,1.5573893,1.4432268,0.7052498,-4.29475,46.82,46.82,46.82,46.82,46.485714,1.7688738,0.0,0.0,0.0,1.0,1.0071912,0.18898214,-0.007191181,0.0,0.03805199,2192.1123,3.867444,0.0,5.0,-0.007191181182861328,12.242981,12.242981,12.242981,8.829143174890506,13.45124269237133,18.51251978688333,full_promo,413.38048075393283,629.7871787518322,866.7561707723049,32.774,380.6064824934348,597.0131804913342,833.9821725118069,453.3756900183721,380.6064824934348,10.0,60.86599960327148,587.5828099070152
2024-01-06,store_1,item_24,47.83119477842912,19.06,1,0.0,1,5,1,1,0.49999999999999994,0.8660254037844387,-0.9749279121818236,-0.2225209339563146,51.187325,33.0,34.0,30.0,49.567924,12.767948,46.212532,12.711597,42.106266,10.887848,3.3553925,7.4616585,18.187325,19.187325,19.06,19.06,19.06,19.06,18.923927,0.7200222,0.0,0.0,0.0,0.9999999,1.0071903,0.18898302,-0.0071903467,0.0,0.03804824,363.28357,2.9987278,0.0,5.0,-0.007190346717834473,42.106266,42.106266,42.106266,44.16387769824306,47.83119477842912,56.144589251103724,full_promo,841.7634853424574,911.6625469322452,1070.1158411415915,13.341999,828.4214862885024,898.3205478782901,1056.7738420876365,228.3523557991341,828.4214862885024,10.0,24.7779993057251,778.8285518425331
2024-01-06,store_1,item_25,43.73835687446337,89.21,1,0.0,1,5,1,1,0.49999999999999994,0.8660254037844387,-0.9749279121818236,-0.2225209339563146,51.277588,26.0,30.0,24.0,47.302002,12.877439,43.579575,10.640339,40.682644,9.76228,3.7224274,6.619358,25.277588,29.277588,89.21,89.21,89.21,89.21,87.29857,5.6190705,0.0,0.0,0.0,1.0,1.0218953,0.34016836,-0.02189529,0.0,0.064366125,7958.424,4.50214,0.0,5.0,-0.021895289421081543,40.682644,40.682644,40.682644,40.03854453526614,43.73835687446337,53.850975883069516,full_promo,3571.83852133471,3901.8987767272156,4804.04550922659,62.447,3509.3915227385187,3839.451778131024,4741.598510630399,1232.20698789188,3509.3915227385187,10.0,115.97299880981446,3490.8260104615533
2024-01-06,store_1,item_26,45.62650015521675,47.67,1,0.0,1,5,1,1,0.49999999999999994,0.8660254037844387,-0.9749279121818236,-0.2225209339563146,49.069412,31.0,31.0,37.0,47.432716,11.833314,42.859215,10.59183,40.072464,9.214992,4.5735016,7.3602524,18.069412,18.069412,47.67,47.67,47.67,47.67,47.67,0.0,0.0,0.0,0.0,1.0,1.0,0.0,0.0,0.0,0.0,2272.4287,3.8850627,0.0,5.0,0.0,40.072464,40.072464,40.072464,41.533072619566006,45.62650015521675,50.0241235391648,full_promo,1979.8814957253842,2175.0151788545654,2384.64987751508,33.369,1946.512496244183,2141.6461793733642,2351.2808780338787,404.7683817896957,1946.512496244183,10.0,61.97099761962891,1832.9460600947814
2024-01-06,store_1,item_27,48.073271687636534,67.62,1,0.0,1,5,1,1,0.49999999999999994,0.8660254037844387,-0.9749279121818236,-0.2225209339563146,51.02388,35.0,27.0,30.0,50.386086,11.742771,46.26447,10.982647,43.16795,9.30043,4.1216164,7.218136,16.02388,8.02388,67.62,67.62,67.62,67.62,66.17143,4.258401,0.0,0.0,0.0,1.0,1.0218911,0.34016758,-0.021891117,0.0,0.06435407,4572.465,4.2285843,0.0,5.0,-0.021891117095947266,43.16795,43.16795,43.16795,43.106343834147076,48.073271687636534,55.91431071907226,full_promo,2914.8510884601346,3250.714763555167,3780.9258443969075,47.334,2867.5170888263456,3203.380763921378,3733.5918447631184,866.0747559367728,2867.5170888263456,10.0,87.90600357055665,2581.62874005036
2024-01-07,store_1,item_1,61.15913449391191,21.3,1,0.0,1,6,1,1,0.49999999999999994,0.8660254037844387,-0.7818314824680299,0.6234898018587334,54.203907,42.0,44.0,33.0,62.079037,11.220714,55.110947,11.799751,51.555473,12.826481,6.96809,10.523563,12.203907,14.203907,21.3,21.3,21.3,21.3,20.995714,1.1172496,0.0,0.0,0.0,0.9999999,1.0144926,0.27235165,-0.014492631,0.0,0.053213216,453.68997,3.1045866,0.0,6.0,-0.014492630958557129,51.555473,51.555473,51.555473,55.64115883384985,61.15913449391191,62.21895343687651,full_promo,1185.1566407101666,1302.689518059607,1325.2636607361753,14.909999,1170.2466418164288,1287.7795191658693,1310.3536618424375,140.10702002600874,1170.2466418164288,10.0,27.689999008178713,960.5376904331911
2024-01-07,store_1,item_10,33.66020899937987,20.59,1,0.0,1,6,1,1,0.49999999999999994,0.8660254037844387,-0.7818314824680299,0.6234898018587334,32.294216,21.0,20.0,15.0,30.661053,4.794666,27.759098,7.118172,25.379549,6.48426,2.9019547,5.2815037,11.294216,10.294216,20.59,20.59,20.59,20.59,20.442858,0.77860695,0.0,0.0,0.0,0.9999999,1.0071976,0.18898138,-0.0071976185,0.0,0.038086988,423.94812,3.0722303,0.0,6.0,-0.00719761848449707,25.379549,25.379549,25.379549,27.441496691449096,33.66020899937987,35.71771250491095,full_promo,565.020421064177,693.0637084333717,735.4277059262068,14.413,550.6074209573654,678.6507083265602,721.0147058193953,170.40728486202988,550.6074209573654,10.0,26.767000198364258,480.8890615945379
2024-01-07,store_1,item_11,44.76511035427913,52.2,1,0.0,1,6,1,1,0.49999999999999994,0.8660254037844387,-0.7818314824680299,0.6234898018587334,41.017105,30.0,20.0,26.0,41.352383,5.7480235,34.104763,10.199879,30.230953,9.888042,7.2476196,11.121429,11.017105,1.0171051,52.2,52.2,65.25,52.2,61.05536,6.2065125,0.0,0.0,-0.19999999,1.0,0.8549618,-1.4267846,0.14503819,0.0,0.10165385,2724.84,3.9740584,1.0,7.0,0.1450381875038147,30.230953,30.230953,30.230953,38.31896813986822,44.76511035427913,47.91885233824783,full_promo,2000.2501661361737,2336.7387946464396,2501.36412861572,36.54,1963.7101652206463,2300.1987937309123,2464.8241277001925,501.1139624795462,1963.7101652206463,10.0,63.945000934600834,1990.7141957281833
2024-01-07,store_1,item_12,34.05463845670875,60.88,1,0.0,1,6,1,1,0.49999999999999994,0.8660254037844387,-0.7818314824680299,0.6234898018587334,31.13879,15.0,18.0,17.0,28.998825,6.497224,25.713697,6.61052,23.821135,6.4558487,3.2851276,5.1776905,16.13879,19.13879,60.88,60.88,60.88,60.88,59.575,3.8363395,0.0,0.0,0.0,1.0,1.0219052,0.34016803,-0.021905184,0.0,0.06439512,3706.3745,4.125197,0.0,6.0,-0.021905183792114258,23.821135,23.821135,23.821135,25.511996060544135,34.05463845670875,32.9885395808114,full_promo,1553.1703474156786,2073.246425618707,2008.3423249153595,42.616,1510.5543462865282,2030.6304244895564,1965.7263237862092,455.1719774996809,1510.5543462865282,10.0,79.14400138854981,1376.6699239758996
2024-01-07,store_1,item_13,56.11723464655622,68.19,1,0.0,1,6,1,1,0.49999999999999994,0.8660254037844387,-0.7818314824680299,0.6234898018587334,51.43374,40.0,38.0,36.0,56.046574,8.514874,49.02329,9.525636,45.940216,8.253964,7.023285,10.106358,11.433739,9.433739,68.19,68.19,68.19,68.19,67.21571,3.577299,0.0,0.0,0.0,1.0,1.014495,0.27235314,-0.014495015,0.0,0.053221174,4649.8765,4.2368565,0.0,6.0,-0.014495015144348145,45.940216,45.940216,45.940216,52.42301999913249,56.11723464655622,61.64061367080888,full_promo,3574.7258617267335,3826.634367553636,4203.273596702237,47.733,3526.992860017749,3778.9013658446515,4155.540594993253,628.5477349755038,3526.992860017749,10.0,66.4852523803711,2704.1890872456106
2024-01-07,store_1,item_14,36.87608535087257,70.38,1,0.0,1,6,1,1,0.49999999999999994,0.8660254037844387,-0.7818314824680299,0.6234898018587334,31.963919,22.0,16.0,16.0,32.603096,5.084743,28.801548,6.417838,26.829346,6.8531556,3.801548,5.7737503,9.963919,3.9639187,70.38,70.38,70.38,70.38,68.8725,4.431632,0.0,0.0,0.0,1.0,1.0218883,0.340168,-0.021888256,0.0,0.06434545,4953.344,4.268018,0.0,6.0,-0.021888256072998047,26.829346,26.829346,26.829346,28.687408382351524,36.87608535087257,37.46527679948703,full_promo,2019.0197231575798,2595.3387857112184,2636.806078246441,49.266,1969.7537243172478,2546.0727868708864,2587.540079406109,617.786355088861,1969.7537243172478,10.0,91.49399642944336,1785.1598720204315
2024-01-07,store_1,item_15,29.311223303009598,56.62,1,0.0,1,6,1,1,0.49999999999999994,0.8660254037844387,-0.7818314824680299,0.6234898018587334,27.92212,18.0,11.0,18.0,26.894629,4.262767,24.804457,5.6542635,23.045086,4.9183974,2.0901718,3.8495426,9.922119,2.9221191,56.62,56.62,56.62,56.62,56.62,0.0,0.0,0.0,0.0,1.0,1.0,0.0,0.0,0.0,0.0,3205.8242,4.0538697,0.0,6.0,0.0,23.045086,23.045086,23.045086,25.568228150334466,29.311223303009598,30.500890911923022,full_promo,1447.6730505621235,1659.6014321086393,1726.9604108546152,39.634,1408.039051691274,1619.9674332377897,1687.3264119837656,279.2873602924917,1408.039051691274,10.0,73.6059986114502,1246.037108017076
2024-01-07,store_1,item_16,42.477482322963155,43.08,1,0.0,1,6,1,1,0.49999999999999994,0.8660254037844387,-0.7818314824680299,0.6234898018587334,39.908016,35.0,22.0,26.0,42.67971,4.775227,38.26843,7.0825133,34.241356,6.9829087,4.4112816,8.4383545,4.908016,-8.091984,43.08,43.08,43.08,43.08,42.772144,1.6290274,0.0,0.0,0.0,1.0,1.0071976,0.1889823,-0.0071976185,0.0,0.038086176,1855.8866,3.7860062,0.0,6.0,-0.00719761848449707,34.241356,34.241356,34.241356,36.63960664036029,42.477482322963155,51.784978613429715,full_promo,1578.4343211558448,1829.930016251846,2230.89697348768,30.156,1548.2783210185157,1799.7740161145168,2200.740973350351,652.4626523318352,1548.2783210185157,10.0,56.0040023803711,1379.121854775008
2024-01-07,store_1,item_17,21.301387355897585,62.32,1,0.0,1,6,1,1,0.49999999999999994,0.8660254037844387,-0.7818314824680299,0.6234898018587334,18.914421,13.0,15.0,13.0,19.611334,3.2950623,18.16281,4.0186896,18.474262,4.6228957,1.4485245,1.1370716,5.914421,7.914421,62.32,62.32,62.32,62.32,60.985,3.9245307,0.0,0.0,0.0,1.0,1.0218906,0.34016773,-0.02189064,0.0,0.06435239,3883.7825,4.1482015,0.0,6.0,-0.021890640258789062,18.474262,18.474262,18.474262,17.38730496554561,21.301387355897585,26.138087395321108,full_promo,1083.576840146618,1327.50245351887,1628.9255984997003,43.624,1039.9528395973016,1283.8784529695536,1585.301597950384,545.3487583530823,1039.9528395973016,10.0,81.01599960327148,1099.5851615666734
2024-01-07,store_1,item_18,52.20181563137677,71.7,1,0.0,1,6,1,1,0.49999999999999994,0.8660254037844387,-0.7818314824680299,0.6234898018587334,48.280922,30.0,50.0,32.0,52.31424,11.452691,48.514263,10.857719,43.971416,9.72939,3.7999763,8.342823,18.280922,38.280922,71.7,71.7,71.7,71.7,71.18785,2.7100046,0.0,0.0,0.0,1.0,1.0071943,0.18898338,-0.0071942806,0.0,0.038068358,5140.8896,4.286341,0.0,6.0,-0.0071942806243896484,43.971416,43.971416,43.971416,44.66114293554735,52.20181563137677,57.60051832046736,full_promo,3202.203812183753,3742.8700214624155,4129.956987794678,50.19,3152.013813557044,3692.6800228357065,4079.766989167969,927.7531756109247,3152.013813557044,10.0,93.20999603271484,2946.5911799029486
2024-01-07,store_1,item_19,15.95764053059892,40.82,1,0.0,1,6,1,1,0.49999999999999994,0.8660254037844387,-0.7818314824680299,0.6234898018587334,15.054816,15.0,10.0,14.0,16.275965,1.2801173,15.709411,3.2720625,14.497562,3.037789,0.56655407,1.7784023,0.054816246,-4.9451838,40.82,40.82,40.82,40.82,40.82,0.0,0.0,0.0,0.0,1.0,1.0,0.0,0.0,0.0,0.0,1666.2723,3.7333746,0.0,6.0,0.0,14.497562,14.497562,14.497562,13.133132464916255,15.95764053059892,20.867829338910248,full_promo,536.0944632099676,651.3908815891625,851.8247872459602,28.574,507.52046380506033,622.8168821842553,823.250787841053,315.7303240359927,507.52046380506033,10.0,36.737999725341794,582.5361603183487
2024-01-07,store_1,item_2,51.48963450887338,38.55,1,0.0,1,6,1,1,0.49999999999999994,0.8660254037844387,-0.7818314824680299,0.6234898018587334,47.891212,35.0,36.0,35.0,53.70509,10.040678,47.13826,10.642192,43.104843,10.067874,6.5668297,10.600246,12.891212,13.891212,38.55,38.55,38.55,38.55,38.274643,1.4570528,0.0,0.0,0.0,1.0,1.0071943,0.18898156,-0.0071942806,0.0,0.038068358,1486.1024,3.6775656,0.0,6.0,-0.0071942806243896484,43.104843,43.104843,43.104843,48.92074304978014,51.48963450887338,58.82750053188651,full_promo,1885.8946072454596,1984.9253710335952,2267.8001006224035,26.984999,1858.9096085424567,1957.9403723305923,2240.8151019194006,381.9054933769439,1858.9096085424567,10.0,50.114999008178714,1448.807759964844
2024-01-07,store_1,item_20,71.25511980782977,12.2,1,0.0,1,6,1,1,0.49999999999999994,0.8660254037844387,-0.7818314824680299,0.6234898018587334,66.516106,62.0,43.0,37.0,75.11196,9.490885,61.841694,15.712747,54.63513,15.624258,13.2702675,20.47683,4.5161057,-14.483894,12.2,12.2,15.24,12.2,14.3714285,1.3985329,0.0,0.0,-0.19947505,0.99999994,0.8489065,-1.5526465,0.15109348,0.0,0.09731341,148.84,2.580217,1.0,7.0,0.1510934829711914,54.63513,54.63513,54.63513,64.80264299676668,71.25511980782977,72.48583547671711,full_promo,790.5922322004302,869.3124480646877,884.3271789903729,8.54,782.0522322385772,860.7724481028347,875.7871790285199,93.73494678994268,782.0522322385772,10.0,14.944999766349794,878.4378267211671
2024-01-07,store_1,item_21,53.93645309863812,27.45,1,0.0,1,6,1,1,0.49999999999999994,0.8660254037844387,-0.7818314824680299,0.6234898018587334,48.834743,31.0,37.0,38.0,52.064243,10.358723,49.60355,11.229926,45.01606,11.085753,2.4606934,7.0481834,17.834743,23.834743,27.45,27.45,27.45,27.45,26.665714,1.9563528,0.0,0.0,0.0,0.99999994,1.0294117,0.40089196,-0.029411674,0.0,0.073365845,753.50256,3.348148,0.0,6.0,-0.029411673545837402,45.01606,45.01606,45.01606,47.85232221691181,53.93645309863812,58.59938390920508,full_promo,1313.5462813626536,1480.5556787078644,1608.5531330154613,19.215,1294.3312812100658,1461.3406785552766,1589.3381328628734,295.00685165280765,1294.3312812100658,10.0,35.68500099182129,1051.093244159128
2024-01-07,store_1,item_22,30.710814759005284,47.59,1,0.0,1,6,1,1,0.49999999999999994,0.8660254037844387,-0.7818314824680299,0.6234898018587334,26.524397,17.0,16.0,16.0,25.537521,4.2918067,22.911617,5.4241724,22.027237,5.3406034,2.625904,3.5102844,9.524397,8.524397,47.59,47.59,47.59,47.59,46.91,2.4967654,0.0,0.0,0.0,1.0,1.0144958,0.2723524,-0.01449585,0.0,0.053224586,2264.808,3.8834178,0.0,6.0,-0.014495849609375,22.027237,22.027237,22.027237,23.662517078677617,30.710814759005284,30.058309916413315,full_promo,1126.0991913848814,1461.5276790671599,1430.4749735086436,33.313,1092.7861916595396,1428.214679341818,1397.1619737833018,304.3757821237623,1092.7861916595396,10.0,61.86700019836426,1019.9554160799293
2024-01-07,store_1,item_23,14.44343834883595,46.82,1,0.0,1,6,1,1,0.49999999999999994,0.8660254037844387,-0.7818314824680299,0.6234898018587334,13.451242,10.0,9.0,12.0,13.750671,1.9265678,12.518193,3.0755186,12.36624,3.5796144,1.2324781,1.3844318,3.4512424,2.4512424,46.82,46.82,46.82,46.82,46.485714,1.7688738,0.0,0.0,0.0,1.0,1.0071912,0.18898214,-0.007191181,0.0,0.03805199,2192.1123,3.867444,0.0,6.0,-0.007191181182861328,12.36624,12.36624,12.36624,9.26990461820958,14.44343834883595,19.269903701194238,full_promo,434.0169313956221,676.2417790847117,902.2168854092063,32.774,401.2429331351241,643.4677808242136,869.4428871487082,468.19995401358415,401.2429331351241,10.0,60.86599960327148,587.5828099070152
2024-01-07,store_1,item_24,50.14575534066365,19.06,1,0.0,1,6,1,1,0.49999999999999994,0.8660254037844387,-0.7818314824680299,0.6234898018587334,47.831196,31.0,30.0,33.0,51.686665,10.608327,47.200478,12.217298,42.743095,10.672878,4.486187,8.943569,16.831196,15.831196,19.06,19.06,19.06,19.06,18.923927,0.7200222,0.0,0.0,0.0,0.9999999,1.0071903,0.18898302,-0.0071903467,0.0,0.03804824,363.28357,2.9987278,0.0,6.0,-0.007190346717834473,42.743095,42.743095,42.743095,45.64852174462766,50.14575534066365,58.208539138720845,full_promo,870.0608000736624,955.7780700123266,1109.4547248973056,13.341999,856.7188010197074,942.4360709583715,1096.1127258433505,239.39392482364315,856.7188010197074,10.0,24.7779993057251,778.8285518425331
2024-01-07,store_1,item_25,50.021445288618565,89.21,1,0.0,1,6,1,1,0.49999999999999994,0.8660254037844387,-0.7818314824680299,0.6234898018587334,43.738358,33.0,48.0,27.0,49.836056,9.210002,44.560883,9.899329,41.387585,9.210038,5.275173,8.448471,10.738358,25.738358,89.21,89.21,89.21,89.21,87.29857,5.6190705,0.0,0.0,0.0,1.0,1.0218953,0.34016836,-0.02189529,0.0,0.064366125,7958.424,4.50214,0.0,6.0,-0.021895289421081543,41.387585,41.387585,41.387585,42.70263604646295,50.021445288618565,53.81308935885264,full_promo,3809.5021226095287,4462.413088401661,4800.66565243589,62.447,3747.0551240133373,4399.96608980547,4738.218653839698,991.1635298263609,3747.0551240133373,10.0,115.97299880981446,3490.8260104615533
2024-01-07,store_1,item_26,47.16811372173668,47.67,1,0.0,1,6,1,1,0.49999999999999994,0.8660254037844387,-0.7818314824680299,0.6234898018587334,45.6265,31.0,28.0,26.0,49.522217,9.511661,43.903965,10.039021,40.380554,9.252594,5.618252,9.141663,14.626499,11.626499,47.67,47.67,47.67,47.67,47.67,0.0,0.0,0.0,0.0,1.0,1.0,0.0,0.0,0.0,0.0,2272.4287,3.8850627,0.0,6.0,0.0,40.380554,40.380554,40.380554,43.42504117555228,47.16811372173668,50.28051856404771,full_promo,2070.071633324952,2248.503894747792,2396.872227881775,33.369,2036.7026338437508,2215.134895266591,2363.503228400574,326.80059455682294,2036.7026338437508,10.0,61.97099761962891,1832.9460600947814
2024-01-07,store_1,item_27,53.80479469928704,67.62,1,0.0,1,6,1,1,0.49999999999999994,0.8660254037844387,-0.7818314824680299,0.6234898018587334,48.073273,34.0,38.0,46.0,52.253696,9.760103,47.769703,9.4806385,43.813423,8.974134,4.4839935,8.440273,14.073273,18.073273,67.62,67.62,54.1,67.62,66.17143,4.258401,0.0,0.0,0.24990766,1.0,1.0218911,0.34016758,-0.021891117,0.0,0.06435407,4572.465,4.2285843,0.0,6.0,-0.021891117095947266,43.813423,43.813423,43.813423,46.9836219440188,53.80479469928704,57.49919434002062,full_promo,3177.032644898923,3638.280365345072,3888.0956791984486,47.334,3129.698645265134,3590.946365711283,3840.7616795646595,711.0630342995255,3129.698645265134,10.0,87.90600357055665,2581.62874005036
2024-01-01,store_1,item_1,48.834910656808624,21.3,0,0.0,1,0,1,0,0.49999999999999994,0.8660254037844387,0.0,1.0,42.0,47.0,68.0,40.0,47.857143,8.112307,49.214287,8.911346,46.82143,10.607661,-1.3571434,1.0357132,-5.0,16.0,21.3,21.3,21.3,21.3,20.995714,1.1172496,0.0,0.0,0.0,0.9999999,1.0144926,0.27235165,-0.014492631,0.0,0.053213216,453.68997,3.1045866,0.0,0.0,-0.0,46.82143,46.82143,46.82143,45.4832342996046,48.834910656808624,52.64361078270037,weekend_promo,968.792855880624,1040.1835597319437,1121.3088695076303,14.909999,953.8828569868862,1025.2735608382059,1106.3988706138925,152.51601362700637,953.8828569868862,10.0,27.689999008178713,960.5376904331911
2024-01-01,store_1,item_10,24.80488187887669,20.59,0,0.0,1,0,1,0,0.49999999999999994,0.8660254037844387,0.0,1.0,21.0,36.0,24.0,27.0,25.0,8.1034975,24.642857,6.1595097,23.071428,5.496993,0.3571434,1.9285717,-15.0,-27.0,20.59,16.47,20.59,20.001429,20.442858,0.77860695,0.0,0.2501518,0.0,1.0294263,1.0071976,0.18898138,-0.0071976185,-0.2501518,0.038086988,423.94812,3.0722303,1.0,1.0,-0.0,23.071428,23.071428,23.071428,20.67621770586812,24.80488187887669,28.585857385222603,weekend_promo,425.723325718765,510.73252167099565,588.582807923589,14.413,411.3103256119535,496.31952156418413,574.1698078167775,162.85948220482402,411.3103256119535,10.0,26.767000198364258,480.8890615945379
2024-01-01,store_1,item_11,29.117642011091036,52.2,0,0.0,1,0,1,0,0.49999999999999994,0.8660254037844387,0.0,1.0,30.0,22.0,27.0,20.0,28.285715,7.825477,27.142857,7.047718,26.535715,7.3256636,1.1428585,1.75,8.0,13.0,52.2,65.25,65.25,61.521427,63.385715,4.6503453,0.0,-0.19999999,-0.19999999,0.8484849,0.8235294,-2.405351,0.17647058,0.19999999,0.07336582,2724.84,3.9740584,0.0,2.0,0.0,26.535715,26.535715,26.535715,25.8312599703005,29.117642011091036,38.59681549900262,weekend_promo,1348.3917901573734,1519.9409351939498,2014.7537984949702,36.54,1311.851789241846,1483.4009342784225,1978.2137975794428,666.3620083375968,1311.851789241846,10.0,63.945000934600834,1990.7141957281833
2024-01-01,store_1,item_12,22.50645799035222,60.88,0,0.0,1,0,1,0,0.49999999999999994,0.8660254037844387,0.0,1.0,15.0,20.0,16.0,24.0,22.0,5.7445626,23.0,5.24771,21.821428,6.01882,-1.0,0.1785717,-5.0,-9.0,60.88,60.88,60.88,60.88,59.14,4.3403225,0.0,0.0,0.0,1.0,1.0294217,0.40089217,-0.029421687,0.0,0.07339064,3706.3745,4.125197,0.0,0.0,-0.0,21.821428,21.821428,21.821428,17.549444433366727,22.50645799035222,26.360914505081432,weekend_promo,1068.4101958481954,1370.193186492134,1604.852503225852,42.616,1025.794194719045,1327.5771853629835,1562.2365020967015,536.4423073776566,1025.794194719045,10.0,79.14400138854981,1376.6699239758996
2024-01-01,store_1,item_13,42.99815228874245,68.19,0,0.0,1,0,1,0,0.49999999999999994,0.8660254037844387,0.0,1.0,40.0,40.0,44.0,38.0,42.285713,2.6276913,43.142857,3.3248978,42.0,4.9366355,-0.8571434,0.2857132,0.0,4.0,68.19,68.19,68.19,68.19,67.21571,3.577299,0.0,0.0,0.0,1.0,1.014495,0.27235314,-0.014495015,0.0,0.053221174,4649.8765,4.2368565,0.0,0.0,-0.0,42.0,42.0,42.0,39.84523339087309,42.99815228874245,47.46867822849906,weekend_promo,2717.046562202038,2932.0441095453057,3236.8892842916785,47.733,2669.3135604930535,2884.3111078363213,3189.156282582694,519.8427220896406,2669.3135604930535,10.0,66.4852523803711,2704.1890872456106
2024-01-01,store_1,item_14,25.431546331869416,70.38,0,0.0,1,0,1,0,0.49999999999999994,0.8660254037844387,0.0,1.0,22.0,24.0,20.0,22.0,25.857143,4.0999417,26.5,6.768138,24.642857,5.845,-0.6428566,1.2142868,-2.0,-6.0,70.38,70.38,70.38,68.369995,68.8725,4.431632,0.0,0.0,0.0,1.0293989,1.0218883,0.340168,-0.021888256,0.0,0.06434545,4953.344,4.268018,0.0,1.0,-0.0,24.642857,24.642857,24.642857,21.64763171993757,25.431546331869416,28.93689543419698,weekend_promo,1523.56026099221,1789.8721609871413,2036.5786211812265,49.266,1474.294262151878,1740.6061621468093,1987.3126223408944,513.0183601890164,1474.294262151878,10.0,91.49399642944336,1785.1598720204315
2024-01-01,store_1,item_15,22.792047404147336,56.62,0,0.0,1,0,1,0,0.49999999999999994,0.8660254037844387,0.0,1.0,18.0,24.0,22.0,21.0,23.714285,4.5355735,22.285715,4.905704,21.142857,4.6723323,1.4285698,2.5714283,-6.0,-8.0,56.62,56.62,56.62,56.62,56.62,0.0,0.0,0.0,0.0,1.0,1.0,0.0,0.0,0.0,0.0,3205.8242,4.0538697,0.0,0.0,0.0,21.142857,21.142857,21.142857,18.997174066229086,22.792047404147336,26.933934039420397,weekend_promo,1075.6199753387198,1290.4856996782892,1524.9993165434375,39.634,1035.9859764678702,1250.8517008074396,1485.365317672588,449.3793412047178,1035.9859764678702,10.0,73.6059986114502,1246.037108017076
2024-01-01,store_1,item_16,32.692481707787984,43.08,0,0.0,1,0,1,0,0.49999999999999994,0.8660254037844387,0.0,1.0,35.0,30.0,34.0,31.0,35.714287,3.6384194,32.57143,5.774137,30.892857,4.9765325,3.1428566,4.82143,5.0,9.0,43.08,43.08,43.08,41.84857,42.772144,1.6290274,0.0,0.0,0.0,1.0294259,1.0071976,0.1889823,-0.0071976185,0.0,0.038086176,1855.8866,3.7860062,0.0,1.0,-0.0,30.892857,30.892857,30.892857,28.719441431907093,32.692481707787984,36.99413335795774,weekend_promo,1237.2335894734254,1408.3921718332283,1593.7073327991009,30.156,1207.0775893360963,1378.2361716958992,1563.5513326617718,356.4737433256755,1207.0775893360963,10.0,56.0040023803711,1379.121854775008
2024-01-01,store_1,item_17,18.457100700298522,62.32,0,0.0,1,0,1,0,0.49999999999999994,0.8660254037844387,0.0,1.0,13.0,18.0,17.0,17.0,16.428572,4.5773773,18.571428,5.6393437,17.392857,4.954155,-2.1428566,-0.9642849,-5.0,-6.0,62.32,62.32,62.32,62.32,60.985,3.9245307,0.0,0.0,0.0,1.0,1.0218906,0.34016773,-0.02189064,0.0,0.06435239,3883.7825,4.1482015,0.0,0.0,-0.0,17.392857,17.392857,17.392857,14.257666192576478,18.457100700298522,22.16921335754951,weekend_promo,888.5377527702717,1150.2465100099437,1381.5853696769784,43.624,844.9137522209553,1106.6225094606273,1337.961369127662,493.0476169067067,844.9137522209553,10.0,81.01599960327148,1099.5851615666734
2024-01-01,store_1,item_18,42.09789006118171,71.7,0,0.0,1,0,1,0,0.49999999999999994,0.8660254037844387,0.0,1.0,30.0,42.0,37.0,35.0,41.857143,10.605479,42.0,8.575457,39.642857,7.4147716,-0.1428566,2.2142868,-12.0,-17.0,71.7,71.7,71.7,71.7,71.18785,2.7100046,0.0,0.0,0.0,1.0,1.0071943,0.18898338,-0.0071942806,0.0,0.038068358,5140.8896,4.286341,0.0,0.0,-0.0,39.642857,39.642857,39.642857,38.170064847973855,42.09789006118171,45.304339758867656,weekend_promo,2736.793533113932,3018.4185889141636,3248.321022452938,50.19,2686.603534487223,2968.2285902874546,3198.131023826229,511.527489339006,2686.603534487223,10.0,93.20999603271484,2946.5911799029486
2024-01-01,store_1,item_19,14.497702925499025,40.82,0,0.0,1,0,1,0,0.49999999999999994,0.8660254037844387,0.0,1.0,15.0,13.0,13.0,10.0,15.857142,3.9761193,14.571428,3.4799268,13.714286,3.2869792,1.2857141,2.1428566,2.0,2.0,40.82,40.82,40.82,40.82,40.82,0.0,0.0,0.0,0.0,1.0,1.0,0.0,0.0,0.0,0.0,1666.2723,3.7333746,0.0,0.0,0.0,13.714286,13.714286,13.714286,10.575228225057234,14.497702925499025,18.887337814502104,weekend_promo,431.68081291953274,591.7962289945224,770.9811238240178,28.574,403.1068135146255,563.2222295896152,742.4071244191106,339.30031090448506,403.1068135146255,10.0,36.737999725341794,582.5361603183487
2024-01-01,store_1,item_2,41.647435715549236,38.55,0,0.0,1,0,1,0,0.49999999999999994,0.8660254037844387,0.0,1.0,35.0,42.0,40.0,33.0,40.42857,6.7541876,39.92857,5.6359324,39.464287,7.4658837,0.5,0.964283,-7.0,-9.0,38.55,38.55,38.55,38.55,37.999287,2.022065,0.0,0.0,0.0,1.0,1.0144928,0.27235144,-0.01449275,0.0,0.053213235,1486.1024,3.6775656,0.0,0.0,-0.0,39.464287,39.464287,39.464287,37.807646047232886,41.647435715549236,44.952873577391856,weekend_promo,1457.4847262758828,1605.5086150599511,1732.9332421121353,26.984999,1430.49972757288,1578.5236163569482,1705.9482434091324,275.44851583625245,1430.49972757288,10.0,50.114999008178714,1448.807759964844
2024-01-01,store_1,item_20,57.178440154481855,12.2,0,0.0,1,0,1,0,0.49999999999999994,0.8660254037844387,0.0,1.0,62.0,45.0,47.0,45.0,51.285713,7.0878835,51.214287,11.715726,48.07143,9.626078,0.07142639,3.214283,17.0,19.0,12.2,15.24,15.24,14.805714,14.914286,0.95751,0.0,-0.19947505,-0.19947505,0.82400614,0.8180076,-2.8347306,0.18199241,0.19947505,0.064200856,148.84,2.580217,0.0,1.0,0.0,48.07143,48.07143,48.07143,53.0154020215526,57.178440154481855,63.98362917451348,weekend_promo,646.7878945510563,697.5769589787567,780.6002637251557,8.54,638.2478945892033,689.0369590169037,772.0602637633027,133.81236917409944,638.2478945892033,10.0,14.944999766349794,878.4378267211671
2024-01-01,store_1,item_21,41.713076549601126,27.45,0,0.0,1,0,1,0,0.49999999999999994,0.8660254037844387,0.0,1.0,31.0,38.0,42.0,39.0,46.285713,13.31308,43.07143,10.21661,41.214287,9.769026,3.214283,5.0714264,-7.0,-3.0,27.45,27.45,27.45,25.88143,26.665714,1.9563528,0.0,0.0,0.0,1.060606,1.0294117,0.40089196,-0.029411674,0.0,0.073365845,753.50256,3.348148,0.0,2.0,-0.0,41.214287,41.214287,41.214287,36.99843544601676,41.713076549601126,44.499504047150786,weekend_promo,1015.6070812207261,1145.0239831111028,1221.5114200447163,19.215,996.3920810681382,1125.808982958515,1202.2964198921284,205.9043388239902,996.3920810681382,10.0,35.68500099182129,1051.093244159128
2024-01-01,store_1,item_22,21.07124743023709,47.59,0,0.0,1,0,1,0,0.49999999999999994,0.8660254037844387,0.0,1.0,17.0,13.0,18.0,18.0,20.428572,5.287001,19.857143,4.8810015,20.892857,4.9765325,0.5714283,-0.4642849,4.0,9.0,47.59,47.59,47.59,47.59,46.23,3.3924363,0.0,0.0,0.0,1.0,1.0294181,0.4008919,-0.02941811,0.0,0.07338171,2264.808,3.8834178,0.0,0.0,-0.0,20.892857,20.892857,20.892857,16.783164031484535,21.07124743023709,24.431905735315315,weekend_promo,798.7107788192566,1002.7806684202003,1162.7143976716688,33.313,765.3977790939148,969.4676686948585,1129.401397946327,364.0036188524123,765.3977790939148,10.0,61.86700019836426,1019.9554160799293
2024-01-01,store_1,item_23,12.535393743349019,46.82,0,0.0,1,0,1,0,0.49999999999999994,0.8660254037844387,0.0,1.0,10.0,6.0,16.0,13.0,11.428572,3.5523298,11.285714,4.027379,11.785714,3.499811,0.14285755,-0.35714245,4.0,14.0,46.82,46.82,46.82,46.82,46.485714,1.7688738,0.0,0.0,0.0,1.0,1.0071912,0.18898214,-0.007191181,0.0,0.03805199,2192.1123,3.867444,0.0,0.0,-0.0,11.785714,11.785714,11.785714,8.518409749846226,12.535393743349019,16.26970116956659,weekend_promo,398.83194188818794,586.9071312381025,761.7474037939891,32.774,366.0579436276899,554.1331329776044,728.973405533491,362.9154619058011,366.0579436276899,10.0,60.86599960327148,587.5828099070152
2024-01-01,store_1,item_24,41.968910760594454,19.06,0,0.0,1,0,1,0,0.49999999999999994,0.8660254037844387,0.0,1.0,31.0,44.0,35.0,38.0,42.857143,12.64158,40.642857,10.3819895,39.25,8.461788,2.2142868,3.6071434,-13.0,-22.0,19.06,19.06,19.06,18.515715,18.923927,0.7200222,0.0,0.0,0.0,1.0293957,1.0071903,0.18898302,-0.0071903467,0.0,0.03804824,363.28357,2.9987278,0.0,1.0,-0.0,39.25,39.25,39.25,37.7646626647421,41.968910760594454,45.65566978064758,weekend_promo,719.7944502214787,799.9274166831138,870.1970416363846,13.341999,706.4524511675236,786.5854176291588,856.8550425824295,150.40259141490594,706.4524511675236,10.0,24.7779993057251,778.8285518425331
2024-01-01,store_1,item_25,38.47680685552073,89.21,0,0.0,1,0,1,0,0.49999999999999994,0.8660254037844387,0.0,1.0,33.0,39.0,31.0,27.0,37.142857,7.1514235,38.92857,7.5392747,37.17857,7.3436975,-1.7857132,-0.035713196,-6.0,-14.0,89.21,89.21,89.21,89.21,87.29857,5.6190705,0.0,0.0,0.0,1.0,1.0218953,0.34016836,-0.02189529,0.0,0.064366125,7958.424,4.50214,0.0,0.0,-0.0,37.17857,37.17857,37.17857,34.027440409865775,38.47680685552073,41.68684996559153,weekend_promo,3035.5879278110738,3432.5159043544354,3718.883847264969,62.447,2973.1409292148824,3370.068905758244,3656.4368486687777,683.2959194538953,2973.1409292148824,10.0,115.97299880981446,3490.8260104615533
2024-01-01,store_1,item_26,40.704527219891844,47.67,0,0.0,1,0,1,0,0.49999999999999994,0.8660254037844387,0.0,1.0,31.0,40.0,36.0,53.0,38.714287,6.725927,38.42857,6.767732,37.67857,7.0398526,0.285717,1.035717,-9.0,-13.0,47.67,47.67,38.14,47.67,47.32964,1.8010005,0.0,0.0,0.24986887,1.0,1.0071912,0.18898304,-0.007191181,0.0,0.038052276,2272.4287,3.8850627,0.0,0.0,-0.0,37.67857,37.67857,37.67857,36.30452919846745,40.704527219891844,43.890899395017414,weekend_promo,1730.636840415365,1940.3847380400289,2092.279093793843,33.369,1697.2678409341638,1907.0157385588277,2058.910094312642,361.642253378478,1697.2678409341638,10.0,61.97099761962891,1832.9460600947814
2024-01-01,store_1,item_27,41.412285275756105,67.62,0,0.0,1,0,1,0,0.49999999999999994,0.8660254037844387,0.0,1.0,34.0,38.0,39.0,41.0,42.714287,7.867958,40.92857,7.5392747,40.07143,6.6939917,1.785717,2.6428566,-4.0,-3.0,67.62,67.62,67.62,65.688576,66.17143,4.258401,0.0,0.0,0.0,1.0294027,1.0218911,0.34016758,-0.021891117,0.0,0.06435407,4572.465,4.2285843,0.0,1.0,-0.0,40.07143,40.07143,40.07143,37.617557549730925,41.412285275756105,45.601335360644036,weekend_promo,2543.699344832513,2800.2988440888666,3083.562422334558,47.334,2496.365345198724,2752.9648444550776,3036.228422700769,539.8630775020451,2496.365345198724,10.0,87.90600357055665,2581.62874005036
2024-01-02,store_1,item_1,54.98525665542328,21.3,0,0.0,1,1,1,0,0.49999999999999994,0.8660254037844387,0.7818314824680298,0.6234898018587336,48.83491,51.0,49.0,48.0,48.119274,8.109639,47.845352,7.0893326,47.136963,10.528342,0.27392197,0.98231125,-2.1650887,-4.1650887,21.3,21.3,21.3,21.3,20.995714,1.1172496,0.0,0.0,0.0,0.9999999,1.0144926,0.27235165,-0.014492631,0.0,0.053213216,453.68997,3.1045866,0.0,0.0,-0.0,47.136963,47.136963,47.136963,51.15451137428151,54.98525665542328,60.636481037212505,weekend_promo,1089.5910532444013,1171.185924810094,1291.5569998306626,14.909999,1074.6810543506635,1156.2759259163563,1276.6470009369248,201.96594658626123,1074.6810543506635,10.0,27.689999008178713,960.5376904331911
2024-01-02,store_1,item_10,27.872042612283995,20.59,0,0.0,1,1,1,0,0.49999999999999994,0.8660254037844387,0.7818314824680298,0.6234898018587336,24.804882,29.0,28.0,22.0,23.400698,6.520911,24.700348,6.1568036,22.99303,5.454377,-1.2996502,0.40766716,-4.195118,-5.195118,20.59,20.59,20.59,20.59,20.442858,0.77860695,0.0,0.0,0.0,0.9999999,1.0071976,0.18898138,-0.0071976185,0.0,0.038086988,423.94812,3.0722303,0.0,0.0,-0.0,22.99303,22.99303,22.99303,23.793515791056166,27.872042612283995,31.296321205813413,weekend_promo,489.90849376844886,573.8853616398636,644.3912584031378,14.413,475.49549366163734,559.4723615330521,629.9782582963263,154.48276463468898,475.49549366163734,10.0,26.767000198364258,480.8890615945379
2024-01-02,store_1,item_11,32.360777513926784,52.2,0,0.0,1,1,1,0,0.49999999999999994,0.8660254037844387,0.7818314824680298,0.6234898018587336,29.117641,26.0,27.0,35.0,29.30252,7.31862,27.294117,7.0671144,26.861345,7.2263565,2.0084038,2.4411755,3.1176414,4.1176414,52.2,65.25,52.2,59.657143,62.919643,5.089774,0.0,-0.19999999,0.0,0.875,0.82962966,-2.1061132,0.17037034,0.19999999,0.08089325,2724.84,3.9740584,0.0,2.0,0.0,26.861345,26.861345,26.861345,29.80384023470328,32.360777513926784,43.0768540886941,weekend_promo,1555.7604829900367,1689.232610916292,2248.6118162948633,36.54,1519.2204820745094,1652.6926100007647,2212.071815379336,692.8513333048265,1519.2204820745094,10.0,63.945000934600834,1990.7141957281833
2024-01-02,store_1,item_12,25.08347894620082,60.88,0,0.0,1,1,1,0,0.49999999999999994,0.8660254037844387,0.7818314824680298,0.6234898018587336,22.506458,26.0,25.0,37.0,22.358065,5.6768394,23.464746,4.853387,21.768087,6.0054007,-1.1066818,0.58997726,-3.4935417,-4.4935417,60.88,60.88,48.7,60.88,59.14,4.3403225,0.0,0.0,0.25010267,1.0,1.0294217,0.40089217,-0.029421687,0.0,0.07339064,3706.3745,4.125197,0.0,0.0,-0.0,21.768087,21.768087,21.768087,21.277448835226423,25.08347894620082,28.84231647439662,weekend_promo,1295.371107815352,1527.0822250367519,1755.9202577681838,42.616,1252.7551066862015,1484.4662239076015,1713.3042566390334,460.54914995283184,1252.7551066862015,10.0,79.14400138854981,1376.6699239758996
2024-01-02,store_1,item_13,49.24154641330064,68.19,0,0.0,1,1,1,0,0.49999999999999994,0.8660254037844387,0.7818314824680298,0.6234898018587336,42.998154,43.0,43.0,48.0,42.714024,2.4299355,43.071297,3.3157995,42.178505,4.8766418,-0.3572731,0.53551865,-0.0018463135,-0.0018463135,68.19,68.19,68.19,68.19,67.21571,3.577299,0.0,0.0,0.0,1.0,1.014495,0.27235314,-0.014495015,0.0,0.053221174,4649.8765,4.2368565,0.0,0.0,-0.0,42.178505,42.178505,42.178505,44.98160498752315,49.24154641330064,54.29745499578282,weekend_promo,3067.295753917575,3357.78117014159,3702.5435887245767,47.733,3019.5627522085906,3310.0481684326055,3654.8105870155923,635.2478348070017,3019.5627522085906,10.0,66.4852523803711,2704.1890872456106
2024-01-02,store_1,item_14,28.178228965522056,70.38,0,0.0,1,1,1,0,0.49999999999999994,0.8660254037844387,0.7818314824680298,0.6234898018587336,25.431547,24.0,28.0,29.0,26.06165,4.0269203,26.887968,6.51793,24.765413,5.823469,-0.82631874,1.296236,1.4315472,5.431547,70.38,70.38,70.38,68.369995,68.8725,4.431632,0.0,0.0,0.0,1.0293989,1.0218883,0.340168,-0.021888256,0.0,0.06434545,4953.344,4.268018,0.0,1.0,-0.0,24.765413,24.765413,24.765413,24.45385275438696,28.178228965522056,32.146845999390436,weekend_promo,1721.0620896892417,1983.183677199625,2262.4949331431494,49.266,1671.7960908489097,1933.917678359293,2213.2289343028174,541.4328434539077,1671.7960908489097,10.0,91.49399642944336,1785.1598720204315
2024-01-02,store_1,item_15,25.885124481273383,56.62,0,0.0,1,1,1,0,0.49999999999999994,0.8660254037844387,0.7818314824680298,0.6234898018587336,22.792048,25.0,25.0,20.0,23.541721,4.5458593,22.342289,4.906723,21.20686,4.682565,1.1994324,2.3348618,-2.2079525,-2.2079525,56.62,56.62,56.62,56.62,56.62,0.0,0.0,0.0,0.0,1.0,1.0,0.0,0.0,0.0,0.0,3205.8242,4.0538697,0.0,0.0,0.0,21.20686,21.20686,21.20686,22.24411909635364,25.885124481273383,29.880602059959966,weekend_promo,1259.4619994762606,1465.615720481403,1691.839656719007,39.634,1219.828000605411,1425.9817216105534,1652.2056578481574,432.3776572427464,1219.828000605411,10.0,73.6059986114502,1246.037108017076
2024-01-02,store_1,item_16,36.014411739769244,43.08,0,0.0,1,1,1,0,0.49999999999999994,0.8660254037844387,0.7818314824680298,0.6234898018587336,32.692482,35.0,28.0,29.0,36.098927,3.0241024,32.478035,5.7598095,30.953302,4.988147,3.6208916,5.145624,-2.307518,-9.307518,43.08,43.08,43.08,41.84857,42.772144,1.6290274,0.0,0.0,0.0,1.0294259,1.0071976,0.1889823,-0.0071976185,0.0,0.038086176,1855.8866,3.7860062,0.0,1.0,-0.0,30.953302,30.953302,30.953302,32.32570159543946,36.014411739769244,41.3090194809516,weekend_promo,1392.5912839216594,1551.5009236936164,1779.5926348784685,30.156,1362.4352837843303,1521.3449235562873,1749.4366347411394,387.0013509568091,1362.4352837843303,10.0,56.0040023803711,1379.121854775008
2024-01-02,store_1,item_17,20.554082312282347,62.32,0,0.0,1,1,1,0,0.49999999999999994,0.8660254037844387,0.7818314824680298,0.6234898018587336,18.4571,19.0,25.0,22.0,16.493872,4.6066976,18.675507,5.6215286,17.444897,4.957527,-2.181635,-0.951025,-0.5429001,5.4571,62.32,62.32,62.32,62.32,60.985,3.9245307,0.0,0.0,0.0,1.0,1.0218906,0.34016773,-0.02189064,0.0,0.06435239,3883.7825,4.1482015,0.0,0.0,-0.0,17.444897,17.444897,17.444897,16.455821484236445,20.554082312282347,24.057823643872368,weekend_promo,1025.526789875697,1280.9304034288277,1499.283562144261,43.624,981.9027893263806,1237.3064028795113,1455.6595615949445,473.75677226856396,981.9027893263806,10.0,81.01599960327148,1099.5851615666734
2024-01-02,store_1,item_18,47.8464713090591,71.7,0,0.0,1,1,1,0,0.49999999999999994,0.8660254037844387,0.7818314824680298,0.6234898018587336,42.09789,48.0,48.0,39.0,41.871128,10.605763,42.364136,8.45419,39.896355,7.371367,-0.49300766,1.9747734,-5.902111,-5.902111,71.7,71.7,71.7,71.7,71.18785,2.7100046,0.0,0.0,0.0,1.0,1.0071943,0.18898338,-0.0071942806,0.0,0.038068358,5140.8896,4.286341,0.0,0.0,-0.0,39.896355,39.896355,39.896355,43.890368720145915,47.8464713090591,51.909365056947564,weekend_promo,3146.9393032916864,3430.591846843695,3721.90131616833,50.19,3096.7493046649774,3380.401848216986,3671.711317541621,574.9620128766437,3096.7493046649774,10.0,93.20999603271484,2946.5911799029486
2024-01-02,store_1,item_19,17.066728056767857,40.82,0,0.0,1,1,1,0,0.49999999999999994,0.8660254037844387,0.7818314824680298,0.6234898018587336,14.497703,18.0,17.0,19.0,16.0711,3.8345253,14.678408,3.4508014,13.874918,3.2076855,1.3926926,2.1961823,-3.5022974,-4.5022974,40.82,40.82,40.82,40.82,40.82,0.0,0.0,0.0,0.0,1.0,1.0,0.0,0.0,0.0,0.0,1666.2723,3.7333746,0.0,0.0,0.0,13.874918,13.874918,13.874918,12.12184354387889,17.066728056767857,21.247193062364225,weekend_promo,494.81364976184324,696.6638340689119,867.310414321579,28.574,466.239650356936,668.0898346640047,838.7364149166717,372.4967645597357,466.239650356936,10.0,36.737999725341794,582.5361603183487
2024-01-02,store_1,item_2,47.46969653556347,38.55,0,0.0,1,1,1,0,0.49999999999999994,0.8660254037844387,0.7818314824680298,0.6234898018587336,41.647434,46.0,46.0,41.0,40.378204,6.7418194,40.046246,5.654706,39.77312,7.366774,0.33195877,0.60508347,-4.352566,-4.352566,38.55,38.55,38.55,38.55,37.999287,2.022065,0.0,0.0,0.0,1.0,1.0144928,0.27235144,-0.01449275,0.0,0.053213235,1486.1024,3.6775656,0.0,0.0,-0.0,39.77312,39.77312,39.77312,43.503611061365376,47.46969653556347,51.0002321710101,weekend_promo,1677.064173225014,1829.9567652294675,1966.05891128235,26.984999,1650.079174522011,1802.9717665264645,1939.073912579347,288.994738057336,1650.079174522011,10.0,50.114999008178714,1448.807759964844
2024-01-02,store_1,item_20,61.77614846416311,12.2,0,0.0,1,1,1,0,0.49999999999999994,0.8660254037844387,0.7818314824680298,0.6234898018587336,57.17844,49.0,52.0,48.0,53.02549,6.775628,51.94132,11.749854,48.506374,9.756412,1.0841713,4.5191154,8.17844,11.17844,12.2,15.24,15.24,14.3714285,14.805714,1.0832989,0.0,-0.19947505,-0.19947505,0.8489065,0.82400614,-2.4053485,0.17599386,0.19947505,0.07316762,148.84,2.580217,0.0,1.0,0.0,48.506374,48.506374,48.506374,59.859704225329025,61.77614846416311,71.99137550699584,weekend_promo,730.2883801316816,753.6689994799247,878.2947674540841,8.54,721.7483801698286,745.1289995180716,869.754767492231,148.00638732240247,721.7483801698286,10.0,14.944999766349794,878.4378267211671
2024-01-02,store_1,item_21,47.11631919978965,27.45,0,0.0,1,1,1,0,0.49999999999999994,0.8660254037844387,0.7818314824680298,0.6234898018587336,41.713078,47.0,47.0,39.0,46.816154,12.998173,43.050934,10.219213,41.31118,9.7597,3.7652206,5.5049744,-5.2869225,-5.2869225,27.45,27.45,27.45,25.88143,26.665714,1.9563528,0.0,0.0,0.0,1.060606,1.0294117,0.40089196,-0.029411674,0.0,0.073365845,753.50256,3.348148,0.0,2.0,-0.0,41.31118,41.31118,41.31118,43.39025489058223,47.11631919978965,51.704471323642,weekend_promo,1191.0625298506195,1293.3429979811247,1419.2877772813538,19.215,1171.8475296980316,1274.1279978285368,1400.072777128766,228.22524743073427,1171.8475296980316,10.0,35.68500099182129,1051.093244159128
2024-01-02,store_1,item_22,23.81867697299204,47.59,0,0.0,1,1,1,0,0.49999999999999994,0.8660254037844387,0.7818314824680298,0.6234898018587336,21.071247,26.0,16.0,24.0,21.581606,4.156064,20.076517,4.8600855,21.002544,4.9441504,1.5050888,0.5790615,-4.928753,-14.928753,47.59,47.59,38.07,47.59,46.23,3.3924363,0.0,0.0,0.25006568,1.0,1.0294181,0.4008919,-0.02941811,0.0,0.07338171,2264.808,3.8834178,0.0,0.0,-0.0,21.002544,21.002544,21.002544,19.428649780129412,23.81867697299204,27.38344568445642,weekend_promo,924.6094460009353,1133.5308407791329,1303.1781843016631,33.313,891.2964462755936,1100.217841053791,1269.8651845763213,378.5687383007278,891.2964462755936,10.0,61.86700019836426,1019.9554160799293
2024-01-02,store_1,item_23,14.290071297714622,46.82,0,0.0,1,1,1,0,0.49999999999999994,0.8660254037844387,0.7818314824680298,0.6234898018587336,12.535394,16.0,16.0,10.0,12.362199,2.62578,11.038242,3.816331,11.769121,3.4949386,1.3239565,0.59307766,-3.4646063,-3.4646063,46.82,46.82,46.82,46.82,46.485714,1.7688738,0.0,0.0,0.0,1.0,1.0071912,0.18898214,-0.007191181,0.0,0.03805199,2192.1123,3.867444,0.0,0.0,-0.0,11.769121,11.769121,11.769121,10.314298954062378,14.290071297714622,18.374260304103043,weekend_promo,482.91547388152634,669.0611337980149,860.2828618307252,32.774,450.1414756210283,636.2871355375169,827.5088635702272,377.36738794919887,450.1414756210283,10.0,60.86599960327148,587.5828099070152
2024-01-02,store_1,item_24,47.41403087185649,19.06,0,0.0,1,1,1,0,0.49999999999999994,0.8660254037844387,0.7818314824680298,0.6234898018587336,41.96891,68.0,48.0,44.0,42.566986,12.634283,41.140636,10.256937,39.391747,8.473308,1.4263496,3.1752396,-26.03109,-46.03109,19.06,15.25,19.06,18.515715,18.923927,0.7200222,0.0,0.24983601,0.0,1.0293957,1.0071903,0.18898302,-0.0071903467,-0.24983601,0.03804824,363.28357,2.9987278,1.0,1.0,-0.0,39.391747,39.391747,39.391747,43.277850115594575,47.41403087185649,51.29241884034221,weekend_promo,824.8758000903671,903.7114030957604,977.6334757038155,13.341999,811.533801036412,890.3694040418053,964.2914766498604,152.75767561344844,811.533801036412,10.0,24.7779993057251,778.8285518425331
2024-01-02,store_1,item_25,44.345327507070884,89.21,0,0.0,1,1,1,0,0.49999999999999994,0.8660254037844387,0.7818314824680298,0.6234898018587336,38.476807,42.0,48.0,37.0,37.068115,7.131485,39.462627,7.19122,37.58846,7.0697193,-2.3945122,-0.5203438,-3.5231934,2.4768066,89.21,89.21,89.21,89.21,87.29857,5.6190705,0.0,0.0,0.0,1.0,1.0218953,0.34016836,-0.02189529,0.0,0.064366125,7958.424,4.50214,0.0,0.0,-0.0,37.58846,37.58846,37.58846,40.10098351280146,44.345327507070884,47.73671085975282,weekend_promo,3577.4087024634714,3956.0466263064336,4258.591932094285,62.447,3514.96170386728,3893.599627710242,4196.144933498093,681.1832296308135,3514.96170386728,10.0,115.97299880981446,3490.8260104615533
2024-01-02,store_1,item_26,45.075923589581954,47.67,0,0.0,1,1,1,0,0.49999999999999994,0.8660254037844387,0.7818314824680298,0.6234898018587336,40.70453,41.0,45.0,34.0,38.814934,6.7535872,38.76461,6.754655,37.23945,6.4034657,0.050323486,1.5754852,-0.2954712,3.7045288,47.67,47.67,47.67,47.67,47.67,0.0,0.0,0.0,0.0,1.0,1.0,0.0,0.0,0.0,0.0,2272.4287,3.8850627,0.0,0.0,0.0,37.23945,37.23945,37.23945,40.89395303364231,45.075923589581954,50.0834626633926,weekend_promo,1949.4146662346645,2148.7691949788905,2387.478573458366,33.369,1916.0456667534634,2115.4001954976893,2354.109573977165,438.06390722370156,1916.0456667534634,10.0,61.97099761962891,1832.9460600947814
2024-01-02,store_1,item_27,47.259524951559975,67.62,0,0.0,1,1,1,0,0.49999999999999994,0.8660254037844387,0.7818314824680298,0.6234898018587336,41.412285,44.0,48.0,43.0,43.201756,7.6292844,41.100876,7.5193467,40.086155,6.696563,2.1008797,3.1156006,-2.5877151,1.4122849,67.62,67.62,67.62,65.688576,66.17143,4.258401,0.0,0.0,0.0,1.0294027,1.0218911,0.34016758,-0.021891117,0.0,0.06435407,4572.465,4.2285843,0.0,1.0,-0.0,40.086155,40.086155,40.086155,42.396199782654826,47.259524951559975,51.31417893652989,weekend_promo,2866.83114574776,3195.6892070266476,3469.8649206267532,47.334,2819.4971461139708,3148.3552073928586,3422.530920992964,603.0337748789934,2819.4971461139708,10.0,87.90600357055665,2581.62874005036
2024-01-03,store_1,item_1,57.23516029848713,21.3,0,0.0,1,2,1,0,0.49999999999999994,0.8660254037844387,0.9749279121818236,-0.22252093395631434,54.985256,58.0,58.0,55.0,48.688595,8.477143,48.27287,7.340344,47.386433,10.631801,0.4157257,1.3021622,-3.0147438,-3.0147438,21.3,21.3,21.3,21.3,20.995714,1.1172496,0.0,0.0,0.0,0.9999999,1.0144926,0.27235165,-0.014492631,0.0,0.053213216,453.68997,3.1045866,0.0,0.0,-0.0,47.386433,47.386433,47.386433,53.78924547873768,57.23516029848713,62.73915443106426,weekend_promo,1145.7108876591751,1219.108870690814,1336.3439415154926,14.909999,1130.8008887654373,1204.1988717970762,1321.4339426217548,190.63305385631747,1130.8008887654373,10.0,27.689999008178713,960.5376904331911
2024-01-03,store_1,item_10,28.999060424216882,20.59,0,0.0,1,2,1,0,0.49999999999999994,0.8660254037844387,0.9749279121818236,-0.22252093395631434,27.872042,30.0,31.0,21.0,23.239561,6.371717,24.69121,6.1516213,23.202747,5.5271835,-1.4516487,0.036813736,-2.1279583,-1.1279583,20.59,20.59,20.59,20.59,20.442858,0.77860695,0.0,0.0,0.0,0.9999999,1.0071976,0.18898138,-0.0071976185,0.0,0.038086988,423.94812,3.0722303,0.0,0.0,-0.0,23.202747,23.202747,23.202747,24.58109065921114,28.999060424216882,32.60991469225465,weekend_promo,506.12466042393413,597.0906585595311,671.4381484894013,14.413,491.7116603171226,582.6776584527196,657.0251483825898,165.3134880654672,491.7116603171226,10.0,26.767000198364258,480.8890615945379
2024-01-03,store_1,item_11,33.63252372682702,52.2,0,0.0,1,2,1,0,0.49999999999999994,0.8660254037844387,0.9749279121818236,-0.22252093395631434,32.36078,25.0,39.0,28.0,30.211203,7.234634,27.67703,7.194042,26.767086,7.132875,2.534172,3.4441166,7.360779,21.360779,52.2,65.25,65.25,57.79286,62.919643,5.089774,0.0,-0.19999999,-0.19999999,0.9032258,0.82962966,-2.1061132,0.17037034,0.19999999,0.08089325,2724.84,3.9740584,0.0,2.0,0.0,26.767086,26.767086,26.767086,30.5192648649783,33.63252372682702,43.95785962845065,weekend_promo,1593.1056492362186,1755.6177641999495,2294.6003061423094,36.54,1556.5656483206913,1719.0777632844222,2258.060305226782,701.4946569060908,1556.5656483206913,10.0,63.945000934600834,1990.7141957281833
2024-01-03,store_1,item_12,26.4649176573781,60.88,0,0.0,1,2,1,0,0.49999999999999994,0.8660254037844387,0.9749279121818236,-0.22252093395631434,25.083479,30.0,28.0,17.0,22.227135,5.588727,23.470709,4.8554688,21.342497,5.2622333,-1.2435741,0.88463783,-4.916521,-6.916521,60.88,60.88,60.88,60.88,59.575,3.8363395,0.0,0.0,0.0,1.0,1.0219052,0.34016803,-0.021905184,0.0,0.06439512,3706.3745,4.125197,0.0,0.0,-0.0,21.342497,21.342497,21.342497,21.760638761608597,26.4649176573781,30.101500275601925,weekend_promo,1324.787711049601,1611.1842152487604,1832.5793689305162,42.616,1282.1717099204507,1568.56821411961,1789.9633678013658,507.7916578809152,1282.1717099204507,10.0,79.14400138854981,1376.6699239758996
2024-01-03,store_1,item_13,51.738025081874696,68.19,0,0.0,1,2,1,0,0.49999999999999994,0.8660254037844387,0.9749279121818236,-0.22252093395631434,49.241547,44.0,45.0,46.0,43.60567,3.4734478,43.51712,3.702526,42.222847,4.936807,0.08855057,1.382824,5.2415466,6.2415466,68.19,68.19,68.19,68.19,67.21571,3.577299,0.0,0.0,0.0,1.0,1.014495,0.27235314,-0.014495015,0.0,0.053221174,4649.8765,4.2368565,0.0,0.0,-0.0,42.222847,42.222847,42.222847,46.174760193314796,51.738025081874696,56.812804626427784,weekend_promo,3148.657010313484,3528.0160566465734,3874.065286179247,47.733,3100.9240086044997,3480.283054937589,3826.3322844702625,725.4082758657628,3100.9240086044997,10.0,66.4852523803711,2704.1890872456106
2024-01-03,store_1,item_14,30.287205312248265,70.38,0,0.0,1,2,1,0,0.49999999999999994,0.8660254037844387,0.9749279121818236,-0.22252093395631434,28.178228,34.0,29.0,30.0,26.658539,3.9797845,26.900698,6.5204425,24.736063,5.8033733,-0.24215889,1.9224758,-5.8217716,-10.821772,70.38,70.38,70.38,68.369995,68.8725,4.431632,0.0,0.0,0.0,1.0293989,1.0218883,0.340168,-0.021888256,0.0,0.06434545,4953.344,4.268018,0.0,1.0,-0.0,24.736063,24.736063,24.736063,26.165211980452423,30.287205312248265,34.14665014415922,weekend_promo,1841.5075473193403,2131.613426689739,2403.24114335935,49.266,1792.2415484790083,2082.347427849407,2353.975144519018,561.7335960400098,1792.2415484790083,10.0,91.49399642944336,1785.1598720204315
2024-01-03,store_1,item_15,27.031933877564125,56.62,0,0.0,1,2,1,0,0.49999999999999994,0.8660254037844387,0.9749279121818236,-0.22252093395631434,25.885124,29.0,24.0,28.0,23.668167,4.605107,22.405512,4.949121,21.417042,4.757863,1.2626553,2.2511253,-3.1148758,-8.114876,56.62,56.62,56.62,56.62,56.62,0.0,0.0,0.0,0.0,1.0,1.0,0.0,0.0,0.0,0.0,3205.8242,4.0538697,0.0,0.0,0.0,21.417042,21.417042,21.417042,23.402719503107527,27.031933877564125,30.85853551825612,weekend_promo,1325.061953269147,1530.5480672744604,1747.2102480831895,39.634,1285.4279543982973,1490.9140684036108,1707.57624921234,422.14829481404263,1285.4279543982973,10.0,73.6059986114502,1246.037108017076
2024-01-03,store_1,item_16,38.53037700675119,43.08,0,0.0,1,2,1,0,0.49999999999999994,0.8660254037844387,0.9749279121818236,-0.22252093395631434,36.014412,37.0,36.0,34.0,36.243843,2.9867394,33.05049,5.6782007,31.203817,5.062007,3.1933517,5.0400257,-0.9855881,-1.9855881,43.08,43.08,43.08,41.84857,42.772144,1.6290274,0.0,0.0,0.0,1.0294259,1.0071976,0.1889823,-0.0071976185,0.0,0.038086176,1855.8866,3.7860062,0.0,1.0,-0.0,31.203817,31.203817,31.203817,35.16396438859092,38.53037700675119,43.137562578747335,weekend_promo,1514.8636502476386,1659.8887120020686,1858.3662748796714,30.156,1484.7076501103095,1629.7327118647395,1828.2102747423423,343.50262463203285,1484.7076501103095,10.0,56.0040023803711,1379.121854775008
2024-01-03,store_1,item_17,20.984352005596776,62.32,0,0.0,1,2,1,0,0.49999999999999994,0.8660254037844387,0.9749279121818236,-0.22252093395631434,20.554083,25.0,32.0,18.0,16.715883,4.7817287,18.357943,5.356079,17.393257,4.9156756,-1.6420593,-0.6773739,-4.445917,2.5540829,62.32,62.32,62.32,62.32,60.985,3.9245307,0.0,0.0,0.0,1.0,1.0218906,0.34016773,-0.02189064,0.0,0.06435239,3883.7825,4.1482015,0.0,0.0,-0.0,17.393257,17.393257,17.393257,16.644078246508702,20.984352005596776,25.350270620098154,weekend_promo,1037.2589512430527,1307.744810584875,1579.8288573082284,43.624,993.6349506937363,1264.1208100355586,1536.204856758912,542.5699060651757,993.6349506937363,10.0,81.01599960327148,1099.5851615666734
2024-01-03,store_1,item_18,49.972382351913325,71.7,0,0.0,1,2,1,0,0.49999999999999994,0.8660254037844387,0.9749279121818236,-0.22252093395631434,47.84647,59.0,47.0,43.0,41.849194,10.5911255,42.35317,8.446413,40.2123,7.5196195,-0.5039749,1.6368942,-11.15353,-23.15353,71.7,71.7,71.7,71.7,71.18785,2.7100046,0.0,0.0,0.0,1.0,1.0071943,0.18898338,-0.0071942806,0.0,0.038068358,5140.8896,4.286341,0.0,0.0,-0.0,40.2123,40.2123,40.2123,46.16093974816948,49.972382351913325,54.61297093505713,weekend_promo,3309.739239071743,3583.0196621285772,3915.7498493780354,50.19,3259.5492404450342,3532.8296635018683,3865.5598507513264,606.0106103062922,3259.5492404450342,10.0,93.20999603271484,2946.5911799029486
2024-01-03,store_1,item_19,17.55154779067736,40.82,0,0.0,1,2,1,0,0.49999999999999994,0.8660254037844387,0.9749279121818236,-0.22252093395631434,17.066729,16.0,14.0,11.0,15.937776,3.7719955,14.683173,3.454299,13.805873,3.112682,1.2546024,2.1319027,1.0667286,-0.9332714,40.82,40.82,40.82,40.82,40.82,0.0,0.0,0.0,0.0,1.0,1.0,0.0,0.0,0.0,0.0,1666.2723,3.7333746,0.0,0.0,0.0,13.805873,13.805873,13.805873,12.437576756031147,17.55154779067736,21.578597026198192,weekend_promo,507.7018793855442,716.4541754591426,880.838324024145,28.574,479.127879980637,687.8801760542353,852.2643246192378,373.1364446386008,479.127879980637,10.0,36.737999725341794,582.5361603183487
2024-01-03,store_1,item_2,49.30981931962309,38.55,0,0.0,1,2,1,0,0.49999999999999994,0.8660254037844387,0.9749279121818236,-0.22252093395631434,47.469696,46.0,42.0,42.0,40.58816,6.9652576,40.151222,5.7858596,40.004185,7.5068116,0.43693924,0.58397675,1.469696,-2.530304,38.55,38.55,38.55,38.55,37.999287,2.022065,0.0,0.0,0.0,1.0,1.0144928,0.27235144,-0.01449275,0.0,0.053213235,1486.1024,3.6775656,0.0,0.0,-0.0,40.004185,40.004185,40.004185,45.02742024267259,49.30981931962309,53.27497225060175,weekend_promo,1735.807016001833,1900.8934971510635,2053.750139615119,26.984999,1708.8220172988301,1873.9084984480605,2026.7651409121163,317.94312361328616,1708.8220172988301,10.0,50.114999008178714,1448.807759964844
2024-01-03,store_1,item_20,62.779036920924646,12.2,0,0.0,1,2,1,0,0.49999999999999994,0.8660254037844387,0.9749279121818236,-0.22252093395631434,61.77615,56.0,85.0,53.0,54.850655,7.2169437,52.639614,12.040514,48.99838,10.072178,2.2110405,5.852276,5.7761497,34.77615,12.2,15.24,15.24,13.937142,14.697143,1.1856639,0.0,-0.19947505,-0.19947505,0.8753587,0.83009326,-2.1061118,0.16990674,0.19947505,0.08067308,148.84,2.580217,0.0,1.0,0.0,48.99838,48.99838,48.99838,63.34818062329316,62.779036920924646,79.24472955392052,weekend_promo,772.84779152147,765.9042384611297,966.7856854430977,8.54,764.3077915596169,757.3642384992767,958.2456854812447,193.93789392162773,764.3077915596169,10.0,14.944999766349794,878.4378267211671
2024-01-03,store_1,item_21,48.95381231448628,27.45,0,0.0,1,2,1,0,0.49999999999999994,0.8660254037844387,0.9749279121818236,-0.22252093395631434,47.116318,73.0,43.0,43.0,46.83277,12.998521,43.059242,10.222716,41.60105,9.80892,3.773529,5.23172,-25.883682,-55.883682,27.45,21.96,27.45,25.88143,26.665714,1.9563528,0.0,0.25000006,0.0,1.060606,1.0294117,0.40089196,-0.029411674,-0.25000006,0.073365845,753.50256,3.348148,1.0,2.0,-0.0,41.60105,41.60105,41.60105,44.743064093017345,48.95381231448628,53.70182786431041,weekend_promo,1228.197143489575,1343.782185381443,1474.1152158465638,19.215,1208.982143336987,1324.5671852288551,1454.900215693976,245.9180723569889,1208.982143336987,10.0,35.68500099182129,1051.093244159128
2024-01-03,store_1,item_22,25.331981683466715,47.59,0,0.0,1,2,1,0,0.49999999999999994,0.8660254037844387,0.9749279121818236,-0.22252093395631434,23.818678,27.0,22.0,25.0,21.269989,3.8392656,20.634995,4.8045235,20.996069,4.9401965,0.6349945,0.27392006,-3.181322,-8.181322,47.59,47.59,47.59,47.59,46.57,2.9985182,0.0,0.0,0.0,1.0,1.0219026,0.34016806,-0.021902561,0.0,0.06438734,2264.808,3.8834178,0.0,0.0,-0.0,20.996069,20.996069,20.996069,21.09243567528057,25.331981683466715,29.094384406916753,weekend_promo,1003.7890170050525,1205.5490121815346,1384.601758364619,33.313,970.4760172797107,1172.2360124561928,1351.2887586392771,380.8127413595664,970.4760172797107,10.0,61.86700019836426,1019.9554160799293
2024-01-03,store_1,item_23,14.844171905611663,46.82,0,0.0,1,2,1,0,0.49999999999999994,0.8660254037844387,0.9749279121818236,-0.22252093395631434,14.2900715,14.0,13.0,15.0,12.117924,2.2888763,10.916104,3.6698718,11.9223385,3.5085196,1.2018194,0.19558525,0.2900715,-0.7099285,46.82,46.82,46.82,46.82,46.485714,1.7688738,0.0,0.0,0.0,1.0,1.0071912,0.18898214,-0.007191181,0.0,0.03805199,2192.1123,3.867444,0.0,0.0,-0.0,11.9223385,11.9223385,11.9223385,10.712482042696777,14.844171905611663,18.62174371438049,weekend_promo,501.55840596987304,695.0041240906563,871.8700350243894,32.774,468.784407709375,662.2301258301583,839.0960367638913,370.31162905451635,468.784407709375,10.0,60.86599960327148,587.5828099070152
2024-01-03,store_1,item_24,49.016108593694064,19.06,0,0.0,1,2,1,0,0.49999999999999994,0.8660254037844387,0.9749279121818236,-0.22252093395631434,47.414032,45.0,49.0,48.0,39.626133,6.7560596,41.09878,10.227948,39.513676,8.566131,-1.4726486,0.112457275,2.414032,6.414032,19.06,19.06,19.06,19.06,18.923927,0.7200222,0.0,0.0,0.0,0.9999999,1.0071903,0.18898302,-0.0071903467,0.0,0.03804824,363.28357,2.9987278,0.0,0.0,-0.0,39.513676,39.513676,39.513676,44.52073670047842,49.016108593694064,52.58442649460334,weekend_promo,848.5652177344801,934.2470036183827,1002.2591409040261,13.341999,835.2232186805251,920.9050045644276,988.9171418500711,153.693923169546,835.2232186805251,10.0,24.7779993057251,778.8285518425331
2024-01-03,store_1,item_25,45.614654515836385,89.21,0,0.0,1,2,1,0,0.49999999999999994,0.8660254037844387,0.9749279121818236,-0.22252093395631434,44.34533,48.0,40.0,37.0,37.403164,7.449799,39.20158,6.9186335,37.850792,7.182456,-1.7984161,-0.44762802,-3.6546707,-11.654671,89.21,89.21,89.21,89.21,87.29857,5.6190705,0.0,0.0,0.0,1.0,1.0218953,0.34016836,-0.02189529,0.0,0.064366125,7958.424,4.50214,0.0,0.0,-0.0,37.850792,37.850792,37.850792,41.58228076939488,45.614654515836385,50.382469451013215,weekend_promo,3709.555229368002,4069.2832875963004,4494.620053598361,62.447,3647.1082307718107,4006.836289000109,4432.173055002169,785.0648242303587,3647.1082307718107,10.0,115.97299880981446,3490.8260104615533
2024-01-03,store_1,item_26,47.79326031958284,47.67,0,0.0,1,2,1,0,0.49999999999999994,0.8660254037844387,0.9749279121818236,-0.22252093395631434,45.075924,50.0,47.0,44.0,39.397205,7.1381354,38.77003,6.760074,37.635017,6.536658,0.6271744,1.762188,-4.924076,-7.924076,47.67,47.67,47.67,47.67,47.67,0.0,0.0,0.0,0.0,1.0,1.0,0.0,0.0,0.0,0.0,2272.4287,3.8850627,0.0,0.0,0.0,37.635017,37.635017,37.635017,43.40252405221617,47.79326031958284,52.109249852982394,weekend_promo,2068.99824209675,2278.304631922441,2484.0478450767846,33.369,2035.6292426155487,2244.9356324412397,2450.6788455955834,415.0496029800347,2035.6292426155487,10.0,61.97099761962891,1832.9460600947814
2024-01-03,store_1,item_27,49.1425080468412,67.62,0,0.0,1,2,1,0,0.49999999999999994,0.8660254037844387,0.9749279121818236,-0.22252093395631434,47.259525,53.0,48.0,42.0,43.6674,7.7840266,41.047985,7.469525,40.238277,6.812585,2.6194153,3.429123,-5.7404747,-10.740475,67.62,67.62,67.62,65.688576,66.17143,4.258401,0.0,0.0,0.0,1.0294027,1.0218911,0.34016758,-0.021891117,0.0,0.06435407,4572.465,4.2285843,0.0,1.0,-0.0,40.238277,40.238277,40.238277,44.062993042684845,49.1425080468412,52.75191898955116,weekend_promo,2979.539710568974,3323.0165291013313,3567.084906960922,47.334,2932.205710935185,3275.6825294675423,3519.750907327133,587.5451963919481,2932.205710935185,10.0,87.90600357055665,2581.62874005036
2024-01-04,store_1,item_1,53.13725618089801,21.3,0,0.0,1,3,1,0,0.49999999999999994,0.8660254037844387,0.43388373911755823,-0.900968867902419,57.23516,58.0,53.0,39.0,48.579334,8.3409605,48.21824,7.2648377,47.466263,10.69926,0.36109543,1.1130714,-0.7648392,-5.764839,21.3,21.3,21.3,21.3,20.995714,1.1172496,0.0,0.0,0.0,0.9999999,1.0144926,0.27235165,-0.014492631,0.0,0.053213216,453.68997,3.1045866,0.0,0.0,-0.0,47.466263,47.466263,47.466263,49.39068017439346,53.13725618089801,58.86685811611019,weekend_promo,1052.021450032482,1131.8235161126183,1253.8640329612983,14.909999,1037.1114511387443,1116.9135172188805,1238.9540340675605,201.84258292881623,1037.1114511387443,10.0,27.689999008178713,960.5376904331911
2024-01-04,store_1,item_10,27.433370597231434,20.59,0,0.0,1,3,1,0,0.49999999999999994,0.8660254037844387,0.43388373911755823,-0.900968867902419,28.99906,29.0,24.0,20.0,23.09657,6.2037334,24.548285,6.015509,23.488428,5.615136,-1.4517155,-0.39185905,-0.0009403229,-5.0009403,20.59,20.59,20.59,20.59,20.442858,0.77860695,0.0,0.0,0.0,0.9999999,1.0071976,0.18898138,-0.0071976185,0.0,0.038086988,423.94812,3.0722303,0.0,0.0,-0.0,23.488428,23.488428,23.488428,23.64666970307266,27.433370597231434,30.930676082618724,weekend_promo,486.8849327944615,564.8531047829954,636.8626252607662,14.413,472.47193268765,550.4401046761839,622.4496251539547,149.9776924663047,472.47193268765,10.0,26.767000198364258,480.8890615945379
2024-01-04,store_1,item_11,35.041059955935545,52.2,0,0.0,1,3,1,0,0.49999999999999994,0.8660254037844387,0.43388373911755823,-0.900968867902419,33.632523,45.0,26.0,27.0,31.44442,6.9275126,27.293638,6.6679807,26.968248,7.2474375,4.1507816,4.4761715,-11.367477,-30.367477,52.2,52.2,65.25,55.928574,62.45357,5.4530134,0.0,0.0,-0.19999999,0.93333334,0.8358209,-1.880349,0.16417909,0.0,0.08731308,2724.84,3.9740584,1.0,2.0,0.0,26.968248,26.968248,26.968248,27.373828882744824,35.041059955935545,40.24271470060225,weekend_promo,1428.9138885638538,1829.1433564340425,2100.669738074192,36.54,1392.3738876483264,1792.6033555185152,2064.1297371586647,671.7558495103383,1392.3738876483264,10.0,63.945000934600834,1990.7141957281833
2024-01-04,store_1,item_12,24.151994974485476,60.88,0,0.0,1,3,1,0,0.49999999999999994,0.8660254037844387,0.43388373911755823,-0.900968867902419,26.464918,27.0,27.0,20.0,21.722122,4.8846583,23.361061,4.761747,21.68053,5.2769313,-1.6389389,0.041591644,-0.53508186,-0.53508186,60.88,60.88,60.88,60.88,59.575,3.8363395,0.0,0.0,0.0,1.0,1.0219052,0.34016803,-0.021905184,0.0,0.06439512,3706.3745,4.125197,0.0,0.0,-0.0,21.68053,21.68053,21.68053,20.539864341915603,24.151994974485476,28.20012351844017,weekend_promo,1250.466963074764,1470.3734798437895,1716.823549923619,42.616,1207.8509619456136,1427.757478714639,1674.2075487944687,466.35658684885516,1207.8509619456136,10.0,79.14400138854981,1376.6699239758996
2024-01-04,store_1,item_13,47.32080701123018,68.19,0,0.0,1,3,1,0,0.49999999999999994,0.8660254037844387,0.43388373911755823,-0.900968867902419,51.738026,46.0,50.0,42.0,44.7111,4.651431,43.99841,4.2998614,42.427776,5.2108917,0.71269226,2.2833252,5.7380257,9.738026,68.19,68.19,68.19,68.19,67.21571,3.577299,0.0,0.0,0.0,1.0,1.014495,0.27235314,-0.014495015,0.0,0.053221174,4649.8765,4.2368565,0.0,0.0,-0.0,42.427776,42.427776,42.427776,43.85692511136418,47.32080701123018,52.226450877190594,weekend_promo,2990.6038304164945,3226.8059456251,3561.3218128216104,47.733,2942.87082870751,3179.0729439161155,3513.588811112626,570.7179824051159,2942.87082870751,10.0,66.4852523803711,2704.1890872456106
2024-01-04,store_1,item_14,27.470555343864202,70.38,0,0.0,1,3,1,0,0.49999999999999994,0.8660254037844387,0.43388373911755823,-0.900968867902419,30.287205,28.0,39.0,25.0,26.12814,2.9533317,26.992641,6.561269,24.74632,5.813267,-0.86450195,1.3818188,2.2872047,13.287205,70.38,70.38,70.38,68.369995,68.8725,4.431632,0.0,0.0,0.0,1.0293989,1.0218883,0.340168,-0.021888256,0.0,0.06434545,4953.344,4.268018,0.0,1.0,-0.0,24.74632,24.74632,24.74632,23.667893114061588,27.470555343864202,31.720004714447043,weekend_promo,1665.7462523618447,1933.377609651029,2232.453844681188,49.266,1616.4802535215126,1884.111610810697,2183.187845840856,566.7075923193433,1616.4802535215126,10.0,91.49399642944336,1785.1598720204315
2024-01-04,store_1,item_15,25.294964456024385,56.62,0,0.0,1,3,1,0,0.49999999999999994,0.8660254037844387,0.43388373911755823,-0.900968867902419,27.031935,29.0,26.0,21.0,23.387014,4.273469,22.62208,5.0886307,21.382467,4.711547,0.76493454,2.004547,-1.9680653,-4.9680653,56.62,56.62,56.62,56.62,56.62,0.0,0.0,0.0,0.0,1.0,1.0,0.0,0.0,0.0,0.0,3205.8242,4.0538697,0.0,0.0,0.0,21.382467,21.382467,21.382467,22.47955237321164,25.294964456024385,28.846762475734224,weekend_promo,1272.7922313604906,1432.2008604821638,1633.3036605644052,39.634,1233.158232489641,1392.5668616113142,1593.6696616935556,360.51142920391453,1233.158232489641,10.0,73.6059986114502,1246.037108017076
2024-01-04,store_1,item_16,35.17972300031548,43.08,0,0.0,1,3,1,0,0.49999999999999994,0.8660254037844387,0.43388373911755823,-0.900968867902419,38.530376,37.0,31.0,29.0,36.462467,3.1049843,33.231236,5.817862,31.365618,5.2244883,3.2312317,5.0968494,1.5303764,-4.4696236,43.08,43.08,43.08,41.84857,42.772144,1.6290274,0.0,0.0,0.0,1.0294259,1.0071976,0.1889823,-0.0071976185,0.0,0.038086176,1855.8866,3.7860062,0.0,1.0,-0.0,31.365618,31.365618,31.365618,31.58523301702267,35.17972300031548,40.288427543133274,weekend_promo,1360.6918962076256,1515.5425312695875,1735.6255323284956,30.156,1330.5358960702965,1485.3865311322584,1705.4695321911665,374.93363612087,1330.5358960702965,10.0,56.0040023803711,1379.121854775008
2024-01-04,store_1,item_17,19.700949021118465,62.32,0,0.0,1,3,1,0,0.49999999999999994,0.8660254037844387,0.43388373911755823,-0.900968867902419,20.984352,14.0,18.0,17.0,16.14222,3.7523146,17.57111,3.7730153,17.49984,4.9614596,-1.4288902,-1.3576202,6.984352,10.984352,62.32,62.32,62.32,62.32,60.985,3.9245307,0.0,0.0,0.0,1.0,1.0218906,0.34016773,-0.02189064,0.0,0.06435239,3883.7825,4.1482015,0.0,0.0,-0.0,17.49984,17.49984,17.49984,14.866788529232519,19.700949021118465,23.334386627763575,weekend_promo,926.4982566047868,1227.7631369838502,1454.1989675211364,43.624,882.8742560554704,1184.1391364345338,1410.57496697182,527.7007109163496,882.8742560554704,10.0,81.01599960327148,1099.5851615666734
2024-01-04,store_1,item_18,46.291559480493014,71.7,0,0.0,1,3,1,0,0.49999999999999994,0.8660254037844387,0.43388373911755823,-0.900968867902419,49.97238,48.0,43.0,38.0,40.559536,8.497305,42.565483,8.608015,40.46131,7.727915,-2.005947,0.09822464,1.9723816,-3.0276184,71.7,71.7,71.7,71.7,71.18785,2.7100046,0.0,0.0,0.0,1.0,1.0071943,0.18898338,-0.0071942806,0.0,0.038068358,5140.8896,4.286341,0.0,0.0,-0.0,40.46131,40.46131,40.46131,42.73777960189853,46.291559480493014,50.21952178645244,weekend_promo,3064.298667030772,3319.104673480721,3600.739558830822,50.19,3014.108668404063,3268.914674854012,3550.549560204113,536.4408918000499,3014.108668404063,10.0,93.20999603271484,2946.5911799029486
2024-01-04,store_1,item_19,16.182079261291097,40.82,0,0.0,1,3,1,0,0.49999999999999994,0.8660254037844387,0.43388373911755823,-0.900968867902419,17.551548,20.0,14.0,16.0,16.159426,3.8215222,14.936855,3.5298533,14.039856,3.1400728,1.2225704,2.1195698,-2.448452,-8.448452,40.82,40.82,40.82,40.82,40.82,0.0,0.0,0.0,0.0,1.0,1.0,0.0,0.0,0.0,0.0,1666.2723,3.7333746,0.0,0.0,0.0,14.039856,14.039856,14.039856,11.552648357015327,16.182079261291097,20.54464260452199,weekend_promo,471.57910240777716,660.5524705075239,838.6323048468603,28.574,443.00510300286993,631.9784711026167,810.058305441953,367.0532024390831,443.00510300286993,10.0,36.737999725341794,582.5361603183487
2024-01-04,store_1,item_2,45.77740223686476,38.55,0,0.0,1,3,1,0,0.49999999999999994,0.8660254037844387,0.43388373911755823,-0.900968867902419,49.30982,47.0,43.0,39.0,41.060993,7.4866905,40.673355,6.274708,40.265247,7.7033257,0.3876381,0.79574585,2.3098183,-1.6901817,38.55,38.55,38.55,38.55,37.999287,2.022065,0.0,0.0,0.0,1.0,1.0144928,0.27235144,-0.01449275,0.0,0.053213235,1486.1024,3.6775656,0.0,0.0,-0.0,40.265247,40.265247,40.265247,41.85775143760991,45.77740223686476,49.59545612202634,weekend_promo,1613.6162859849321,1764.7188213057502,1911.9047956657853,26.984999,1586.6312872819292,1737.7338226027473,1884.9197969627824,298.28850968085317,1586.6312872819292,10.0,50.114999008178714,1448.807759964844
2024-01-04,store_1,item_20,59.32455737525378,12.2,0,0.0,1,3,1,0,0.49999999999999994,0.8660254037844387,0.43388373911755823,-0.900968867902419,62.779037,57.0,50.0,46.0,55.819088,7.8260126,51.052402,8.34361,49.34763,10.380885,4.7666855,6.4714584,5.7790375,-1.2209625,12.2,15.24,15.24,13.502857,14.588572,1.2702806,0.0,-0.19947505,-0.19947505,0.9035124,0.836271,-1.8803483,0.16372901,0.19947505,0.08707368,148.84,2.580217,0.0,1.0,0.0,49.34763,49.34763,49.34763,57.45307579934053,59.32455737525378,71.01474340258612,weekend_promo,700.92751379365,723.7595886628349,866.3798559665632,8.54,692.3875138317969,715.2195887009818,857.8398560047102,165.4523421729133,692.3875138317969,10.0,14.944999766349794,878.4378267211671
2024-01-04,store_1,item_21,45.335188834194895,27.45,0,0.0,1,3,1,0,0.49999999999999994,0.8660254037844387,0.43388373911755823,-0.900968867902419,48.95381,44.0,42.0,43.0,43.397602,6.467116,43.484516,10.343194,41.813686,9.904437,-0.08691406,1.5839157,4.9538116,2.9538116,27.45,27.45,27.45,26.665714,26.665714,1.9563528,0.0,0.0,0.0,1.0294117,1.0294117,0.40089196,-0.029411674,0.0,0.073365845,753.50256,3.348148,0.0,1.0,-0.0,41.813686,41.813686,41.813686,41.68530474043151,45.335188834194895,49.82939944665277,weekend_promo,1144.2616469282086,1244.450968086654,1367.8170528274334,19.215,1125.0466467756207,1225.2359679340661,1348.6020526748455,223.55540589922475,1125.0466467756207,10.0,35.68500099182129,1051.093244159128
2024-01-04,store_1,item_22,23.75499053711259,47.59,0,0.0,1,3,1,0,0.49999999999999994,0.8660254037844387,0.43388373911755823,-0.900968867902419,25.331982,24.0,21.0,25.0,21.0317,3.4570954,20.872993,4.957436,21.007925,4.950549,0.15870667,0.0237751,1.3319817,-1.6680183,47.59,47.59,47.59,47.59,46.57,2.9985182,0.0,0.0,0.0,1.0,1.0219026,0.34016806,-0.021902561,0.0,0.06438734,2264.808,3.8834178,0.0,0.0,-0.0,21.007925,21.007925,21.007925,19.105627066592902,23.75499053711259,27.518595389449597,weekend_promo,909.2367950144435,1130.500003285912,1309.6099587829108,33.313,875.9237952891017,1097.1870035605702,1276.296959057569,400.3731637684673,875.9237952891017,10.0,61.86700019836426,1019.9554160799293
2024-01-04,store_1,item_23,13.591122100446883,46.82,0,0.0,1,3,1,0,0.49999999999999994,0.8660254037844387,0.43388373911755823,-0.900968867902419,14.844172,8.0,13.0,12.0,12.23852,2.422882,11.047832,3.781815,11.916773,3.5035772,1.1906881,0.32174683,6.8441715,11.844172,46.82,46.82,46.82,46.82,46.485714,1.7688738,0.0,0.0,0.0,1.0,1.0071912,0.18898214,-0.007191181,0.0,0.03805199,2192.1123,3.867444,0.0,0.0,-0.0,11.916773,11.916773,11.916773,9.478970856518279,13.591122100446883,17.482102199210228,weekend_promo,443.80541260943346,636.3363325952417,818.5120196319086,32.774,411.0314143489354,603.5623343347437,785.7380213714106,374.70660702247517,411.0314143489354,10.0,60.86599960327148,587.5828099070152
2024-01-04,store_1,item_24,45.533046796698464,19.06,0,0.0,1,3,1,0,0.49999999999999994,0.8660254037844387,0.43388373911755823,-0.900968867902419,49.01611,45.0,42.0,38.0,40.199863,7.4258003,41.099934,10.228906,39.549965,8.605476,-0.9000702,0.6498985,4.0161095,1.0161095,19.06,19.06,19.06,19.06,18.923927,0.7200222,0.0,0.0,0.0,0.9999999,1.0071903,0.18898302,-0.0071903467,0.0,0.03804824,363.28357,2.9987278,0.0,0.0,-0.0,39.549965,39.549965,39.549965,41.846953966168115,45.533046796698464,49.30046622854377,weekend_promo,797.6029202464798,867.8598476278022,939.6668599867547,13.341999,784.2609211925247,854.5178485738471,926.3248609327997,142.06393974027492,784.2609211925247,10.0,24.7779993057251,778.8285518425331
2024-01-04,store_1,item_25,42.50983005165565,89.21,0,0.0,1,3,1,0,0.49999999999999994,0.8660254037844387,0.43388373911755823,-0.900968867902419,45.614655,39.0,39.0,35.0,37.062397,6.9200172,39.602627,7.128036,38.158455,7.327701,-2.5402298,-1.0960579,6.6146545,6.6146545,89.21,89.21,89.21,89.21,87.29857,5.6190705,0.0,0.0,0.0,1.0,1.0218953,0.34016836,-0.02189529,0.0,0.064366125,7958.424,4.50214,0.0,0.0,-0.0,38.158455,38.158455,38.158455,38.557748099542025,42.50983005165565,45.89977176021963,weekend_promo,3439.7366726594714,3792.3018999892884,4094.718596706697,62.447,3377.28967406328,3729.854901393097,4032.2715981105057,654.9819240472257,3377.28967406328,10.0,115.97299880981446,3490.8260104615533
2024-01-04,store_1,item_26,44.38354996252911,47.67,0,0.0,1,3,1,0,0.49999999999999994,0.8660254037844387,0.43388373911755823,-0.900968867902419,47.79326,42.0,44.0,38.0,39.08196,6.6218915,38.826694,6.8372464,37.77049,6.710457,0.25526428,1.31147,5.7932587,7.7932587,47.67,47.67,47.67,47.67,47.67,0.0,0.0,0.0,0.0,1.0,1.0,0.0,0.0,0.0,0.0,2272.4287,3.8850627,0.0,0.0,0.0,37.77049,37.77049,37.77049,39.98775021185023,44.38354996252911,48.52766192799612,weekend_promo,1906.2159793791432,2115.7637454450555,2313.3135552507724,33.369,1872.846979897942,2082.3947459638543,2279.9445557695713,407.09757587162926,1872.846979897942,10.0,61.97099761962891,1832.9460600947814
2024-01-04,store_1,item_27,44.97621958092686,67.62,0,0.0,1,3,1,0,0.49999999999999994,0.8660254037844387,0.43388373911755823,-0.900968867902419,49.14251,42.0,39.0,41.0,43.116333,7.1215644,41.129593,7.5570493,40.49337,7.0118027,1.9867401,2.622963,7.1425095,4.1425095,67.62,67.62,67.62,65.688576,66.17143,4.258401,0.0,0.0,0.0,1.0294027,1.0218911,0.34016758,-0.021891117,0.0,0.06435407,4572.465,4.2285843,0.0,1.0,-0.0,40.49337,40.49337,40.49337,40.84850713244991,44.97621958092686,49.10225090408246,weekend_promo,2762.1761644900384,3041.292091593151,3320.294340997416,47.334,2714.8421648562494,2993.958091959362,3272.960341363627,558.1181765073775,2714.8421648562494,10.0,87.90600357055665,2581.62874005036
2024-01-05,store_1,item_1,48.12319753232152,21.3,0,0.0,1,4,1,0,0.49999999999999994,0.8660254037844387,-0.433883739117558,-0.9009688679024191,53.137257,41.0,44.0,43.0,47.884655,7.594706,48.228043,7.2718763,47.971165,10.618201,-0.3433876,-0.086509705,12.137257,15.137257,21.3,21.3,21.3,21.3,20.995714,1.1172496,0.0,0.0,0.0,0.9999999,1.0144926,0.27235165,-0.014492631,0.0,0.053213216,453.68997,3.1045866,0.0,0.0,-0.0,47.971165,47.971165,47.971165,43.68794559980048,48.12319753232152,53.656952485521224,weekend_promo,930.5532079444929,1025.0240707233625,1142.8930470045962,14.909999,915.6432090507551,1010.1140718296247,1127.9830481108584,212.33983906010326,915.6432090507551,10.0,27.689999008178713,960.5376904331911
2024-01-05,store_1,item_10,25.1232777522307,20.59,0,0.0,1,4,1,0,0.49999999999999994,0.8660254037844387,-0.433883739117558,-0.9009688679024191,27.43337,15.0,23.0,22.0,22.872765,5.979473,24.793526,6.0612493,23.753906,5.6198177,-1.9207611,-0.88114166,12.433371,20.43337,20.59,20.59,20.59,20.59,20.442858,0.77860695,0.0,0.0,0.0,0.9999999,1.0071976,0.18898138,-0.0071976185,0.0,0.038086988,423.94812,3.0722303,0.0,0.0,-0.0,23.753906,23.753906,23.753906,20.170278009391943,25.1232777522307,28.97268087621484,weekend_promo,415.3060272911203,517.288292751938,596.5475036621439,14.413,400.8930271843088,502.8752926451265,582.1345035553323,181.24147637102357,400.8930271843088,10.0,26.767000198364258,480.8890615945379
2024-01-05,store_1,item_11,28.15944688610089,52.2,0,0.0,1,4,1,0,0.49999999999999994,0.8660254037844387,-0.433883739117558,-0.9009688679024191,35.04106,23.0,24.0,25.0,30.021715,4.1423836,27.939428,6.9642825,27.255428,7.406315,2.0822868,2.7662868,12.041061,13.041061,52.2,65.25,65.25,55.928574,61.9875,5.754509,0.0,-0.19999999,-0.19999999,0.93333334,0.84210527,-1.7008396,0.15789473,0.19999999,0.09283338,2724.84,3.9740584,0.0,1.0,0.0,27.255428,27.255428,27.255428,24.896471917500364,28.15944688610089,36.37279157132614,weekend_promo,1299.5958530880196,1469.9231489384194,1898.6597477734622,36.54,1263.0558521724922,1433.383148022892,1862.1197468579348,599.0638946854426,1263.0558521724922,10.0,63.945000934600834,1990.7141957281833
2024-01-05,store_1,item_12,22.135481947825564,60.88,0,0.0,1,4,1,0,0.49999999999999994,0.8660254037844387,-0.433883739117558,-0.9009688679024191,24.151995,20.0,28.0,17.0,21.315264,4.473047,23.157633,4.6539426,21.828815,5.286287,-1.8423691,-0.5135517,4.1519947,12.151995,60.88,60.88,60.88,60.88,59.575,3.8363395,0.0,0.0,0.0,1.0,1.0219052,0.34016803,-0.021905184,0.0,0.06439512,3706.3745,4.125197,0.0,0.0,-0.0,21.828815,21.828815,21.828815,18.11900856028886,22.135481947825564,26.091181985638343,weekend_promo,1103.085260503575,1347.6081646268658,1588.4311871540513,42.616,1060.4692593744246,1304.9921634977154,1545.8151860249009,485.34592665047626,1060.4692593744246,10.0,79.14400138854981,1376.6699239758996
2024-01-05,store_1,item_13,43.1813431409653,68.19,0,0.0,1,4,1,0,0.49999999999999994,0.8660254037844387,-0.433883739117558,-0.9009688679024191,47.32081,44.0,41.0,34.0,44.89979,4.7384057,43.807037,4.065436,42.617805,5.2911153,1.0927544,2.2819862,3.3208084,0.3208084,68.19,68.19,68.19,68.19,67.21571,3.577299,0.0,0.0,0.0,1.0,1.014495,0.27235314,-0.014495015,0.0,0.053221174,4649.8765,4.2368565,0.0,0.0,-0.0,42.617805,42.617805,42.617805,40.044493201833916,43.1813431409653,47.86686021267233,weekend_promo,2730.6340891979307,2944.535894205625,3264.0413147645777,47.733,2682.9010874889464,2896.8028924966407,3216.3083130555933,533.407225566647,2682.9010874889464,10.0,66.4852523803711,2704.1890872456106
2024-01-05,store_1,item_14,24.714661562557776,70.38,0,0.0,1,4,1,0,0.49999999999999994,0.8660254037844387,-0.433883739117558,-0.9009688679024191,27.470556,23.0,38.0,21.0,26.052505,2.9037673,26.16911,5.5898952,24.834555,5.835965,-0.11660385,1.2179508,4.4705563,19.470556,70.38,70.38,70.38,68.369995,68.8725,4.431632,0.0,0.0,0.0,1.0293989,1.0218883,0.340168,-0.021888256,0.0,0.06434545,4953.344,4.268018,0.0,1.0,-0.0,24.834555,24.834555,24.834555,21.81691905515416,24.714661562557776,29.5013736818001,weekend_promo,1535.474703179792,1739.417812891971,2076.3065986971483,49.266,1486.20870433946,1690.151814051639,2027.0405998568162,540.8318955173563,1486.20870433946,10.0,91.49399642944336,1785.1598720204315
2024-01-05,store_1,item_15,22.84093517872033,56.62,0,0.0,1,4,1,0,0.49999999999999994,0.8660254037844387,-0.433883739117558,-0.9009688679024191,25.294964,23.0,20.0,13.0,22.857725,3.6457474,22.57172,5.056014,21.53586,4.7682076,0.28600502,1.3218651,2.2949638,-0.70503616,56.62,56.62,56.62,56.62,56.62,0.0,0.0,0.0,0.0,1.0,1.0,0.0,0.0,0.0,0.0,3205.8242,4.0538697,0.0,0.0,0.0,21.53586,21.53586,21.53586,19.64403577306596,22.84093517872033,26.91071257125784,weekend_promo,1112.2452844889008,1293.2537254223942,1523.6845170408767,39.634,1072.6112856180512,1253.6197265515445,1484.050518170027,411.4392325519759,1072.6112856180512,10.0,73.6059986114502,1246.037108017076
2024-01-05,store_1,item_16,33.41977656442224,43.08,0,0.0,1,4,1,0,0.49999999999999994,0.8660254037844387,-0.433883739117558,-0.9009688679024191,35.17972,34.0,34.0,25.0,36.202427,3.1285968,33.529785,5.8017774,31.58632,5.251313,2.6726418,4.616106,1.1797218,1.1797218,43.08,43.08,43.08,41.84857,42.772144,1.6290274,0.0,0.0,0.0,1.0294259,1.0071976,0.1889823,-0.0071976185,0.0,0.038086176,1855.8866,3.7860062,0.0,1.0,-0.0,31.58632,31.58632,31.58632,29.55010570503763,33.41977656442224,37.63396673992842,weekend_promo,1273.0186078808806,1439.7240355887488,1621.2713560659674,30.156,1242.8626077435515,1409.5680354514197,1591.1153559286383,348.25274818508683,1242.8626077435515,10.0,56.0040023803711,1379.121854775008
2024-01-05,store_1,item_17,18.140939769287403,62.32,0,0.0,1,4,1,0,0.49999999999999994,0.8660254037844387,-0.433883739117558,-0.9009688679024191,19.700949,14.0,16.0,11.0,16.95664,3.827786,17.692606,3.815041,17.596304,4.9776115,-0.7359657,-0.6396637,5.7009487,7.7009487,62.32,62.32,62.32,62.32,60.985,3.9245307,0.0,0.0,0.0,1.0,1.0218906,0.34016773,-0.02189064,0.0,0.06435239,3883.7825,4.1482015,0.0,0.0,-0.0,17.596304,17.596304,17.596304,13.714097391387883,18.140939769287403,21.852781261402292,weekend_promo,854.6625452460825,1130.5433608858154,1361.8653215416512,43.624,811.038544696766,1086.919360336499,1318.2413209923347,507.2027762955687,811.038544696766,10.0,81.01599960327148,1099.5851615666734
2024-01-05,store_1,item_18,40.91152931460722,71.7,0,0.0,1,4,1,0,0.49999999999999994,0.8660254037844387,-0.433883739117558,-0.9009688679024191,46.29156,31.0,39.0,30.0,40.31547,8.269459,42.800594,8.665555,40.75744,7.7887297,-2.4851227,-0.441967,15.291561,23.291561,71.7,71.7,71.7,71.7,71.18785,2.7100046,0.0,0.0,0.0,1.0,1.0071943,0.18898338,-0.0071942806,0.0,0.038068358,5140.8896,4.286341,0.0,0.0,-0.0,40.75744,40.75744,40.75744,36.36351771822794,40.91152931460722,45.47143913756129,weekend_promo,2607.264109424294,2933.3565270052586,3260.3020473953247,50.19,2557.074110797585,2883.1665283785496,3210.1120487686158,653.0379379710307,2557.074110797585,10.0,93.20999603271484,2946.5911799029486
2024-01-05,store_1,item_19,15.199380537503794,40.82,0,0.0,1,4,1,0,0.49999999999999994,0.8660254037844387,-0.433883739117558,-0.9009688679024191,16.18208,20.0,10.0,12.0,15.614008,3.4349267,15.092718,3.5334775,14.046359,3.1444678,0.5212898,1.5676489,-3.8179207,-13.817921,40.82,40.82,40.82,40.82,40.82,0.0,0.0,0.0,0.0,1.0,1.0,0.0,0.0,0.0,0.0,1666.2723,3.7333746,0.0,0.0,0.0,14.046359,14.046359,14.046359,10.64070950287351,15.199380537503794,19.142086867916994,weekend_promo,434.3537586600098,620.438708902422,781.3799801066704,28.574,405.7797592551026,591.8647094975148,752.8059807017631,347.02622144666054,405.7797592551026,10.0,36.737999725341794,582.5361603183487
2024-01-05,store_1,item_2,41.58331368171378,38.55,0,0.0,1,4,1,0,0.49999999999999994,0.8660254037844387,-0.433883739117558,-0.9009688679024191,45.7774,38.0,37.0,55.0,40.886337,7.3378286,40.87174,6.396649,40.507298,7.7683015,0.014598846,0.37903976,7.777401,6.777401,38.55,38.55,30.84,38.55,37.999287,2.022065,0.0,0.0,0.24999996,1.0,1.0144928,0.27235144,-0.01449275,0.0,0.053213235,1486.1024,3.6775656,0.0,0.0,-0.0,40.507298,40.507298,40.507298,37.96169069112644,41.58331368171378,46.53969710631566,weekend_promo,1463.4231471804528,1603.0367107045158,1794.1052879414974,26.984999,1436.4381484774499,1576.051712001513,1767.1202892384945,330.6821407610446,1436.4381484774499,10.0,50.114999008178714,1448.807759964844
2024-01-05,store_1,item_20,54.0831883252918,12.2,0,0.0,1,4,1,0,0.49999999999999994,0.8660254037844387,-0.433883739117558,-0.9009688679024191,59.32456,47.0,44.0,37.0,56.15117,7.93306,51.71844,8.620709,49.823505,10.5261345,4.432728,6.3276634,12.324558,9.324558,12.2,15.24,15.24,13.068571,14.48,1.340514,0.0,-0.19947505,-0.19947505,0.9335373,0.8425414,-1.7008388,0.1574586,0.19947505,0.09257693,148.84,2.580217,0.0,1.0,0.0,49.823505,49.823505,49.823505,50.00111902272924,54.0831883252918,61.468371973974484,weekend_promo,610.0136425403401,659.8148872530104,749.9141263583272,8.54,601.4736425784871,651.2748872911574,741.3741263964741,139.90048381798704,601.4736425784871,10.0,14.944999766349794,878.4378267211671
2024-01-05,store_1,item_21,41.91378426513927,27.45,0,0.0,1,4,1,0,0.49999999999999994,0.8660254037844387,-0.433883739117558,-0.9009688679024191,45.33519,41.0,35.0,34.0,43.58834,6.5074086,43.722744,10.34478,41.897087,9.924607,-0.13440323,1.6912537,4.33519,-1.6648102,27.45,27.45,27.45,26.665714,26.665714,1.9563528,0.0,0.0,0.0,1.0294117,1.0294117,0.40089196,-0.029411674,0.0,0.073365845,753.50256,3.348148,0.0,1.0,-0.0,41.897087,41.897087,41.897087,37.24839917182625,41.91378426513927,46.308605209383714,weekend_promo,1022.4685856849038,1150.5334100557527,1271.171248328245,19.215,1003.2535855323159,1131.3184099031648,1251.956248175657,248.7026626433411,1003.2535855323159,10.0,35.68500099182129,1051.093244159128
2024-01-05,store_1,item_22,21.088528296801737,47.59,0,0.0,1,4,1,0,0.49999999999999994,0.8660254037844387,-0.433883739117558,-0.9009688679024191,23.75499,19.0,28.0,24.0,20.9967,3.4231071,21.069778,5.017185,20.96346,4.918855,-0.073078156,0.033239365,4.7549896,13.75499,47.59,47.59,38.07,47.59,46.57,2.9985182,0.0,0.0,0.25006568,1.0,1.0219026,0.34016806,-0.021902561,0.0,0.06438734,2264.808,3.8834178,0.0,0.0,-0.0,20.96346,20.96346,20.96346,16.837160575566067,21.088528296801737,25.149569216255717,weekend_promo,801.2804743603359,1003.6030648626487,1196.8680028391293,33.313,767.9674746349941,970.2900651373069,1163.5550031137875,395.5875284787934,767.9674746349941,10.0,61.86700019836426,1019.9554160799293
2024-01-05,store_1,item_23,12.194180214473741,46.82,0,0.0,1,4,1,0,0.49999999999999994,0.8660254037844387,-0.433883739117558,-0.9009688679024191,13.591122,13.0,3.0,10.0,13.037251,1.5610266,11.0900545,3.808493,11.9735985,3.5178516,1.947197,1.063653,0.5911217,-9.408878,46.82,46.82,46.82,46.82,46.485714,1.7688738,0.0,0.0,0.0,1.0,1.0071912,0.18898214,-0.007191181,0.0,0.03805199,2192.1123,3.867444,0.0,0.0,-0.0,11.9735985,11.9735985,11.9735985,8.602175469526522,12.194180214473741,16.257951066104212,weekend_promo,402.7538528580561,570.9315139202921,761.1972639534663,32.774,369.9798545975581,538.1575156597941,728.4232656929682,358.44341109541017,369.9798545975581,10.0,60.86599960327148,587.5828099070152
2024-01-05,store_1,item_24,40.23689294749954,19.06,0,0.0,1,4,1,0,0.49999999999999994,0.8660254037844387,-0.433883739117558,-0.9009688679024191,45.533047,34.0,31.0,35.0,40.276012,7.4857197,41.35229,10.296182,39.819004,8.672716,-1.0762787,0.45700836,11.533047,8.533047,19.06,19.06,19.06,19.06,18.923927,0.7200222,0.0,0.0,0.0,0.9999999,1.0071903,0.18898302,-0.0071903467,0.0,0.03804824,363.28357,2.9987278,0.0,0.0,-0.0,39.819004,39.819004,39.819004,37.27412955950812,40.23689294749954,44.8841734012561,weekend_promo,710.444889497692,766.915158090522,855.4923210572066,13.341999,697.1028904437369,753.573159036567,842.1503220032515,145.04743155951462,697.1028904437369,10.0,24.7779993057251,778.8285518425331
2024-01-05,store_1,item_25,38.75696139902694,89.21,0,0.0,1,4,1,0,0.49999999999999994,0.8660254037844387,-0.433883739117558,-0.9009688679024191,42.50983,33.0,49.0,38.0,37.5638,7.205093,39.85333,7.1668277,38.426666,7.34523,-2.289528,-0.86286545,9.50983,25.50983,89.21,89.21,89.21,89.21,87.29857,5.6190705,0.0,0.0,0.0,1.0,1.0218953,0.34016836,-0.02189529,0.0,0.064366125,7958.424,4.50214,0.0,0.0,-0.0,38.426666,38.426666,38.426666,34.87243973176777,38.75696139902694,43.25507146649571,weekend_promo,3110.9703165443307,3457.5084909241355,3858.7848859248816,62.447,3048.5233179481393,3395.061492327944,3796.33788732869,747.8145693805509,3048.5233179481393,10.0,115.97299880981446,3490.8260104615533
2024-01-05,store_1,item_26,40.6978360787103,47.67,0,0.0,1,4,1,0,0.49999999999999994,0.8660254037844387,-0.433883739117558,-0.9009688679024191,44.38355,36.0,36.0,34.0,39.422466,6.854159,38.85409,6.8602996,37.998474,6.8259873,0.56837463,1.4239922,8.383549,8.383549,47.67,47.67,47.67,47.67,47.67,0.0,0.0,0.0,0.0,1.0,1.0,0.0,0.0,0.0,0.0,2272.4287,3.8850627,0.0,0.0,0.0,37.998474,37.998474,37.998474,36.90615115974461,40.6978360787103,44.99635136482729,weekend_promo,1759.3161582078444,1940.0657713521566,2144.975987170537,33.369,1725.9471587266432,1906.6967718709554,2111.6069876893357,385.6598289626925,1725.9471587266432,10.0,61.97099761962891,1832.9460600947814
2024-01-05,store_1,item_27,40.402568154496834,67.62,0,0.0,1,4,1,0,0.49999999999999994,0.8660254037844387,-0.433883739117558,-0.9009688679024191,44.97622,53.0,35.0,30.0,43.541504,7.1326437,41.556465,7.5961895,40.635376,7.0625243,1.9850388,2.906128,-8.023781,-26.02378,67.62,54.1,67.62,65.688576,66.17143,4.258401,0.0,0.24990766,0.0,1.0294027,1.0218911,0.34016758,-0.021891117,-0.24990766,0.06435407,4572.465,4.2285843,1.0,1.0,-0.0,40.635376,40.635376,40.635376,35.23421626502405,40.402568154496834,44.16216926191247,weekend_promo,2382.5378006145916,2732.0217695760434,2986.246006785542,47.334,2335.2038009808025,2684.6877699422544,2938.9120071517527,603.7082061709502,2335.2038009808025,10.0,87.90600357055665,2581.62874005036
2024-01-06,store_1,item_1,53.654326508231605,21.3,1,0.0,1,5,1,1,0.49999999999999994,0.8660254037844387,-0.9749279121818236,-0.2225209339563146,48.123196,38.0,38.0,35.0,48.902256,6.9700217,48.522556,7.1702523,48.154137,10.573413,0.3796997,0.74811935,10.123196,10.123196,21.3,21.3,21.3,21.3,20.995714,1.1172496,0.0,0.0,0.0,0.9999999,1.0144926,0.27235165,-0.014492631,0.0,0.053213216,453.68997,3.1045866,0.0,0.0,-0.014492630958557129,48.154137,48.154137,48.154137,51.400780518251096,53.654326508231605,61.1937364907575,weekend_promo,1094.836585823065,1142.8371136903306,1303.426540566019,14.909999,1079.9265869293272,1127.9271147965928,1288.5165416722812,208.58995474295398,1079.9265869293272,10.0,27.689999008178713,960.5376904331911
2024-01-06,store_1,item_10,30.236322592699125,20.59,1,0.0,1,5,1,1,0.49999999999999994,0.8660254037844387,-0.9749279121818236,-0.2225209339563146,25.123278,15.0,20.0,17.0,24.318947,4.8814077,24.945189,6.039445,23.865452,5.61471,-0.6262417,0.45349503,10.123278,15.123278,20.59,20.59,20.59,20.59,20.442858,0.77860695,0.0,0.0,0.0,0.9999999,1.0071976,0.18898138,-0.0071976185,0.0,0.038086988,423.94812,3.0722303,0.0,0.0,-0.00719761848449707,23.865452,23.865452,23.865452,24.991160379983977,30.236322592699125,30.872705575221165,weekend_promo,514.5679960372186,622.5658867973717,635.6690125046048,14.413,500.15499593040704,608.1528866905602,621.2560123977933,121.10101646738622,500.15499593040704,10.0,26.767000198364258,480.8890615945379
2024-01-06,store_1,item_11,35.82441812214078,52.2,1,0.0,1,5,1,1,0.49999999999999994,0.8660254037844387,-0.9749279121818236,-0.2225209339563146,28.159447,27.0,19.0,21.0,30.75878,2.9809608,28.236532,6.8713984,27.368265,7.3947387,2.5222473,3.3905144,1.1594467,-6.8405533,52.2,65.25,65.25,54.064285,61.521427,6.00357,0.0,-0.19999999,-0.19999999,0.9655173,0.8484849,-1.552647,0.15151513,0.19999999,0.09758503,2724.84,3.9740584,0.0,1.0,0.15151512622833252,27.368265,27.368265,27.368265,31.130753003590243,35.82441812214078,40.56150963961607,weekend_promo,1625.0253305382903,1870.0346533076106,2117.310834133935,36.54,1588.485329622763,1833.4946523920833,2080.7708332184075,492.2855035956445,1588.485329622763,10.0,63.945000934600834,1990.7141957281833
2024-01-06,store_1,item_12,27.351169083833554,60.88,1,0.0,1,5,1,1,0.49999999999999994,0.8660254037844387,-0.9749279121818236,-0.2225209339563146,22.135483,16.0,26.0,17.0,21.620333,4.4411006,22.738737,4.4437423,22.012226,5.200944,-1.1184044,-0.3918934,6.135483,16.135483,60.88,60.88,60.88,60.88,59.575,3.8363395,0.0,0.0,0.0,1.0,1.0219052,0.34016803,-0.021905184,0.0,0.06439512,3706.3745,4.125197,0.0,0.0,-0.021905183792114258,22.012226,22.012226,22.012226,22.55112942576121,27.351169083833554,28.3776627019851,weekend_promo,1372.9127835275474,1665.139203037987,1727.6321356074666,42.616,1330.296782398397,1622.5232019088367,1685.0161344783162,354.7193520799192,1330.296782398397,10.0,79.14400138854981,1376.6699239758996
2024-01-06,store_1,item_13,48.6365698682196,68.19,1,0.0,1,5,1,1,0.49999999999999994,0.8660254037844387,-0.9749279121818236,-0.2225209339563146,43.181343,39.0,47.0,34.0,44.78284,4.7742825,43.96285,3.9906929,42.94571,5.0145335,0.81999207,1.8371315,4.181343,12.181343,68.19,68.19,68.19,68.19,67.21571,3.577299,0.0,0.0,0.0,1.0,1.014495,0.27235314,-0.014495015,0.0,0.053221174,4649.8765,4.2368565,0.0,0.0,-0.014495015144348145,42.94571,42.94571,42.94571,47.934151504158,48.6365698682196,55.086914130715215,weekend_promo,3268.6299080952713,3316.52781805552,3756.376809063007,47.733,3220.896906386287,3268.7948163465358,3708.6438073540226,487.74690096773566,3220.896906386287,10.0,66.4852523803711,2704.1890872456106
2024-01-06,store_1,item_14,29.37397070710843,70.38,1,0.0,1,5,1,1,0.49999999999999994,0.8660254037844387,-0.9749279121818236,-0.2225209339563146,24.71466,26.0,20.0,18.0,26.297457,2.6659336,25.220158,4.4354205,24.967222,5.7875886,1.0772991,1.3302345,-1.2853394,-7.2853394,70.38,56.31,70.38,68.369995,68.8725,4.431632,0.0,0.24986672,0.0,1.0293989,1.0218883,0.340168,-0.021888256,-0.24986672,0.06434545,4953.344,4.268018,1.0,1.0,-0.021888256072998047,24.967222,24.967222,24.967222,24.051808131857218,29.37397070710843,31.618899450392554,weekend_promo,1692.766190259847,2067.339977688271,2225.3380564747267,49.266,1643.500191419515,2018.073978847939,2176.0720576343947,532.5718662148797,1643.500191419515,10.0,91.49399642944336,1785.1598720204315
2024-01-06,store_1,item_15,25.874420582477736,56.62,1,0.0,1,5,1,1,0.49999999999999994,0.8660254037844387,-0.9749279121818236,-0.2225209339563146,22.840935,18.0,18.0,14.0,22.835001,3.6452084,22.774643,5.0015755,21.887321,4.469031,0.060358047,0.9476795,4.8409348,4.8409348,56.62,56.62,56.62,56.62,56.62,0.0,0.0,0.0,0.0,1.0,1.0,0.0,0.0,0.0,0.0,3205.8242,4.0538697,0.0,0.0,0.0,21.887321,21.887321,21.887321,22.577585315343406,25.874420582477736,27.601455333744454,weekend_promo,1278.3428564392807,1465.0096657430265,1562.7943715150761,39.634,1238.708857568431,1425.375666872177,1523.1603726442265,284.45151507579544,1238.708857568431,10.0,73.6059986114502,1246.037108017076
2024-01-06,store_1,item_16,35.47017367609037,43.08,1,0.0,1,5,1,1,0.49999999999999994,0.8660254037844387,-0.9749279121818236,-0.2225209339563146,33.419777,42.0,21.0,22.0,36.119537,3.2034636,33.488342,5.8002324,31.887028,5.0990553,2.631195,4.2325096,-8.580223,-29.580223,43.08,34.46,43.08,41.84857,42.772144,1.6290274,0.0,0.2501452,0.0,1.0294259,1.0071976,0.1889823,-0.0071976185,-0.2501452,0.038086176,1855.8866,3.7860062,1.0,1.0,-0.00719761848449707,31.887028,31.887028,31.887028,31.21977936237955,35.47017367609037,41.23714974513351,weekend_promo,1344.9481520964343,1528.0551469138009,1776.4964865278278,30.156,1314.7921519591052,1497.8991467764718,1746.3404863904987,431.5483344313934,1314.7921519591052,10.0,56.0040023803711,1379.121854775008
2024-01-06,store_1,item_17,18.29702394605556,62.32,1,0.0,1,5,1,1,0.49999999999999994,0.8660254037844387,-0.9749279121818236,-0.2225209339563146,18.14094,12.0,22.0,9.0,17.548203,3.6083903,17.84553,3.7847638,17.851337,4.807143,-0.29732704,-0.30313492,6.1409397,16.14094,62.32,62.32,62.32,62.32,60.985,3.9245307,0.0,0.0,0.0,1.0,1.0218906,0.34016773,-0.02189064,0.0,0.06435239,3883.7825,4.1482015,0.0,0.0,-0.021890640258789062,17.851337,17.851337,17.851337,16.042813394012107,18.29702394605556,23.987720340664488,weekend_promo,999.7881258189564,1140.270526734374,1494.9147243097395,43.624,956.16412526964,1096.6465261850576,1451.2907237604231,495.1265984907832,956.16412526964,10.0,81.01599960327148,1099.5851615666734
2024-01-06,store_1,item_18,46.64105931391189,71.7,1,0.0,1,5,1,1,0.49999999999999994,0.8660254037844387,-0.9749279121818236,-0.2225209339563146,40.91153,35.0,31.0,30.0,41.731403,7.186178,42.93713,8.615982,41.147137,7.4981117,-1.2057266,0.58426666,5.9115295,1.9115295,71.7,71.7,71.7,71.7,71.18785,2.7100046,0.0,0.0,0.0,1.0,1.0071943,0.18898338,-0.0071942806,0.0,0.038068358,5140.8896,4.286341,0.0,0.0,-0.0071942806243896484,41.147137,41.147137,41.147137,44.312103156917715,46.64105931391189,54.88967946522045,weekend_promo,3177.177661121193,3344.163810470265,3935.5898501462984,50.19,3126.987662494484,3293.973811843556,3885.3998515195894,758.4121890251054,3126.987662494484,10.0,93.20999603271484,2946.5911799029486
2024-01-06,store_1,item_19,15.084328146308188,40.82,1,0.0,1,5,1,1,0.49999999999999994,0.8660254037844387,-0.9749279121818236,-0.2225209339563146,15.199381,9.0,15.0,9.0,14.9282055,2.8412158,15.464103,3.2160134,14.160623,3.125425,-0.53589725,0.7675829,6.199381,12.199381,40.82,40.82,40.82,40.82,40.82,0.0,0.0,0.0,0.0,1.0,1.0,0.0,0.0,0.0,0.0,1666.2723,3.7333746,0.0,0.0,0.0,14.160623,14.160623,14.160623,11.608301630003767,15.084328146308188,19.8598694412953,weekend_promo,473.85086899418127,615.7422703289286,810.6798645329229,28.574,445.27686958927404,587.1682709240214,782.1058651280157,336.82899553874165,445.27686958927404,10.0,36.737999725341794,582.5361603183487
2024-01-06,store_1,item_2,46.096802168520924,38.55,1,0.0,1,5,1,1,0.49999999999999994,0.8660254037844387,-0.9749279121818236,-0.2225209339563146,41.583313,29.0,32.0,29.0,41.39824,7.227066,41.19912,6.2998047,40.02813,7.236856,0.19911957,1.3701096,12.583313,15.583313,38.55,38.55,38.55,38.55,38.274643,1.4570528,0.0,0.0,0.0,1.0,1.0071943,0.18898156,-0.0071942806,0.0,0.038068358,1486.1024,3.6775656,0.0,0.0,-0.0071942806243896484,40.02813,40.02813,40.02813,42.568263903430065,46.096802168520924,53.936484465548304,weekend_promo,1641.006541000221,1777.0316884274125,2079.251434996615,26.984999,1614.021542297218,1750.0466897244096,2052.266436293612,438.244893996394,1614.021542297218,10.0,50.114999008178714,1448.807759964844
2024-01-06,store_1,item_20,63.58097207388809,12.2,1,0.0,1,5,1,1,0.49999999999999994,0.8660254037844387,-0.9749279121818236,-0.2225209339563146,54.083187,43.0,37.0,51.0,57.16305,6.9637866,52.43867,8.342992,50.43362,10.24671,4.7243805,6.729431,11.083187,5.083187,12.2,15.24,12.2,12.634286,14.3714285,1.3985329,0.0,-0.19947505,0.0,0.9656263,0.8489065,-1.5526465,0.15109348,0.19947505,0.09731341,148.84,2.580217,0.0,1.0,0.1510934829711914,50.43362,50.43362,50.43362,56.840040940730816,63.58097207388809,69.26046679468327,weekend_promo,693.4484886355385,775.6878471743267,844.9776816847502,8.54,684.9084886736855,767.1478472124737,836.4376817228972,151.5291930492117,684.9084886736855,10.0,14.944999766349794,878.4378267211671
2024-01-06,store_1,item_21,46.97798165797117,27.45,1,0.0,1,5,1,1,0.49999999999999994,0.8660254037844387,-0.9749279121818236,-0.2225209339563146,41.913784,50.0,33.0,29.0,43.718884,6.455793,44.216583,10.057374,42.17972,9.803328,-0.49769974,1.5391617,-8.086216,-25.086216,27.45,21.96,27.45,26.665714,26.665714,1.9563528,0.0,0.25000006,0.0,1.0294117,1.0294117,0.40089196,-0.029411674,-0.25000006,0.073365845,753.50256,3.348148,1.0,1.0,-0.029411673545837402,42.17972,42.17972,42.17972,41.58102743380594,46.97798165797117,50.68226004692246,weekend_promo,1141.3992347817796,1289.5456323526644,1391.2280769555173,19.215,1122.1842346291917,1270.3306322000765,1372.0130768029294,249.8288421737377,1122.1842346291917,10.0,35.68500099182129,1051.093244159128
2024-01-06,store_1,item_22,22.775678212145475,47.59,1,0.0,1,5,1,1,0.49999999999999994,0.8660254037844387,-0.9749279121818236,-0.2225209339563146,21.088528,17.0,14.0,14.0,21.295061,3.309191,20.576101,4.6060014,20.85948,4.8829293,0.7189598,0.4355812,4.0885277,1.0885277,47.59,47.59,47.59,47.59,46.91,2.4967654,0.0,0.0,0.0,1.0,1.0144958,0.2723524,-0.01449585,0.0,0.053224586,2264.808,3.8834178,0.0,0.0,-0.014495849609375,20.85948,20.85948,20.85948,20.32819068737572,22.775678212145475,26.984923747398653,weekend_promo,967.4185979140462,1083.8945295912958,1284.2125252562746,33.313,934.1055981887044,1050.581529865954,1250.8995255309328,316.79392734222836,934.1055981887044,10.0,61.86700019836426,1019.9554160799293
2024-01-06,store_1,item_23,12.76591820544788,46.82,1,0.0,1,5,1,1,0.49999999999999994,0.8660254037844387,-0.9749279121818236,-0.2225209339563146,12.1941805,13.0,8.0,10.0,12.922134,1.593604,11.746781,3.0165198,12.051962,3.4966342,1.175353,0.8701725,-0.8058195,-5.8058195,46.82,46.82,46.82,46.82,46.485714,1.7688738,0.0,0.0,0.0,1.0,1.0071912,0.18898214,-0.007191181,0.0,0.03805199,2192.1123,3.867444,0.0,0.0,-0.007191181182861328,12.051962,12.051962,12.051962,8.424950092653809,12.76591820544788,18.344386412115124,weekend_promo,394.45616076696064,597.7002864832207,858.8841662169676,32.774,361.6821625064626,564.9262882227226,826.1101679564696,464.428005450007,361.6821625064626,10.0,60.86599960327148,587.5828099070152
2024-01-06,store_1,item_24,46.08120871880202,19.06,1,0.0,1,5,1,1,0.49999999999999994,0.8660254037844387,-0.9749279121818236,-0.2225209339563146,40.236893,33.0,34.0,30.0,41.167,6.9674506,42.01207,9.868861,40.006035,8.621258,-0.8450699,1.160965,7.2368927,8.236893,19.06,19.06,19.06,19.06,18.923927,0.7200222,0.0,0.0,0.0,0.9999999,1.0071903,0.18898302,-0.0071903467,0.0,0.03804824,363.28357,2.9987278,0.0,0.0,-0.007190346717834473,40.006035,40.006035,40.006035,42.26378309390309,46.08120871880202,54.11521986509486,weekend_promo,805.5476831984977,878.307813570346,1031.4360617280627,13.341999,792.2056841445426,864.9658145163909,1018.0940626741076,225.888378529565,792.2056841445426,10.0,24.7779993057251,778.8285518425331
2024-01-06,store_1,item_25,41.109341209504926,89.21,1,0.0,1,5,1,1,0.49999999999999994,0.8660254037844387,-0.9749279121818236,-0.2225209339563146,38.75696,26.0,30.0,24.0,38.386227,6.9202704,39.121685,6.666625,38.4537,7.3449945,-0.7354584,-0.067474365,12.756962,16.756962,89.21,89.21,89.21,89.21,87.29857,5.6190705,0.0,0.0,0.0,1.0,1.0218953,0.34016836,-0.02189529,0.0,0.064366125,7958.424,4.50214,0.0,0.0,-0.021895289421081543,38.4537,38.4537,38.4537,37.76664766012714,41.109341209504926,51.426099084770776,weekend_promo,3369.1626031835435,3667.3642916632084,4587.722252270401,62.447,3306.715604587352,3604.917293067017,4525.27525367421,1218.559649086858,3306.715604587352,10.0,115.97299880981446,3490.8260104615533
2024-01-06,store_1,item_26,43.634650845485325,47.67,1,0.0,1,5,1,1,0.49999999999999994,0.8660254037844387,-0.9749279121818236,-0.2225209339563146,40.697838,31.0,31.0,37.0,40.093586,6.691256,39.18965,6.8247595,38.237682,6.7979774,0.9039345,1.8559036,9.697838,9.697838,47.67,47.67,47.67,47.67,47.67,0.0,0.0,0.0,0.0,1.0,1.0,0.0,0.0,0.0,0.0,2272.4287,3.8850627,0.0,0.0,0.0,38.237682,38.237682,38.237682,40.587209190557964,43.634650845485325,48.85881113577238,weekend_promo,1934.7921877964984,2080.0637259068535,2329.099437379114,33.369,1901.4231883152972,2046.6947264256523,2295.730437897913,394.30724958261567,1901.4231883152972,10.0,61.97099761962891,1832.9460600947814
2024-01-06,store_1,item_27,46.845470756463975,67.62,1,0.0,1,5,1,1,0.49999999999999994,0.8660254037844387,-0.9749279121818236,-0.2225209339563146,40.40257,35.0,27.0,30.0,41.74187,5.8161654,41.942364,7.3713927,41.006897,6.7489862,-0.20049286,0.7349739,5.402569,-2.5974312,67.62,67.62,67.62,67.62,66.17143,4.258401,0.0,0.0,0.0,1.0,1.0218911,0.34016758,-0.021891117,0.0,0.06435407,4572.465,4.2285843,0.0,0.0,-0.021891117095947266,41.006897,41.006897,41.006897,42.44282951305467,46.845470756463975,52.815689483175746,weekend_promo,2869.9842482454696,3167.6908612170223,3571.3970679149675,47.334,2822.6502486116806,3120.3568615832332,3524.0630682811784,701.4128196694978,2822.6502486116806,10.0,87.90600357055665,2581.62874005036
2024-01-07,store_1,item_1,58.683325640983384,21.3,1,0.0,1,6,1,1,0.49999999999999994,0.8660254037844387,-0.7818314824680299,0.6234898018587334,53.654327,42.0,44.0,33.0,51.138588,5.167236,49.64072,6.6011043,48.820362,10.297992,1.4978676,2.3182259,11.654327,13.654327,21.3,21.3,21.3,21.3,20.995714,1.1172496,0.0,0.0,0.0,0.9999999,1.0144926,0.27235165,-0.014492631,0.0,0.053213216,453.68997,3.1045866,0.0,1.0,-0.014492630958557129,48.820362,48.820362,48.820362,56.20975858116936,58.683325640983384,60.95436608935097,weekend_promo,1197.2678148942648,1249.9547913811216,1298.327951198685,14.909999,1182.357816000527,1235.0447924873838,1283.4179523049472,101.06013630442021,1182.357816000527,10.0,27.689999008178713,960.5376904331911
2024-01-07,store_1,item_10,31.64418553429721,20.59,1,0.0,1,6,1,1,0.49999999999999994,0.8660254037844387,-0.7818314824680299,0.6234898018587334,30.236322,21.0,20.0,15.0,26.495565,3.1085298,25.676353,6.0142803,24.338177,5.572321,0.81921196,2.1573887,9.236322,8.236322,20.59,20.59,20.59,20.59,20.442858,0.77860695,0.0,0.0,0.0,0.9999999,1.0071976,0.18898138,-0.0071976185,0.0,0.038086988,423.94812,3.0722303,0.0,1.0,-0.00719761848449707,24.338177,24.338177,24.338177,27.647652408756443,31.64418553429721,33.79087365310696,weekend_promo,569.2651673149921,651.5537849796991,695.7540936735504,14.413,554.8521672081806,637.1407848728876,681.3410935667389,126.48892635855827,554.8521672081806,10.0,26.767000198364258,480.8890615945379
2024-01-07,store_1,item_11,36.93150389031855,52.2,1,0.0,1,6,1,1,0.49999999999999994,0.8660254037844387,-0.7818314824680299,0.6234898018587334,35.824417,30.0,20.0,26.0,32.01941,2.9923434,29.438276,6.597513,27.897709,7.4523706,2.581133,4.1217003,5.824417,-4.175583,52.2,52.2,65.25,52.2,61.05536,6.2065125,0.0,0.0,-0.19999999,1.0,0.8549618,-1.4267846,0.14503819,0.0,0.10165385,2724.84,3.9740584,1.0,2.0,0.1450381875038147,27.897709,27.897709,27.897709,33.82874415399752,36.93150389031855,40.16498951648029,weekend_promo,1765.8604706479541,1927.8245312511299,2096.6124834037264,36.54,1729.3204697324268,1891.2845303356025,2060.072482488199,330.7520127557723,1729.3204697324268,10.0,63.945000934600834,1990.7141957281833
2024-01-07,store_1,item_12,28.60539725068685,60.88,1,0.0,1,6,1,1,0.49999999999999994,0.8660254037844387,-0.7818314824680299,0.6234898018587334,27.35117,15.0,18.0,17.0,23.241928,4.1066527,22.83525,4.5337815,22.38191,5.19936,0.40667725,0.8600178,12.35117,15.35117,60.88,60.88,60.88,60.88,59.575,3.8363395,0.0,0.0,0.0,1.0,1.0219052,0.34016803,-0.021905184,0.0,0.06439512,3706.3745,4.125197,0.0,1.0,-0.021905183792114258,22.38191,22.38191,22.38191,25.047732472017138,28.60539725068685,30.18222180165176,weekend_promo,1524.905979650268,1741.496615175676,1837.4936955226501,42.616,1482.2899785211175,1698.8806140465256,1794.8776943934997,312.5877158723822,1482.2899785211175,10.0,79.14400138854981,1376.6699239758996
2024-01-07,store_1,item_13,53.05531235340143,68.19,1,0.0,1,6,1,1,0.49999999999999994,0.8660254037844387,-0.7818314824680299,0.6234898018587334,48.63657,40.0,38.0,36.0,46.159492,4.181436,44.079746,4.1087265,43.468445,4.8060102,2.0797462,2.6910477,8.63657,6.63657,68.19,68.19,68.19,68.19,67.21571,3.577299,0.0,0.0,0.0,1.0,1.014495,0.27235314,-0.014495015,0.0,0.053221174,4649.8765,4.2368565,0.0,1.0,-0.014495015144348145,43.468445,43.468445,43.468445,50.93660141006978,53.05531235340143,58.75902164453877,weekend_promo,3473.366974509595,3617.841878908015,4006.7778293957413,47.733,3425.6339728006105,3570.1088771990308,3959.044827686757,533.4108548861464,3425.6339728006105,10.0,66.4852523803711,2704.1890872456106
2024-01-07,store_1,item_14,33.11278521529946,70.38,1,0.0,1,6,1,1,0.49999999999999994,0.8660254037844387,-0.7818314824680299,0.6234898018587334,29.37397,22.0,16.0,16.0,26.779453,2.8980865,25.889727,4.2919965,25.373434,5.678595,0.88972664,1.4060192,7.37397,1.37397,70.38,70.38,70.38,70.38,68.8725,4.431632,0.0,0.0,0.0,1.0,1.0218883,0.340168,-0.021888256,0.0,0.06434545,4953.344,4.268018,0.0,1.0,-0.021888256072998047,25.373434,25.373434,25.373434,29.155550283929625,33.11278521529946,34.039944768647935,weekend_promo,2051.9675489048564,2330.4777325057953,2395.731219323941,49.266,2002.7015500645243,2281.2117336654633,2346.465220483609,343.7636704190845,2002.7015500645243,10.0,91.49399642944336,1785.1598720204315
2024-01-07,store_1,item_15,27.580003611914822,56.62,1,0.0,1,6,1,1,0.49999999999999994,0.8660254037844387,-0.7818314824680299,0.6234898018587334,25.87442,18.0,11.0,18.0,23.959917,3.074845,23.337101,4.8642116,22.311409,4.250933,0.6228161,1.6485081,7.87442,0.87442017,56.62,56.62,56.62,56.62,56.62,0.0,0.0,0.0,0.0,1.0,1.0,0.0,0.0,0.0,0.0,3205.8242,4.0538697,0.0,1.0,0.0,22.311409,22.311409,22.311409,23.835223880033826,27.580003611914822,28.805218766400877,weekend_promo,1349.5503506287496,1561.5797750479953,1630.9514557863247,39.634,1309.9163517579,1521.9457761771457,1591.317456915475,281.4011051575751,1309.9163517579,10.0,73.6059986114502,1246.037108017076
2024-01-07,store_1,item_16,38.76767042015809,43.08,1,0.0,1,6,1,1,0.49999999999999994,0.8660254037844387,-0.7818314824680299,0.6234898018587334,35.470173,35.0,22.0,26.0,35.186707,1.8851918,34.521923,4.560431,32.368107,4.7555633,0.6647835,2.8185997,0.47017288,-12.529827,43.08,43.08,43.08,43.08,42.772144,1.6290274,0.0,0.0,0.0,1.0,1.0071976,0.1889823,-0.0071976185,0.0,0.038086176,1855.8866,3.7860062,0.0,1.0,-0.00719761848449707,32.368107,32.368107,32.368107,36.56535843370711,38.76767042015809,45.205435132840314,weekend_promo,1575.2357082772733,1670.111312686135,1947.4502282963847,30.156,1545.0797081399442,1639.955312548806,1917.2942281590556,372.21452001911143,1545.0797081399442,10.0,56.0040023803711,1379.121854775008
2024-01-07,store_1,item_17,20.361938154692144,62.32,1,0.0,1,6,1,1,0.49999999999999994,0.8660254037844387,-0.7818314824680299,0.6234898018587334,18.297024,13.0,15.0,13.0,18.447779,2.653187,17.581032,3.5968199,18.183372,4.483296,0.8667469,0.2644062,5.297024,7.297024,62.32,62.32,62.32,62.32,60.985,3.9245307,0.0,0.0,0.0,1.0,1.0218906,0.34016773,-0.02189064,0.0,0.06435239,3883.7825,4.1482015,0.0,1.0,-0.021890640258789062,18.183372,18.183372,18.183372,17.166162519153648,20.361938154692144,25.733451913380865,weekend_promo,1069.7952429549582,1268.955979586444,1603.7087153886691,43.624,1026.1712424056418,1225.3319790371277,1560.0847148393527,533.9134724337109,1026.1712424056418,10.0,81.01599960327148,1099.5851615666734
2024-01-07,store_1,item_18,48.976405505235896,71.7,1,0.0,1,6,1,1,0.49999999999999994,0.8660254037844387,-0.7818314824680299,0.6234898018587334,46.64106,30.0,50.0,32.0,43.394413,6.6992617,44.054348,7.936316,41.74146,7.2367883,-0.659935,1.6529541,16.64106,36.64106,71.7,71.7,71.7,71.7,71.18785,2.7100046,0.0,0.0,0.0,1.0,1.0071943,0.18898338,-0.0071942806,0.0,0.038068358,5140.8896,4.286341,0.0,1.0,-0.0071942806243896484,41.74146,41.74146,41.74146,44.79481652569656,48.976405505235896,54.3617687604598,weekend_promo,3211.7882081895123,3511.6081252612857,3897.7386542260156,50.19,3161.5982095628033,3461.4181266345768,3847.5486555993066,685.9504460365033,3161.5982095628033,10.0,93.20999603271484,2946.5911799029486
2024-01-07,store_1,item_19,15.739334574057484,40.82,1,0.0,1,6,1,1,0.49999999999999994,0.8660254037844387,-0.7818314824680299,0.6234898018587334,15.084328,15.0,10.0,14.0,15.797396,1.1566737,15.470126,3.215156,14.37792,2.9604974,0.32726955,1.4194756,0.0843277,-4.9156723,40.82,40.82,40.82,40.82,40.82,0.0,0.0,0.0,0.0,1.0,1.0,0.0,0.0,0.0,0.0,1666.2723,3.7333746,0.0,1.0,0.0,14.37792,14.37792,14.37792,12.428701256347276,15.739334574057484,20.87854556089819,weekend_promo,507.3395814911572,642.4796325097627,852.2622234242376,28.574,478.76558208625,613.9056331048555,823.6882240193304,344.9226419330804,478.76558208625,10.0,36.737999725341794,582.5361603183487
2024-01-07,store_1,item_2,48.802286401333426,38.55,1,0.0,1,6,1,1,0.49999999999999994,0.8660254037844387,-0.7818314824680299,0.6234898018587334,46.0968,35.0,36.0,35.0,43.840637,4.830215,42.20603,5.82506,40.638733,6.9889226,1.6346054,3.2019043,11.096802,12.096802,38.55,38.55,38.55,38.55,38.274643,1.4570528,0.0,0.0,0.0,1.0,1.0071943,0.18898156,-0.0071942806,0.0,0.038068358,1486.1024,3.6775656,0.0,1.0,-0.0071942806243896484,40.638733,40.638733,40.638733,47.45274591260375,48.802286401333426,56.682227893622596,weekend_promo,1829.3033187273027,1881.3281035382138,2185.099842054043,26.984999,1802.3183200242997,1854.3431048352109,2158.1148433510402,355.7965233267405,1802.3183200242997,10.0,50.114999008178714,1448.807759964844
2024-01-07,store_1,item_20,70.1017507513663,12.2,1,0.0,1,6,1,1,0.49999999999999994,0.8660254037844387,-0.7818314824680299,0.6234898018587334,63.58097,62.0,43.0,37.0,60.10319,3.4412365,54.33731,7.54577,50.882942,10.543992,5.7658806,9.220249,1.5809708,-17.41903,12.2,12.2,15.24,12.2,14.3714285,1.3985329,0.0,0.0,-0.19947505,0.99999994,0.8489065,-1.5526465,0.15109348,0.0,0.09731341,148.84,2.580217,1.0,2.0,0.1510934829711914,50.882942,50.882942,50.882942,60.26518263861358,70.1017507513663,68.66364745933514,weekend_promo,735.2352166964143,855.241345795821,837.6964859073373,8.54,726.6952167345613,846.7013458339679,829.1564859454843,102.46126921092298,726.6952167345613,10.0,14.944999766349794,878.4378267211671
2024-01-07,store_1,item_21,52.123003218190384,27.45,1,0.0,1,6,1,1,0.49999999999999994,0.8660254037844387,-0.7818314824680299,0.6234898018587334,46.97798,31.0,37.0,38.0,43.287167,6.054312,45.21501,9.538656,42.821793,9.491939,-1.927845,0.465374,15.977982,21.977982,27.45,27.45,27.45,27.45,26.665714,1.9563528,0.0,0.0,0.0,0.99999994,1.0294117,0.40089196,-0.029411674,0.0,0.073365845,753.50256,3.348148,0.0,1.0,-0.029411673545837402,42.821793,42.821793,42.821793,46.29974311247086,52.123003218190384,56.799626249233576,weekend_promo,1270.9279837612257,1430.7764781060216,1559.1497838761375,19.215,1251.7129836086378,1411.5614779534337,1539.9347837235496,288.22180011491173,1251.7129836086378,10.0,35.68500099182129,1051.093244159128
2024-01-07,store_1,item_22,25.358422602881777,47.59,1,0.0,1,6,1,1,0.49999999999999994,0.8660254037844387,-0.7818314824680299,0.6234898018587334,22.775679,17.0,16.0,16.0,22.120157,2.7289696,21.202936,4.2234726,21.172897,4.7047253,0.91722107,0.9472599,5.7756786,4.7756786,47.59,47.59,47.59,47.59,46.91,2.4967654,0.0,0.0,0.0,1.0,1.0144958,0.2723524,-0.01449585,0.0,0.053224586,2264.808,3.8834178,0.0,1.0,-0.014495849609375,21.172897,21.172897,21.172897,22.270306611197643,25.358422602881777,28.84124164387278,weekend_promo,1059.843895025075,1206.807335540532,1372.5546942327298,33.313,1026.5308952997332,1173.4943358151902,1339.241694507388,312.7107992076549,1026.5308952997332,10.0,61.86700019836426,1019.9554160799293
2024-01-07,store_1,item_23,13.559527215330784,46.82,1,0.0,1,6,1,1,0.49999999999999994,0.8660254037844387,-0.7818314824680299,0.6234898018587334,12.765918,10.0,9.0,12.0,12.888694,1.5941536,12.087204,2.8239353,12.150744,3.4755235,0.80148983,0.7379494,2.7659178,1.7659178,46.82,46.82,46.82,46.82,46.485714,1.7688738,0.0,0.0,0.0,1.0,1.0071912,0.18898214,-0.007191181,0.0,0.03805199,2192.1123,3.867444,0.0,1.0,-0.007191181182861328,12.150744,12.150744,12.150744,9.25804414926629,13.559527215330784,18.723600616292174,weekend_promo,433.46162424331686,634.857060083748,876.6389751408101,32.774,400.6876259828188,602.08306182325,843.864976880312,443.1773508974932,400.6876259828188,10.0,60.86599960327148,587.5828099070152
2024-01-07,store_1,item_24,48.469680941004434,19.06,1,0.0,1,6,1,1,0.49999999999999994,0.8660254037844387,-0.7818314824680299,0.6234898018587334,46.081207,31.0,30.0,33.0,43.035744,6.113869,42.875015,9.639928,40.580364,8.464207,0.16072845,2.4553795,15.081207,14.081207,19.06,19.06,19.06,19.06,18.923927,0.7200222,0.0,0.0,0.0,0.9999999,1.0071903,0.18898302,-0.0071903467,0.0,0.03804824,363.28357,2.9987278,0.0,1.0,-0.007190346717834473,40.580364,40.580364,40.580364,44.98606661263565,48.469680941004434,56.631312815413445,weekend_promo,857.434405611684,923.8320928499422,1079.3927920173962,13.341999,844.092406557729,910.4900937959871,1066.0507929634412,221.9583864057122,844.092406557729,10.0,24.7779993057251,778.8285518425331
2024-01-07,store_1,item_25,46.27857005724791,89.21,1,0.0,1,6,1,1,0.49999999999999994,0.8660254037844387,-0.7818314824680299,0.6234898018587334,41.10934,33.0,48.0,27.0,40.544704,4.2568464,39.915207,6.137531,39.064747,6.788634,0.6294975,1.4799576,8.109341,23.10934,89.21,89.21,89.21,89.21,87.29857,5.6190705,0.0,0.0,0.0,1.0,1.0218953,0.34016836,-0.02189529,0.0,0.064366125,7958.424,4.50214,0.0,1.0,-0.021895289421081543,39.064747,39.064747,39.064747,42.08345998051265,46.27857005724791,50.8577416053822,weekend_promo,3754.265426332975,4128.51119243779,4537.019082054493,62.447,3691.8184277367836,4066.0641938415984,4474.572083458302,782.753655721518,3691.8184277367836,10.0,115.97299880981446,3490.8260104615533
2024-01-07,store_1,item_26,44.74723963902702,47.67,1,0.0,1,6,1,1,0.49999999999999994,0.8660254037844387,-0.7818314824680299,0.6234898018587334,43.63465,31.0,28.0,26.0,41.898537,5.4110746,40.092125,6.485431,38.474632,6.868502,1.8064117,3.4239044,12.634651,9.634651,47.67,47.67,47.67,47.67,47.67,0.0,0.0,0.0,0.0,1.0,1.0,0.0,0.0,0.0,0.0,2272.4287,3.8850627,0.0,1.0,0.0,38.474632,38.474632,38.474632,41.687842819587814,44.74723963902702,49.40870600375994,weekend_promo,1987.2593908770311,2133.1008316577754,2355.3129247291936,33.369,1953.89039139583,2099.7318321765742,2321.9439252479924,368.05353385216245,1953.89039139583,10.0,61.97099761962891,1832.9460600947814
2024-01-07,store_1,item_27,51.95598384737403,67.62,1,0.0,1,6,1,1,0.49999999999999994,0.8660254037844387,-0.7818314824680299,0.6234898018587334,46.84547,34.0,38.0,46.0,43.434082,5.2204013,43.359898,6.070237,41.60852,6.4767976,0.07418442,1.8255615,12.84547,16.84547,67.62,67.62,54.1,67.62,66.17143,4.258401,0.0,0.0,0.24990766,1.0,1.0218911,0.34016758,-0.021891117,0.0,0.06435407,4572.465,4.2285843,0.0,1.0,-0.021891117095947266,41.60852,41.60852,41.60852,47.11010279317099,51.95598384737403,55.40887186677807,weekend_promo,3185.5852802659842,3513.2637704608032,3746.748067816545,47.334,3138.251280632195,3465.929770827014,3699.4140681827557,561.1627875505606,3138.251280632195,10.0,87.90600357055665,2581.62874005036
2024-01-01,store_1,item_1,55.133332488631964,19.17,0,0.0,1,0,1,0,0.49999999999999994,0.8660254037844387,0.0,1.0,42.0,47.0,68.0,40.0,47.857143,8.112307,49.214287,8.911346,46.82143,10.607661,-1.3571434,1.0357132,-5.0,16.0,21.3,21.3,21.3,21.3,20.995714,1.1172496,-0.09999996,-0.09999996,-0.09999996,0.9,0.9130434,-1.6341134,0.08695662,0.0,0.053213216,367.4889,3.0041964,0.0,0.0,0.0,46.82143,46.82143,46.82143,50.68488368909306,55.133332488631964,63.45308132038056,discount_10,971.6292241868638,1056.9059880134141,1216.3955737527813,13.419,958.2102245149277,1043.486988341478,1202.9765740808452,244.7663495659175,958.2102245149277,10.0,27.689999008178713,960.5376904331911
2024-01-01,store_1,item_10,26.417508262784033,18.531,0,0.0,1,0,1,0,0.49999999999999994,0.8660254037844387,0.0,1.0,21.0,36.0,24.0,27.0,25.0,8.1034975,24.642857,6.1595097,23.071428,5.496993,0.3571434,1.9285717,-15.0,-27.0,20.59,16.47,20.59,20.001429,20.442858,0.77860695,-0.099999994,0.12513666,-0.099999994,0.92648375,0.90647787,-2.4554818,0.09352213,-0.22513665,0.038086988,343.39798,2.972003,1.0,1.0,0.0,23.071428,23.071428,23.071428,21.83908149194832,26.417508262784033,32.58454167784486,discount_10,404.7000221264358,489.5428492455436,603.8241463069489,12.9717,391.72832241177514,476.57114953088296,590.8524465922883,199.12412418051315,391.72832241177514,10.0,26.767000198364258,480.8890615945379
2024-01-01,store_1,item_11,40.85818977804322,46.98,1,0.0,1,0,1,0,0.49999999999999994,0.8660254037844387,0.0,1.0,30.0,22.0,27.0,20.0,28.285715,7.825477,27.142857,7.047718,26.535715,7.3256636,1.1428585,1.75,8.0,13.0,52.2,65.25,65.25,61.521427,63.385715,4.6503453,-0.100000024,-0.28,-0.28,0.76363635,0.7411764,-3.5278482,0.25882357,0.17999998,0.07336582,2207.1204,3.8707843,0.0,2.0,0.25882357358932495,26.535715,26.535715,26.535715,36.93724964281124,40.85818977804322,45.66689248879366,discount_10,1735.311971310741,1919.5177370690753,2145.4305882188814,32.885998,1702.4259735385242,1886.6317392968585,2112.5445904466646,410.11861690814044,1702.4259735385242,10.0,63.945000934600834,1990.7141957281833
2024-01-01,store_1,item_12,26.300883824102044,54.792,0,0.0,1,0,1,0,0.49999999999999994,0.8660254037844387,0.0,1.0,15.0,20.0,16.0,24.0,22.0,5.7445626,23.0,5.24771,21.821428,6.01882,-1.0,0.1785717,-5.0,-9.0,60.88,60.88,60.88,60.88,59.14,4.3403225,-0.10000002,-0.10000002,-0.10000002,0.9,0.9264795,-1.0017686,0.07352048,0.0,0.07339064,3002.1633,4.0216303,0.0,0.0,0.0,21.821428,21.821428,21.821428,19.694317284162246,26.300883824102044,33.50875163494017,discount_10,1079.0910290276806,1441.0780216743635,1836.0115134460061,38.3544,1040.736628392915,1402.723621039598,1797.6571128112405,756.9204844183255,1040.736628392915,10.0,79.14400138854981,1376.6699239758996
2024-01-01,store_1,item_13,46.74361095540599,61.371,0,0.0,1,0,1,0,0.49999999999999994,0.8660254037844387,0.0,1.0,40.0,40.0,44.0,38.0,42.285713,2.6276913,43.142857,3.3248978,42.0,4.9366355,-0.8571434,0.2857132,0.0,4.0,68.19,68.19,68.19,68.19,67.21571,3.577299,-0.10000005,-0.10000005,-0.10000005,0.8999999,0.9130454,-1.6338341,0.08695459,0.0,0.053221174,3766.3994,4.1331005,0.0,0.0,0.0,42.0,42.0,42.0,46.929620539948715,46.74361095540599,58.190258463112286,discount_10,2880.1176662517396,2868.702072339626,3571.194258020899,42.959698,2837.157968528351,2825.742374616237,3528.23456029751,691.0765917691592,2837.157968528351,10.0,66.4852523803711,2704.1890872456106
2024-01-01,store_1,item_14,27.332477166453724,63.342,0,0.0,1,0,1,0,0.49999999999999994,0.8660254037844387,0.0,1.0,22.0,24.0,20.0,22.0,25.857143,4.0999417,26.5,6.768138,24.642857,5.845,-0.6428566,1.2142868,-2.0,-6.0,70.38,70.38,70.38,68.369995,68.8725,4.431632,-0.09999998,-0.09999998,-0.09999998,0.926459,0.9196995,-1.2479595,0.08030051,0.0,0.06434545,4012.2087,4.1642127,0.0,1.0,0.0,24.642857,24.642857,24.642857,23.458146406741683,27.332477166453724,35.099705545251226,discount_10,1485.8858875033714,1731.2937428197606,2223.285515441405,44.339397,1441.5464900729514,1686.9543453893407,2178.946118010985,737.3996279380337,1441.5464900729514,10.0,91.49399642944336,1785.1598720204315
2024-01-01,store_1,item_15,27.110138106959027,50.958,0,0.0,1,0,1,0,0.49999999999999994,0.8660254037844387,0.0,1.0,18.0,24.0,22.0,21.0,23.714285,4.5355735,22.285715,4.905704,21.142857,4.6723323,1.4285698,2.5714283,-6.0,-8.0,56.62,56.62,56.62,56.62,56.62,0.0,-0.09999998,-0.09999998,-0.09999998,0.90000004,0.90000004,-5.661999e+06,0.099999964,0.0,0.0,2596.7178,3.9504356,0.0,0.0,0.0,21.142857,21.142857,21.142857,20.984817371477693,27.110138106959027,34.03290205476769,discount_10,1069.344327458195,1381.4784226184327,1734.2486291384623,35.6706,1033.6737265670818,1345.8078217273194,1698.578028247349,664.9043016802673,1033.6737265670818,10.0,73.6059986114502,1246.037108017076
2024-01-01,store_1,item_16,39.90164846760839,38.772,0,0.0,1,0,1,0,0.49999999999999994,0.8660254037844387,0.0,1.0,35.0,30.0,34.0,31.0,35.714287,3.6384194,32.57143,5.774137,30.892857,4.9765325,3.1428566,4.82143,5.0,9.0,43.08,43.08,43.08,41.84857,42.772144,1.6290274,-0.10000005,-0.10000005,-0.10000005,0.9264832,0.9064778,-2.4555404,0.09352219,0.0,0.038086176,1503.268,3.6831632,0.0,1.0,0.0,30.892857,30.892857,30.892857,33.30762760650117,39.90164846760839,45.52323447960075,discount_10,1291.4033162134326,1547.0666888143774,1765.0268180686442,27.1404,1264.2629162805713,1519.926288881516,1737.8864181357828,473.62350185521154,1264.2629162805713,10.0,56.0040023803711,1379.121854775008
2024-01-01,store_1,item_17,24.663960611222862,56.088,0,0.0,1,0,1,0,0.49999999999999994,0.8660254037844387,0.0,1.0,13.0,18.0,17.0,17.0,16.428572,4.5773773,18.571428,5.6393437,17.392857,4.954155,-2.1428566,-0.9642849,-5.0,-6.0,62.32,62.32,62.32,62.32,60.985,3.9245307,-0.09999998,-0.09999998,-0.09999998,0.90000004,0.9197016,-1.247792,0.080298424,0.0,0.06435239,3145.8638,4.044594,0.0,0.0,0.0,17.392857,17.392857,17.392857,15.483367795754468,24.663960611222862,27.527684203521286,discount_10,868.431152301387,1383.352253622326,1543.9727860503103,39.2616,829.1695518070022,1344.0906531279413,1504.7111855559256,675.5416337489233,829.1695518070022,10.0,81.01599960327148,1099.5851615666734
2024-01-01,store_1,item_18,46.358190874876435,64.53,0,0.0,1,0,1,0,0.49999999999999994,0.8660254037844387,0.0,1.0,30.0,42.0,37.0,35.0,41.857143,10.605479,42.0,8.575457,39.642857,7.4147716,-0.1428566,2.2142868,-12.0,-17.0,71.7,71.7,71.7,71.7,71.18785,2.7100046,-0.09999998,-0.09999998,-0.09999998,0.90000004,0.9064749,-2.456767,0.09352511,0.0,0.038068358,4164.1206,4.182508,0.0,0.0,0.0,39.642857,39.642857,39.642857,43.285970486851255,46.358190874876435,54.75261123304422,discount_10,2793.243622677192,2991.494000566188,3533.18593603166,45.170998,2748.072625057563,2946.323002946559,3488.014938412031,739.9423133544678,2748.072625057563,10.0,93.20999603271484,2946.5911799029486
2024-01-01,store_1,item_19,19.234425034142294,36.738,0,0.0,1,0,1,0,0.49999999999999994,0.8660254037844387,0.0,1.0,15.0,13.0,13.0,10.0,15.857142,3.9761193,14.571428,3.4799268,13.714286,3.2869792,1.2857141,2.1428566,2.0,2.0,40.82,40.82,40.82,40.82,40.82,0.0,-0.10000002,-0.10000002,-0.10000002,0.9,0.9,-4.0820008e+06,0.100000024,0.0,0.0,1349.6805,3.6306674,0.0,0.0,0.0,13.714286,13.714286,13.714286,14.045748760315721,19.234425034142294,23.13961137916762,discount_10,516.0127033826429,706.6342869467253,850.1030188382534,25.716599,490.29610487190075,680.9176884359831,824.3864203275112,334.0903154556105,490.29610487190075,10.0,36.737999725341794,582.5361603183487
2024-01-01,store_1,item_2,46.39519881262241,34.695,0,0.0,1,0,1,0,0.49999999999999994,0.8660254037844387,0.0,1.0,35.0,42.0,40.0,33.0,40.42857,6.7541876,39.92857,5.6359324,39.464287,7.4658837,0.5,0.964283,-7.0,-9.0,38.55,38.55,38.55,38.55,37.999287,2.022065,-0.09999999,-0.09999999,-0.09999999,0.90000004,0.91304344,-1.6341144,0.08695656,0.0,0.053213235,1203.743,3.5750105,0.0,0.0,0.0,39.464287,39.464287,39.464287,42.59800490972113,46.39519881262241,54.900107324646584,discount_10,1477.9377673428953,1609.6814086452434,1904.75920687443,24.286499,1453.6512683194578,1585.394909621806,1880.4727078509925,426.8214395315347,1453.6512683194578,10.0,50.114999008178714,1448.807759964844
2024-01-01,store_1,item_20,73.6178351586971,10.98,1,0.0,1,0,1,0,0.49999999999999994,0.8660254037844387,0.0,1.0,62.0,45.0,47.0,45.0,51.285713,7.0878835,51.214287,11.715726,48.07143,9.626078,0.07142639,3.214283,17.0,19.0,12.2,15.24,15.24,14.805714,14.914286,0.95751,-0.10000002,-0.27952757,-0.27952757,0.7416055,0.7362068,-4.1088676,0.26379317,0.17952755,0.064200856,120.56039,2.4832385,0.0,1.0,0.2637931704521179,48.07143,48.07143,48.07143,72.30146155807107,73.6178351586971,77.46906771679315,discount_10,793.8700148106378,808.3237963429236,850.6103280678639,7.6859994,786.1840154171747,800.6377969494605,842.9243286744007,56.740313257226035,786.1840154171747,10.0,14.944999766349794,878.4378267211671
2024-01-01,store_1,item_21,50.17248111787406,24.705,0,0.0,1,0,1,0,0.49999999999999994,0.8660254037844387,0.0,1.0,31.0,38.0,42.0,39.0,46.285713,13.31308,43.07143,10.21661,41.214287,9.769026,3.214283,5.0714264,-7.0,-3.0,27.45,27.45,27.45,25.88143,26.665714,1.9563528,-0.100000024,-0.100000024,-0.100000024,0.9545453,0.9264705,-1.002229,0.07352948,0.0,0.073365845,610.33704,3.2466855,0.0,2.0,0.0,41.214287,41.214287,41.214287,44.8251551911676,50.17248111787406,54.36594507066487,discount_10,1107.4054555779078,1239.511142189222,1343.1106688229831,17.293499,1090.1119565849879,1222.217643196302,1325.8171698300632,235.70521324507536,1090.1119565849879,10.0,35.68500099182129,1051.093244159128
2024-01-01,store_1,item_22,26.565856843299976,42.831,0,0.0,1,0,1,0,0.49999999999999994,0.8660254037844387,0.0,1.0,17.0,13.0,18.0,18.0,20.428572,5.287001,19.857143,4.8810015,20.892857,4.9765325,0.5714283,-0.4642849,4.0,9.0,47.59,47.59,47.59,47.59,46.23,3.3924363,-0.09999998,-0.09999998,-0.09999998,0.90000004,0.92647636,-1.001934,0.07352364,0.0,0.07338171,1834.4946,3.7803414,0.0,0.0,0.0,20.892857,20.892857,20.892857,17.78316282923713,26.565856843299976,31.04872620538284,discount_10,761.6706699324161,1137.842248505857,1329.8480318990935,29.9817,731.6889690351993,1107.8605476086402,1299.8663310018767,568.1773619666774,731.6889690351993,10.0,61.86700019836426,1019.9554160799293
2024-01-01,store_1,item_23,16.398312827600563,42.138,0,0.0,1,0,1,0,0.49999999999999994,0.8660254037844387,0.0,1.0,10.0,6.0,16.0,13.0,11.428572,3.5523298,11.285714,4.027379,11.785714,3.499811,0.14285755,-0.35714245,4.0,14.0,46.82,46.82,46.82,46.82,46.485714,1.7688738,-0.09999999,-0.09999999,-0.09999999,0.90000004,0.906472,-2.457898,0.09352797,0.0,0.03805199,1775.6111,3.7644043,0.0,0.0,0.0,11.785714,11.785714,11.785714,13.201744428529139,16.398312827600563,19.63117930767836,discount_10,556.2951131755251,690.9921139364212,827.2186432524875,29.4966,526.7985139781374,661.4955147390335,797.7220440550998,270.9235300769624,526.7985139781374,10.0,60.86599960327148,587.5828099070152
2024-01-01,store_1,item_24,45.04731562167208,17.154,0,0.0,1,0,1,0,0.49999999999999994,0.8660254037844387,0.0,1.0,31.0,44.0,35.0,38.0,42.857143,12.64158,40.642857,10.3819895,39.25,8.461788,2.2142868,3.6071434,-13.0,-22.0,19.06,19.06,19.06,18.515715,18.923927,0.7200222,-0.1,-0.1,-0.1,0.92645615,0.9064713,-2.458154,0.09352869,0.0,0.03804824,294.2597,2.898891,0.0,1.0,0.0,39.25,39.25,39.25,42.56803946198864,45.04731562167208,53.99330590853248,discount_10,730.2121203513368,772.7416219299934,926.2011333045776,12.007799,718.2043212027772,760.7338227814338,914.1933341560181,195.98901295324083,718.2043212027772,10.0,24.7779993057251,778.8285518425331
2024-01-01,store_1,item_25,42.25404823239278,80.289,0,0.0,1,0,1,0,0.49999999999999994,0.8660254037844387,0.0,1.0,33.0,39.0,31.0,27.0,37.142857,7.1514235,38.92857,7.5392747,37.17857,7.3436975,-1.7857132,-0.035713196,-6.0,-14.0,89.21,89.21,89.21,89.21,87.29857,5.6190705,-0.09999997,-0.09999997,-0.09999997,0.90000004,0.9197058,-1.24746,0.08029419,0.0,0.064366125,6446.3237,4.3980107,0.0,0.0,0.0,37.17857,37.17857,37.17857,38.542606598788815,42.25404823239278,49.998393410587376,discount_10,3094.5473976690514,3392.5353404261627,4014.321081782484,56.2023,3038.345096643661,3336.333039400772,3958.118780757093,919.7736841134324,3038.345096643661,10.0,115.97299880981446,3490.8260104615533
2024-01-01,store_1,item_26,46.5275813810562,42.903,0,0.0,1,0,1,0,0.49999999999999994,0.8660254037844387,0.0,1.0,31.0,40.0,36.0,53.0,38.714287,6.725927,38.42857,6.767732,37.67857,7.0398526,0.285717,1.035717,-9.0,-13.0,47.67,47.67,38.14,47.67,47.32964,1.8010005,-0.09999997,-0.09999997,0.12488203,0.90000004,0.90647215,-2.4578767,0.09352785,0.0,0.038052276,1840.6674,3.7819827,0.0,0.0,0.0,37.67857,37.67857,37.67857,39.83636984833756,46.5275813810562,51.96156007261339,discount_10,1709.0997707403883,1996.1728183118178,2229.3068054523683,30.032099,1679.0676719702467,1966.1407195416762,2199.2747066822267,520.20703471198,1679.0676719702467,10.0,61.97099761962891,1832.9460600947814
2024-01-01,store_1,item_27,46.5720553580669,60.858,0,0.0,1,0,1,0,0.49999999999999994,0.8660254037844387,0.0,1.0,34.0,38.0,39.0,41.0,42.714287,7.867958,40.92857,7.5392747,40.07143,6.6939917,1.785717,2.6428566,-4.0,-3.0,67.62,67.62,67.62,65.688576,66.17143,4.258401,-0.10000001,-0.10000001,-0.10000001,0.9264625,0.91970205,-1.2477523,0.08029795,0.0,0.06435407,3703.6963,4.1248417,0.0,1.0,0.0,40.07143,40.07143,40.07143,43.91269062523312,46.5720553580669,54.92763432766681,discount_10,2672.4386011165393,2834.28222457215,3342.7860637836156,42.6006,2629.8379999202502,2791.681623375861,3300.1854625873266,670.3474626670763,2629.8379999202502,10.0,87.90600357055665,2581.62874005036
2024-01-02,store_1,item_1,59.48157947967883,19.17,0,0.0,1,1,1,0,0.49999999999999994,0.8660254037844387,0.7818314824680298,0.6234898018587336,55.13333,51.0,49.0,48.0,49.019047,8.54025,48.29524,7.3519444,47.361904,10.6327305,0.7238083,1.6571426,4.1333313,2.1333313,19.17,21.3,21.3,20.995714,20.919641,1.1671629,0.0,-0.09999996,-0.09999996,0.9130434,0.9163636,-1.4990538,0.0836364,0.09999996,0.05579268,367.4889,3.0041964,0.0,0.0,0.0,47.361904,47.361904,47.361904,58.03927467675134,59.48157947967883,68.16334174902666,discount_10,1112.6128999813684,1140.2618831635275,1306.6912665292912,13.419,1099.1939003094324,1126.8428834915915,1293.2722668573551,194.07836654792277,1099.1939003094324,10.0,27.689999008178713,960.5376904331911
2024-01-02,store_1,item_10,33.60735154182363,18.531,0,0.0,1,1,1,0,0.49999999999999994,0.8660254037844387,0.7818314824680298,0.6234898018587336,26.41751,29.0,28.0,22.0,23.631073,6.6067085,24.815536,6.173971,23.050625,5.4826584,-1.1844635,0.58044815,-2.582491,-3.582491,18.531,20.59,20.59,20.295856,20.369322,0.8574362,0.0,-0.099999994,-0.099999994,0.91304344,0.9097504,-2.1439724,0.0902496,0.099999994,0.042094484,343.39798,2.972003,0.0,0.0,0.0,23.050625,23.050625,23.050625,25.388181370808475,33.60735154182363,38.05156278817287,discount_10,470.468392468988,622.7778360368011,705.1335152532184,12.9717,457.49669275432734,609.8061363221404,692.1618155385578,234.66512278423045,457.49669275432734,10.0,26.767000198364258,480.8890615945379
2024-01-02,store_1,item_11,47.401928265336274,46.98,1,0.0,1,1,1,0,0.49999999999999994,0.8660254037844387,0.7818314824680298,0.6234898018587336,40.85819,26.0,27.0,35.0,30.979742,8.516465,28.132729,7.942517,27.28065,7.6879992,2.8470135,3.6990929,14.858189,15.858189,46.98,65.25,52.2,58.91143,62.733215,5.569909,0.0,-0.28,-0.100000024,0.7974683,0.7488856,-2.8282712,0.25111443,0.28,0.08878724,2207.1204,3.8707843,0.0,3.0,0.2511144280433655,27.28065,27.28065,27.28065,44.179420182959944,47.401928265336274,51.69863291828081,discount_10,2075.549139971725,2226.9425682066176,2428.8017508350763,32.885998,2042.663142199508,2194.056570434401,2395.9157530628595,353.2526108633515,2042.663142199508,10.0,63.945000934600834,1990.7141957281833
2024-01-02,store_1,item_12,27.17461874787865,54.792,0,0.0,1,1,1,0,0.49999999999999994,0.8660254037844387,0.7818314824680298,0.6234898018587336,26.300884,26.0,25.0,37.0,22.900126,5.871201,23.735777,4.901465,21.903603,6.065193,-0.8356514,0.9965229,0.30088425,-0.69911575,54.792,60.88,48.7,60.01029,58.922573,4.4019804,0.0,-0.10000002,0.12509239,0.91304344,0.92989826,-0.9383441,0.07010174,0.10000002,0.07470788,3002.1633,4.0216303,0.0,0.0,0.0,21.903603,21.903603,21.903603,23.592962032441925,27.17461874787865,34.751444273270124,discount_10,1292.7055713615575,1488.9517054579458,1904.1011282578372,38.3544,1254.351170726792,1450.5973048231801,1865.7467276230716,611.3955568962797,1254.351170726792,10.0,79.14400138854981,1376.6699239758996
2024-01-02,store_1,item_13,54.94514132143181,61.371,0,0.0,1,1,1,0,0.49999999999999994,0.8660254037844387,0.7818314824680298,0.6234898018587336,46.74361,43.0,43.0,48.0,43.24909,2.8746104,43.33883,3.4575152,42.31227,4.9507627,-0.08974075,0.93681717,3.7436104,3.7436104,61.371,68.19,68.19,67.21586,66.97218,3.73706,0.0,-0.10000005,-0.10000005,0.91304344,0.9163655,-1.4988208,0.083634496,0.10000005,0.055800185,3766.3994,4.1331005,0.0,0.0,0.0,42.31227,42.31227,42.31227,50.48795788383358,54.94514132143181,63.058628248143336,discount_10,3098.49638162793,3372.038179167582,3869.970972223784,42.959698,3055.5366839045414,3329.078481444193,3827.0112745003953,771.4745905958539,3055.5366839045414,10.0,66.4852523803711,2704.1890872456106
2024-01-02,store_1,item_14,30.611414481464244,63.342,0,0.0,1,1,1,0,0.49999999999999994,0.8660254037844387,0.7818314824680298,0.6234898018587336,27.332478,24.0,28.0,29.0,26.333212,4.0414166,27.023748,6.5050435,24.833303,5.8425717,-0.6905365,1.4999084,3.3324776,7.3324776,63.342,70.38,70.38,67.36457,68.62114,4.5412006,0.0,-0.09999998,-0.09999998,0.9402865,0.9230683,-1.1624986,0.076931715,0.09999998,0.06617787,4012.2087,4.1642127,0.0,1.0,0.0,24.833303,24.833303,24.833303,27.16982281189948,30.611414481464244,39.22987259736175,discount_10,1720.990890847464,1938.988187125135,2484.898552948866,44.339397,1676.651493417044,1894.648789694715,2440.559155518446,763.9076621014019,1676.651493417044,10.0,91.49399642944336,1785.1598720204315
2024-01-02,store_1,item_15,28.040238962579302,50.958,0,0.0,1,1,1,0,0.49999999999999994,0.8660254037844387,0.7818314824680298,0.6234898018587336,27.110138,25.0,25.0,20.0,24.15859,4.7169356,22.650724,5.070164,21.361076,4.8061814,1.5078659,2.797514,2.110138,2.110138,50.958,56.62,56.62,55.811142,56.417786,1.0700172,0.0,-0.09999998,-0.09999998,0.9130435,0.90322584,-5.1025167,0.09677416,0.09999998,0.018965956,2596.7178,3.9504356,0.0,0.0,0.0,21.361076,21.361076,21.361076,24.49002239245153,28.040238962579302,34.8061593678787,discount_10,1247.962565558802,1428.8745021894372,1773.652275441561,35.6706,1212.2919646676887,1393.203901298324,1737.9816745504477,525.689709882759,1212.2919646676887,10.0,73.6059986114502,1246.037108017076
2024-01-02,store_1,item_16,41.65284348948052,38.772,0,0.0,1,1,1,0,0.49999999999999994,0.8660254037844387,0.7818314824680298,0.6234898018587336,39.90165,35.0,28.0,29.0,37.128807,2.8954973,32.992973,6.0930734,31.210773,5.2598953,4.1358337,5.9180336,4.9016495,-2.0983505,38.772,43.08,43.08,41.233143,42.618286,1.793964,0.0,-0.10000005,-0.10000005,0.94031155,0.90975034,-2.1440144,0.09024966,0.10000005,0.04209376,1503.268,3.6831632,0.0,1.0,0.0,31.210773,31.210773,31.210773,37.200840936026665,41.65284348948052,48.8201348224279,discount_10,1442.350980930755,1614.9640210801167,1892.8542360478568,27.1404,1415.2105809978937,1587.8236211472554,1865.7138361149955,450.50325511710184,1415.2105809978937,10.0,56.0040023803711,1379.121854775008
2024-01-02,store_1,item_17,22.894093121489163,56.088,0,0.0,1,1,1,0,0.49999999999999994,0.8660254037844387,0.7818314824680298,0.6234898018587336,24.663961,19.0,25.0,22.0,17.380566,5.5486107,19.118855,5.843357,17.66657,5.1398783,-1.7382889,-0.28600502,5.6639614,11.663961,56.088,62.32,62.32,61.429714,60.76243,4.0215335,0.0,-0.09999998,-0.09999998,0.9130435,0.92307043,-1.1623491,0.07692957,0.09999998,0.06618454,3145.8638,4.044594,0.0,0.0,0.0,17.66657,17.66657,17.66657,17.676931144179697,22.894093121489163,28.51430045260524,discount_10,991.4637361324931,1284.0839236436475,1599.3101194634057,39.2616,952.2021356381083,1244.8223231492627,1560.048518969021,607.8463833309127,952.2021356381083,10.0,81.01599960327148,1099.5851615666734
2024-01-02,store_1,item_18,50.93524871370534,64.53,0,0.0,1,1,1,0,0.49999999999999994,0.8660254037844387,0.7818314824680298,0.6234898018587336,46.358192,48.0,48.0,39.0,42.47974,10.742306,42.66844,8.520286,40.048508,7.461905,-0.18870163,2.4312325,-1.6418076,-1.6418076,64.53,71.7,71.7,70.67571,70.931786,2.9846528,0.0,-0.09999998,-0.09999998,0.9130435,0.9097473,-2.144901,0.0902527,0.09999998,0.04207779,4164.1206,4.182508,0.0,0.0,0.0,40.048508,40.048508,40.048508,48.25778677423922,50.93524871370534,61.841354391219966,discount_10,3114.074921633226,3286.8515373185883,3990.62252337549,45.170998,3068.903924013597,3241.6805396989594,3945.451525755861,876.5476017422639,3068.903924013597,10.0,93.20999603271484,2946.5911799029486
2024-01-02,store_1,item_19,18.958583205235357,36.738,0,0.0,1,1,1,0,0.49999999999999994,0.8660254037844387,0.7818314824680298,0.6234898018587336,19.234425,18.0,17.0,19.0,16.747774,3.9274108,15.016745,3.6577256,14.044086,3.3628955,1.7310295,2.7036877,1.2344246,0.23442459,36.738,40.82,40.82,40.23686,40.674213,0.7714256,0.0,-0.10000002,-0.10000002,0.91304344,0.9032258,-5.1025133,0.09677422,0.10000002,0.018965963,1349.6805,3.6306674,0.0,0.0,0.0,14.044086,14.044086,14.044086,13.237235614550473,18.958583205235357,25.091914097552618,discount_10,486.3095482724306,696.5004101225551,921.8267140805768,25.716599,460.59294976168843,670.7838116118129,896.1101155698346,435.5171658081462,460.59294976168843,10.0,36.737999725341794,582.5361603183487
2024-01-02,store_1,item_2,50.04179103132529,34.695,0,0.0,1,1,1,0,0.49999999999999994,0.8660254037844387,0.7818314824680298,0.6234898018587336,46.3952,46.0,46.0,41.0,41.056458,7.119057,40.385372,5.8953657,39.942684,7.4654922,0.67108536,1.1137733,0.39519882,0.39519882,34.695,38.55,38.55,37.999287,37.861607,2.112401,0.0,-0.09999999,-0.09999999,0.91304344,0.91636366,-1.499055,0.08363634,0.09999999,0.055792693,1203.743,3.5750105,0.0,0.0,0.0,39.942684,39.942684,39.942684,46.9277120914214,50.04179103132529,61.5455056180345,discount_10,1628.1569566906642,1736.1999245602883,2135.3212986355093,24.286499,1603.8704576672267,1711.9134255368508,2111.0347996120718,507.1643419448451,1603.8704576672267,10.0,50.114999008178714,1448.807759964844
2024-01-02,store_1,item_20,88.0262667726918,10.98,1,0.0,1,1,1,0,0.49999999999999994,0.8660254037844387,0.7818314824680298,0.6234898018587336,73.617836,49.0,52.0,48.0,55.373978,10.357323,53.11556,13.061712,49.093494,10.742427,2.258419,6.2804832,24.617836,27.617836,10.98,15.24,15.24,14.197143,14.762142,1.2092035,0.0,-0.27952757,-0.27952757,0.773395,0.7437944,-3.1277943,0.25620562,0.27952757,0.08191246,120.56039,2.4832385,0.0,2.0,0.25620561838150024,49.093494,49.093494,49.093494,81.33525817426359,88.0262667726918,87.60977654790483,discount_10,893.0610975210877,966.5283688689289,961.955306391422,7.6859994,885.3750981276246,958.8423694754657,954.2693069979589,68.8942088703343,885.3750981276246,10.0,14.944999766349794,878.4378267211671
2024-01-02,store_1,item_21,52.29579863998693,24.705,0,0.0,1,1,1,0,0.49999999999999994,0.8660254037844387,0.7818314824680298,0.6234898018587336,50.17248,47.0,47.0,39.0,48.02464,12.836896,43.655178,10.382807,41.613304,9.902493,4.369461,6.411335,3.1724815,3.1724815,24.705,27.45,27.45,25.489286,26.567678,1.9841757,0.0,-0.100000024,-0.100000024,0.96923065,0.92988926,-0.9387665,0.07011074,0.100000024,0.074683815,610.33704,3.2466855,0.0,2.0,0.0,41.613304,41.613304,41.613304,50.313133626961374,52.29579863998693,62.158769760782434,discount_10,1242.9859624154933,1291.9677014110243,1535.6324021977923,17.293499,1225.6924634225734,1274.6742024181044,1518.3389032048724,292.646439782299,1225.6924634225734,10.0,35.68500099182129,1051.093244159128
2024-01-02,store_1,item_22,25.131709738614077,42.831,0,0.0,1,1,1,0,0.49999999999999994,0.8660254037844387,0.7818314824680298,0.6234898018587336,26.565857,26.0,16.0,24.0,22.36655,4.544347,20.46899,5.159242,21.19878,5.054783,1.8975601,1.1677704,0.56585693,-9.434143,42.831,47.59,38.07,46.910145,46.060036,3.4406478,0.0,-0.09999998,0.12505914,0.91304344,0.9298951,-0.9384958,0.0701049,0.09999998,0.0746992,1834.4946,3.7803414,0.0,0.0,0.0,21.19878,21.19878,21.19878,22.027652005527088,25.131709738614077,32.8144160487228,discount_10,943.4663912824155,1076.416292026854,1405.4742958423394,29.9817,913.4846903851987,1046.4345911296373,1375.4925949451226,462.0079045599239,913.4846903851987,10.0,61.86700019836426,1019.9554160799293
2024-01-02,store_1,item_23,16.197648205880515,42.138,0,0.0,1,1,1,0,0.49999999999999994,0.8660254037844387,0.7818314824680298,0.6234898018587336,16.398314,16.0,16.0,10.0,12.914044,3.0412939,11.314165,4.0644803,11.907083,3.6009433,1.5998793,1.0069618,0.39831352,0.39831352,42.138,46.82,46.82,46.151142,46.3185,1.948301,0.0,-0.09999999,-0.09999999,0.9130435,0.9097445,-2.1457148,0.0902555,0.09999999,0.04206313,1775.6111,3.7644043,0.0,0.0,0.0,11.907083,11.907083,11.907083,11.818126591304337,16.197648205880515,20.87734168528821,discount_10,497.99222407495176,682.536508008401,879.7294341286891,29.4966,468.49562487756407,653.0399088110133,850.2328349313015,381.7372100537374,468.49562487756407,10.0,60.86599960327148,587.5828099070152
2024-01-02,store_1,item_24,48.323305445097574,17.154,0,0.0,1,1,1,0,0.49999999999999994,0.8660254037844387,0.7818314824680298,0.6234898018587336,45.047318,68.0,48.0,44.0,43.00676,12.663538,41.360523,10.308925,39.50169,8.5277815,1.6462364,3.5050697,-22.952682,-42.952682,17.154,15.25,19.06,18.243427,18.855856,0.79307306,0.0,0.124852404,-0.1,0.9402837,0.9097438,-2.1458986,0.090256214,-0.124852404,0.04205977,294.2597,2.898891,1.0,1.0,0.0,39.50169,39.50169,39.50169,45.82875910211838,48.323305445097574,51.623992429604584,discount_10,786.1465028689186,828.9379491615783,885.5579314777741,12.007799,774.138703720359,816.9301500130188,873.5501323292145,99.41142860885554,774.138703720359,10.0,24.7779993057251,778.8285518425331
2024-01-02,store_1,item_25,48.63804777680842,80.289,0,0.0,1,1,1,0,0.49999999999999994,0.8660254037844387,0.7818314824680298,0.6234898018587336,42.254047,42.0,48.0,37.0,37.60772,7.3939137,39.732433,7.22218,37.72336,7.123134,-2.124714,-0.11563873,0.2540474,6.2540474,80.289,89.21,89.21,87.93557,86.979965,5.757877,0.0,-0.09999997,-0.09999997,0.9130435,0.92307466,-1.1620538,0.07692534,0.09999997,0.06619774,6446.3237,4.3980107,0.0,0.0,0.0,37.72336,37.72336,37.72336,45.79414590950635,48.63804777680842,57.640354947456885,discount_10,3676.7662480096237,3905.1002891993116,4627.886542810479,56.2023,3620.563946984233,3848.897988173921,4571.6842417850885,951.1202948008554,3620.563946984233,10.0,115.97299880981446,3490.8260104615533
2024-01-02,store_1,item_26,51.00110070457395,42.903,0,0.0,1,1,1,0,0.49999999999999994,0.8660254037844387,0.7818314824680298,0.6234898018587336,46.52758,41.0,45.0,34.0,39.646797,7.3568115,39.180542,7.055866,37.447414,6.6113534,0.4662552,2.1993828,5.5275803,9.52758,42.903,47.67,47.67,46.989,47.49975,0.900878,0.0,-0.09999997,-0.09999997,0.9130435,0.90322584,-5.1025147,0.09677416,0.09999997,0.018965954,1840.6674,3.7819827,0.0,0.0,0.0,37.447414,37.447414,37.447414,45.19307605454279,51.00110070457395,58.43628352178377,discount_10,1938.9185364513166,2188.100217302616,2507.0918648017537,30.032099,1908.886437681175,2158.0681185324743,2477.059766031612,568.173328350437,1908.886437681175,10.0,61.97099761962891,1832.9460600947814
2024-01-02,store_1,item_27,53.12513841399606,60.858,0,0.0,1,1,1,0,0.49999999999999994,0.8660254037844387,0.7818314824680298,0.6234898018587336,46.572056,44.0,48.0,43.0,43.938866,7.6766887,41.469433,7.660903,40.27043,6.8045306,2.4694328,3.6684341,2.5720558,6.572056,60.858,67.62,67.62,64.72257,65.92993,4.3636484,0.0,-0.10000001,-0.10000001,0.9402902,0.9230709,-1.1623138,0.07692909,0.10000001,0.06618615,3703.6963,4.1248417,0.0,1.0,0.0,40.27043,40.27043,40.27043,48.83315409259203,53.12513841399606,61.009196766787014,discount_10,2971.888175222063,3233.089764389004,3712.897801096888,42.6006,2929.287574025774,3190.489163192715,3670.297199900599,741.0096258748249,2929.287574025774,10.0,87.90600357055665,2581.62874005036
2024-01-03,store_1,item_1,60.876400156509455,19.17,0,0.0,1,2,1,0,0.49999999999999994,0.8660254037844387,0.9749279121818236,-0.22252093395631434,59.48158,58.0,58.0,55.0,50.2307,9.424073,49.043922,7.939455,47.77196,10.876844,1.186779,2.4587402,1.4815788,1.4815788,19.17,21.3,21.3,20.691427,20.84357,1.2100782,0.0,-0.09999996,-0.09999996,0.9264706,0.91970795,-1.3830258,0.080292046,0.09999996,0.058055222,367.4889,3.0041964,0.0,0.0,0.0,47.77196,47.77196,47.77196,60.76328986617379,60.876400156509455,76.16696796503703,discount_10,1164.8322713704226,1167.000595644787,1460.1207817008383,13.419,1151.4132716984866,1153.581595972851,1446.7017820289022,295.28851033041565,1151.4132716984866,10.0,27.689999008178713,960.5376904331911
2024-01-03,store_1,item_10,34.386761621342814,18.531,0,0.0,1,2,1,0,0.49999999999999994,0.8660254037844387,0.9749279121818236,-0.22252093395631434,33.607353,30.0,31.0,21.0,24.289267,7.4112506,25.21606,6.5658927,23.465174,5.828209,-0.92679405,0.82409286,3.6073532,4.607353,18.531,20.59,20.59,20.001715,20.295786,0.9235526,0.0,-0.099999994,-0.099999994,0.92647046,0.9130466,-1.9108645,0.0869534,0.099999994,0.045504645,343.39798,2.972003,0.0,0.0,0.0,23.465174,23.465174,23.465174,25.81834763706616,34.386761621342814,40.523276025096266,discount_10,478.43980360808354,637.2210843274067,750.9368335860839,12.9717,465.4681038934229,624.2493846127461,737.9651338714233,272.4970299780004,465.4681038934229,10.0,26.767000198364258,480.8890615945379
2024-01-03,store_1,item_11,48.98324727801364,46.98,1,0.0,1,2,1,0,0.49999999999999994,0.8660254037844387,0.9749279121818236,-0.22252093395631434,47.401928,25.0,39.0,28.0,34.03716,10.121239,29.590008,9.447727,27.723576,8.466991,4.447151,6.3135834,22.401928,36.401928,46.98,65.25,65.25,56.30143,62.546787,6.005821,0.0,-0.28,-0.28,0.8344371,0.7511177,-2.5919495,0.2488823,0.28,0.09602126,2207.1204,3.8707843,0.0,4.0,0.24888229370117188,27.723576,27.723576,27.723576,46.506180553915954,48.98324727801364,52.44361188194694,discount_10,2184.8603411341314,2301.2329346983297,2463.800862207087,32.885998,2151.9743433619146,2268.346936926113,2430.91486443487,278.94052107295556,2151.9743433619146,10.0,63.945000934600834,1990.7141957281833
2024-01-03,store_1,item_12,32.51307595796622,54.792,0,0.0,1,2,1,0,0.49999999999999994,0.8660254037844387,0.9749279121818236,-0.22252093395631434,27.17462,30.0,28.0,17.0,23.067928,5.9901443,23.891108,4.978463,21.552696,5.40806,-0.82317924,1.5152321,-2.8253803,-4.8253803,54.792,60.88,60.88,59.14057,59.140144,4.011215,0.0,-0.10000002,-0.10000002,0.9264706,0.92647725,-1.0839965,0.07352275,0.10000002,0.06782559,3002.1633,4.0216303,0.0,0.0,0.0,21.552696,21.552696,21.552696,23.998305471929854,32.51307595796622,36.312471062295785,discount_10,1314.9151490237596,1781.4564519355633,1989.6329077962987,38.3544,1276.560748388994,1743.1020513007977,1951.278507161533,674.7177587725391,1276.560748388994,10.0,79.14400138854981,1376.6699239758996
2024-01-03,store_1,item_13,57.97109035989217,61.371,0,0.0,1,2,1,0,0.49999999999999994,0.8660254037844387,0.9749279121818236,-0.22252093395631434,54.94514,44.0,45.0,46.0,44.955536,5.2588367,44.192055,4.639356,42.560314,5.39989,0.76348114,2.3952217,10.945141,11.945141,61.371,68.19,68.19,66.241714,66.728645,3.874423,0.0,-0.10000005,-0.10000005,0.9264706,0.9197099,-1.3828241,0.08029008,0.10000005,0.058062367,3766.3994,4.1331005,0.0,0.0,0.0,42.560314,42.560314,42.560314,52.592177439775575,57.97109035989217,65.55980792879205,discount_10,3227.634436592215,3557.743692712667,4023.4708663593897,42.959698,3184.6747388688264,3514.783994989278,3980.511168636001,795.8364297671746,3184.6747388688264,10.0,66.4852523803711,2704.1890872456106
2024-01-03,store_1,item_14,35.392155739783675,63.342,0,0.0,1,2,1,0,0.49999999999999994,0.8660254037844387,0.9749279121818236,-0.22252093395631434,30.611414,34.0,29.0,30.0,27.277699,4.175585,27.210278,6.5722833,24.890854,5.8928547,0.06742096,2.3868446,-3.388586,-8.388586,63.342,70.38,70.38,66.35914,68.36978,4.63407,0.0,-0.09999998,-0.09999998,0.95453316,0.92646194,-1.0849602,0.073538065,0.09999998,0.067779504,4012.2087,4.1642127,0.0,1.0,0.0,24.890854,24.890854,24.890854,28.889489391014333,35.392155739783675,42.33060949090474,discount_10,1829.918009674875,2241.8098953868084,2681.30542632623,44.339397,1785.5786122444551,2197.4704979563885,2636.9660288958103,851.3874166513551,1785.5786122444551,10.0,91.49399642944336,1785.1598720204315
2024-01-03,store_1,item_15,34.19866807222697,50.958,0,0.0,1,2,1,0,0.49999999999999994,0.8660254037844387,0.9749279121818236,-0.22252093395631434,28.04024,29.0,24.0,28.0,24.59291,4.941924,22.867884,5.2407637,21.648228,4.959589,1.7250271,2.944683,-0.95976067,-5.9597607,50.958,56.62,56.62,55.002285,56.21557,1.4849457,0.0,-0.09999998,-0.09999998,0.9264706,0.9064749,-3.5405774,0.09352511,0.09999998,0.026415203,2596.7178,3.9504356,0.0,0.0,0.0,21.648228,21.648228,21.648228,24.752484912323986,34.19866807222697,38.19215417473987,discount_10,1261.337130694521,1742.6957338865052,1946.1957994295865,35.6706,1225.6665298034077,1707.025132995392,1910.5251985384732,684.8586687350655,1225.6665298034077,10.0,73.6059986114502,1246.037108017076
2024-01-03,store_1,item_16,45.40597378457272,38.772,0,0.0,1,2,1,0,0.49999999999999994,0.8660254037844387,0.9749279121818236,-0.22252093395631434,41.652843,37.0,36.0,34.0,38.079212,3.160053,33.968178,6.3207917,31.66266,5.5957227,4.1110344,6.4165516,4.6528435,3.6528435,38.772,43.08,43.08,40.617714,42.46443,1.9323007,0.0,-0.10000005,-0.10000005,0.95455885,0.9130465,-1.9108986,0.08695352,0.10000005,0.04550398,1503.268,3.6831632,0.0,1.0,0.0,31.66266,31.66266,31.66266,42.4115446798713,45.40597378457272,52.226131611381945,discount_10,1644.3803831477198,1760.4803864761661,2024.9115413663847,27.1404,1617.2399832148585,1733.3399865433048,1997.7711414335233,380.5311582186648,1617.2399832148585,10.0,56.0040023803711,1379.121854775008
2024-01-03,store_1,item_17,23.118873074113953,56.088,0,0.0,1,2,1,0,0.49999999999999994,0.8660254037844387,0.9749279121818236,-0.22252093395631434,22.894093,25.0,32.0,18.0,17.936865,5.920763,18.968431,5.705803,17.698502,5.1704836,-1.0315666,0.23836327,-2.1059074,4.8940926,56.088,62.32,62.32,60.53943,60.539856,4.103751,0.0,-0.09999998,-0.09999998,0.9264706,0.9264641,-1.0848254,0.07353592,0.09999998,0.06778594,3145.8638,4.044594,0.0,0.0,0.0,17.698502,17.698502,17.698502,17.7797773288648,23.118873074113953,30.743853801357307,discount_10,997.2321730677944,1296.691381907716,1724.3613104778751,39.2616,957.9705725734096,1257.4297814133313,1685.0997099834904,727.1291374100807,957.9705725734096,10.0,81.01599960327148,1099.5851615666734
2024-01-03,store_1,item_18,51.22685787737986,64.53,0,0.0,1,2,1,0,0.49999999999999994,0.8660254037844387,0.9749279121818236,-0.22252093395631434,50.93525,59.0,47.0,43.0,42.899063,11.046676,42.8781,8.695877,40.474766,7.7356677,0.020961761,2.4242973,-8.064751,-20.06475,64.53,71.7,71.7,69.65143,70.67571,3.2149923,0.0,-0.09999998,-0.09999998,0.9264706,0.9130435,-1.9115791,0.0869565,0.09999998,0.045489352,4164.1206,4.182508,0.0,0.0,0.0,40.474766,40.474766,40.474766,50.933787089290185,51.22685787737986,64.4287288385537,discount_10,3286.7572186968628,3305.669076294537,4157.5857933035195,45.170998,3241.586221077234,3260.498078674908,4112.414795683891,870.8285746066567,3241.586221077234,10.0,93.20999603271484,2946.5911799029486
2024-01-03,store_1,item_19,19.3211712480543,36.738,0,0.0,1,2,1,0,0.49999999999999994,0.8660254037844387,0.9749279121818236,-0.22252093395631434,18.958584,16.0,14.0,11.0,16.884716,3.9944894,15.156644,3.7749908,14.042607,3.3606431,1.7280722,2.8421087,2.9585838,0.95858383,36.738,40.82,40.82,39.653713,40.528427,1.070567,0.0,-0.10000002,-0.10000002,0.9264706,0.9064748,-3.540577,0.09352517,0.10000002,0.026415212,1349.6805,3.6306674,0.0,0.0,0.0,14.042607,14.042607,14.042607,13.396144076547671,19.3211712480543,25.135519955123204,discount_10,492.14752718440064,709.8211692634168,923.4287060307597,25.716599,466.43092867365846,684.1045707526746,897.7121075200175,431.28117884635907,466.43092867365846,10.0,36.737999725341794,582.5361603183487
2024-01-03,store_1,item_2,51.62355730227984,34.695,0,0.0,1,2,1,0,0.49999999999999994,0.8660254037844387,0.9749279121818236,-0.22252093395631434,50.04179,46.0,42.0,42.0,41.633854,7.724957,40.674072,6.2780137,40.265606,7.7046423,0.95978165,1.368248,4.04179,0.04179001,34.695,38.55,38.55,37.44857,37.723927,2.1900718,0.0,-0.09999999,-0.09999999,0.92647064,0.9197081,-1.3830256,0.08029193,0.09999999,0.058055244,1203.743,3.5750105,0.0,0.0,0.0,40.265606,40.265606,40.265606,49.60779027463574,51.62355730227984,62.746388567781224,discount_10,1721.1422684393908,1791.0793048483397,2176.9859322104912,24.286499,1696.8557694159533,1766.7928058249022,2152.6994331870537,455.8436637711004,1696.8557694159533,10.0,50.114999008178714,1448.807759964844
2024-01-03,store_1,item_20,94.14687298432796,10.98,1,0.0,1,2,1,0,0.49999999999999994,0.8660254037844387,0.9749279121818236,-0.22252093395631434,88.02627,56.0,85.0,53.0,60.949158,15.554264,55.688866,16.035332,50.523003,13.014437,5.260292,10.426155,32.026268,61.026268,10.98,15.24,15.24,13.588572,14.61,1.3998255,0.0,-0.27952757,-0.27952757,0.80803186,0.75154,-2.5931787,0.24846,0.27952757,0.09581283,120.56039,2.4832385,0.0,3.0,0.24845999479293823,50.523003,50.523003,50.523003,89.73828082320053,94.14687298432796,95.03045711009912,discount_10,985.3262823598168,1033.7326222709028,1043.4343755673974,7.6859994,977.6402829663537,1026.0466228774396,1035.7483761739343,58.10809320758062,977.6402829663537,10.0,14.944999766349794,878.4378267211671
2024-01-03,store_1,item_21,52.943078690178545,24.705,0,0.0,1,2,1,0,0.49999999999999994,0.8660254037844387,0.9749279121818236,-0.22252093395631434,52.2958,73.0,43.0,43.0,48.78118,12.9222145,44.033447,10.6080675,42.088154,10.089553,4.747734,6.6930275,-20.7042,-50.7042,24.705,21.96,27.45,25.097143,26.469643,2.0066528,0.0,0.12500003,-0.100000024,0.9843749,0.9333333,-0.8793957,0.06666672,-0.12500003,0.07580959,610.33704,3.2466855,1.0,2.0,0.0,42.088154,42.088154,42.088154,50.204602027533916,52.943078690178545,54.88456896739189,discount_10,1240.3046892599182,1307.9587550016247,1355.9232721520564,17.293499,1223.0111902669983,1290.6652560087048,1338.6297731591364,115.61858289213819,1223.0111902669983,10.0,35.68500099182129,1051.093244159128
2024-01-03,store_1,item_22,27.01468165688842,42.831,0,0.0,1,2,1,0,0.49999999999999994,0.8660254037844387,0.9749279121818236,-0.22252093395631434,25.13171,27.0,22.0,25.0,22.24251,4.4392753,21.121254,5.127932,21.239199,5.08246,1.1212559,1.0033112,-1.86829,-6.86829,42.831,47.59,47.59,46.230286,46.230072,3.1352477,0.0,-0.09999998,-0.09999998,0.92647064,0.92647487,-1.0841471,0.07352513,0.09999998,0.06781836,1834.4946,3.7803414,0.0,0.0,0.0,21.239199,21.239199,21.239199,23.050835608566924,27.01468165688842,34.76359639235423,discount_10,987.2903694956683,1157.0658646719396,1488.9596416387562,29.9817,957.3086685984515,1127.0841637747228,1458.9779407415394,501.66927214308794,957.3086685984515,10.0,61.86700019836426,1019.9554160799293
2024-01-03,store_1,item_23,16.541810158839017,42.138,0,0.0,1,2,1,0,0.49999999999999994,0.8660254037844387,0.9749279121818236,-0.22252093395631434,16.197649,14.0,13.0,15.0,12.94228,3.0754447,11.328283,4.082312,12.1284275,3.6692092,1.6139965,0.8138523,2.197649,1.197649,42.138,46.82,46.82,45.482285,46.151287,2.0987725,0.0,-0.09999999,-0.09999999,0.92647064,0.91304064,-1.9122057,0.08695936,0.09999999,0.045475926,1775.6111,3.7644043,0.0,0.0,0.0,12.1284275,12.1284275,12.1284275,11.717881055695203,16.541810158839017,21.379340983416817,discount_10,493.7680776465061,697.0388045502142,900.8826807983492,29.4966,464.2714784491184,667.5422053528265,871.3860816009615,407.1146031518431,464.2714784491184,10.0,60.86599960327148,587.5828099070152
2024-01-03,store_1,item_24,53.106465843571605,17.154,0,0.0,1,2,1,0,0.49999999999999994,0.8660254037844387,0.9749279121818236,-0.22252093395631434,48.323307,45.0,49.0,48.0,40.195805,7.193567,41.383617,10.325292,39.656094,8.6505,-1.1878128,0.539711,3.323307,7.323307,17.154,19.06,19.06,18.515429,18.787785,0.8543343,0.0,-0.1,-0.1,0.92647046,0.9130399,-1.9123466,0.08696008,0.1,0.045472857,294.2597,2.898891,0.0,0.0,0.0,39.656094,39.656094,39.656094,49.64351610701602,53.106465843571605,61.44482336509256,discount_10,851.5848419697554,910.9882794256515,1054.0244587515595,12.007799,839.5770428211958,898.9804802770919,1042.0166596029999,202.43961678180403,839.5770428211958,10.0,24.7779993057251,778.8285518425331
2024-01-03,store_1,item_25,48.288161866945394,80.289,0,0.0,1,2,1,0,0.49999999999999994,0.8660254037844387,0.9749279121818236,-0.22252093395631434,48.638046,48.0,40.0,37.0,38.556015,8.407348,39.778008,7.280145,38.139004,7.4130116,-1.2219925,0.41701126,0.63804626,-7.3619537,80.289,89.21,89.21,86.66114,86.661354,5.8755255,0.0,-0.09999997,-0.09999997,0.92647064,0.9264684,-1.0845586,0.07353163,0.09999997,0.06779868,6446.3237,4.3980107,0.0,0.0,0.0,38.139004,38.139004,38.139004,47.86532779276239,48.288161866945394,59.75393939299093,discount_10,3843.059373268326,3877.008298869791,4797.5841274540335,56.2023,3786.8570722429354,3820.8059978444003,4741.381826428643,954.5247541857075,3786.8570722429354,10.0,115.97299880981446,3490.8260104615533
2024-01-03,store_1,item_26,49.39547160212114,42.903,0,0.0,1,2,1,0,0.49999999999999994,0.8660254037844387,0.9749279121818236,-0.22252093395631434,51.001102,50.0,47.0,44.0,41.075527,8.539479,39.60919,7.598053,38.054596,7.049205,1.4663353,3.0209312,1.0011024,-1.9988976,42.903,47.67,47.67,46.308,47.3295,1.250218,0.0,-0.09999997,-0.09999997,0.92647064,0.9064748,-3.5405784,0.09352517,0.09999997,0.026415197,1840.6674,3.7819827,0.0,0.0,0.0,38.054596,38.054596,38.054596,48.57551514661324,49.39547160212114,58.65420005531523,discount_10,2084.0353204055195,2119.2139121160826,2516.4411378132527,30.032099,2054.003221635378,2089.181813345941,2486.409039043111,432.40581740773314,2054.003221635378,10.0,61.97099761962891,1832.9460600947814
2024-01-03,store_1,item_27,52.778835249403684,60.858,0,0.0,1,2,1,0,0.49999999999999994,0.8660254037844387,0.9749279121818236,-0.22252093395631434,53.125137,53.0,48.0,42.0,45.242455,8.426919,41.835514,8.106472,40.632042,7.2118106,3.4069405,4.6104126,0.12513733,-4.8748627,60.858,67.62,67.62,63.756573,65.68843,4.4528546,0.0,-0.10000001,-0.10000001,0.9545369,0.92646456,-1.0847936,0.07353544,0.10000001,0.067787506,3703.6963,4.1248417,0.0,1.0,0.0,40.632042,40.632042,40.632042,50.80509101230773,52.778835249403684,61.807594464570485,discount_10,3091.8963156521304,3212.014445806414,3761.4866895530436,42.6006,3049.2957144558413,3169.413844610125,3718.8860883567545,669.5903739009132,3049.2957144558413,10.0,87.90600357055665,2581.62874005036
2024-01-04,store_1,item_1,57.10636377884985,19.17,0,0.0,1,3,1,0,0.49999999999999994,0.8660254037844387,0.43388373911755823,-0.900968867902419,60.8764,58.0,53.0,39.0,50.641617,9.871388,49.24938,8.221265,47.981834,11.076341,1.3922386,2.6597824,2.8764,-2.1236,19.17,21.3,21.3,20.387142,20.7675,1.2467185,0.0,-0.09999996,-0.09999996,0.94029844,0.92307687,-1.2813627,0.07692313,0.09999996,0.060032185,367.4889,3.0041964,0.0,0.0,0.0,47.981834,47.981834,47.981834,54.66896462638953,57.10636377884985,72.44823662162558,discount_10,1048.0040560587984,1094.7289979974214,1388.8327015639243,13.419,1034.5850563868623,1081.3099983254854,1375.4137018919882,340.8286455051259,1034.5850563868623,10.0,27.689999008178713,960.5376904331911
2024-01-04,store_1,item_10,32.93007477473564,18.531,0,0.0,1,3,1,0,0.49999999999999994,0.8660254037844387,0.43388373911755823,-0.900968867902419,34.38676,29.0,24.0,20.0,24.915945,8.125655,25.457973,6.8515625,23.943272,6.158223,-0.5420284,0.9726734,5.3867607,0.3867607,18.531,20.59,20.59,19.707571,20.22225,0.9795337,0.0,-0.099999994,-0.099999994,0.94029844,0.9163668,-1.7265849,0.083633184,0.099999994,0.048438407,343.39798,2.972003,0.0,0.0,0.0,23.943272,23.943272,23.943272,25.11308754912244,32.93007477473564,38.767314134387824,discount_10,465.37062882154567,610.2272201728837,718.3971035482211,12.9717,452.398929106885,597.255520458223,705.4254038335605,253.02647472667547,452.398929106885,10.0,26.767000198364258,480.8890615945379
2024-01-04,store_1,item_11,51.925958128288954,46.98,1,0.0,1,3,1,0,0.49999999999999994,0.8660254037844387,0.43388373911755823,-0.900968867902419,48.983246,45.0,26.0,27.0,37.463337,10.600166,30.303097,10.5276375,28.472977,9.372539,7.16024,8.99036,3.9832458,-15.016754,46.98,52.2,65.25,53.69143,61.894287,6.658282,0.0,-0.100000024,-0.28,0.875,0.7590361,-2.2399602,0.24096388,0.100000024,0.10757506,2207.1204,3.8707843,1.0,5.0,0.240963876247406,28.472977,28.472977,28.472977,49.003120811354975,51.925958128288954,58.66867656553517,discount_10,2302.166593285608,2439.481489097198,2756.2543981924537,32.885998,2269.2805955133913,2406.595491324981,2723.368400420237,454.0878049068456,2269.2805955133913,10.0,63.945000934600834,1990.7141957281833
2024-01-04,store_1,item_12,26.295328002426604,54.792,0,0.0,1,3,1,0,0.49999999999999994,0.8660254037844387,0.43388373911755823,-0.900968867902419,32.513077,27.0,27.0,20.0,23.426939,6.5261774,24.21347,5.393777,22.106735,5.7105494,-0.78653145,1.3202038,5.513077,5.513077,54.792,60.88,60.88,58.27086,58.922714,4.07786,0.0,-0.10000002,-0.10000002,0.9402985,0.92989606,-1.0129611,0.07010394,0.10000002,0.06920692,3002.1633,4.0216303,0.0,0.0,0.0,22.106735,22.106735,22.106735,23.48698335016643,26.295328002426604,35.777095500251654,discount_10,1286.898787421724,1440.77360709414,1960.2986100988069,38.3544,1248.5443867869583,1402.4192064593744,1921.9442094640413,673.399822677083,1248.5443867869583,10.0,79.14400138854981,1376.6699239758996
2024-01-04,store_1,item_13,52.283989684070946,61.371,0,0.0,1,3,1,0,0.49999999999999994,0.8660254037844387,0.43388373911755823,-0.900968867902419,57.971092,46.0,50.0,42.0,46.951405,7.147719,45.11856,5.9290576,42.98785,6.109587,1.8328438,3.9635544,11.971092,15.971092,61.371,68.19,68.19,65.26757,66.48511,3.9917011,0.0,-0.10000005,-0.10000005,0.9402985,0.9230789,-1.281185,0.076921105,0.10000005,0.060039025,3766.3994,4.1331005,0.0,0.0,0.0,42.98785,42.98785,42.98785,50.01667072453655,52.283989684070946,65.95951192150878,discount_10,3069.573018136987,3208.7206463353386,4048.0010994499135,42.959698,3026.613320413598,3165.76094861195,4005.041401726525,978.4280813129267,3026.613320413598,10.0,66.4852523803711,2704.1890872456106
2024-01-04,store_1,item_14,33.04245798999333,63.342,0,0.0,1,3,1,0,0.49999999999999994,0.8660254037844387,0.43388373911755823,-0.900968867902419,35.392155,28.0,39.0,25.0,27.476578,4.5641947,27.66686,6.919067,25.08343,6.1485634,-0.19028282,2.3931484,7.3921547,18.392155,63.342,70.38,70.38,65.353714,68.11842,4.7112274,0.0,-0.09999998,-0.09999998,0.9692181,0.92988056,-1.0138384,0.07011944,0.09999998,0.06916231,4012.2087,4.1642127,0.0,1.0,0.0,25.08343,25.08343,25.08343,25.708017634605394,33.04245798999333,40.25015665979752,discount_10,1628.3972286902354,2092.975342742508,2549.525385066438,44.339397,1584.0578312598154,2048.635945312088,2505.185987636018,921.1281563762027,1584.0578312598154,10.0,91.49399642944336,1785.1598720204315
2024-01-04,store_1,item_15,31.60550307904605,50.958,0,0.0,1,3,1,0,0.49999999999999994,0.8660254037844387,0.43388373911755823,-0.900968867902419,34.19867,29.0,26.0,21.0,25.335577,5.9933705,23.596361,6.0556927,21.869608,5.3745956,1.7392159,3.465969,5.1986694,2.1986694,50.958,56.62,56.62,54.193428,56.013355,1.783362,0.0,-0.09999998,-0.09999998,0.9402985,0.9097473,-2.8347313,0.0902527,0.09999998,0.031838156,2596.7178,3.9504356,0.0,0.0,0.0,21.869608,21.869608,21.869608,24.036310328900637,31.60550307904605,36.92208794803588,discount_10,1224.8423061412984,1610.553231689169,1881.4757644166486,35.6706,1189.1717052501851,1574.8826307980557,1845.8051635255354,656.6334582753502,1189.1717052501851,10.0,73.6059986114502,1246.037108017076
2024-01-04,store_1,item_16,39.5868950283511,38.772,0,0.0,1,3,1,0,0.49999999999999994,0.8660254037844387,0.43388373911755823,-0.900968867902419,45.405975,37.0,31.0,29.0,39.280067,4.129931,34.640034,7.0151305,32.070015,6.1589932,4.6400337,7.2100525,8.405975,2.4059753,38.772,43.08,43.08,40.002285,42.310574,2.049431,0.0,-0.10000005,-0.10000005,0.9692446,0.9163667,-1.7266121,0.0836333,0.10000005,0.0484378,1503.268,3.6831632,0.0,1.0,0.0,32.070015,32.070015,32.070015,37.91267235051158,39.5868950283511,48.67742179538459,discount_10,1469.950108076973,1534.8630686692095,1887.320966654794,27.1404,1442.8097081441117,1507.7226687363482,1860.1805667219326,417.37085857782085,1442.8097081441117,10.0,56.0040023803711,1379.121854775008
2024-01-04,store_1,item_17,20.273450728721226,56.088,0,0.0,1,3,1,0,0.49999999999999994,0.8660254037844387,0.43388373911755823,-0.900968867902419,23.118874,14.0,18.0,17.0,17.668133,5.5796123,18.334066,4.5149407,17.881319,5.2710567,-0.6659336,-0.21318626,9.118874,13.118874,56.088,62.32,62.32,59.649143,60.317287,4.1720586,0.0,-0.09999998,-0.09999998,0.9402985,0.9298827,-1.0137167,0.070117295,0.09999998,0.06916854,3145.8638,4.044594,0.0,0.0,0.0,17.881319,17.881319,17.881319,16.191368509285866,20.273450728721226,26.687539568274822,discount_10,908.1414972078011,1137.0973298390775,1496.8507526974001,39.2616,868.8798967134163,1097.8357293446927,1457.5891522030154,588.7092554895991,868.8798967134163,10.0,81.01599960327148,1099.5851615666734
2024-01-04,store_1,item_18,47.83156688408096,64.53,0,0.0,1,3,1,0,0.49999999999999994,0.8660254037844387,0.43388373911755823,-0.900968867902419,51.226856,48.0,43.0,38.0,41.788612,9.43093,43.18002,8.920474,40.76858,7.987278,-1.391407,1.020031,3.2268562,-1.7731438,64.53,71.7,71.7,68.627144,70.41964,3.4100144,0.0,-0.09999998,-0.09999998,0.9402985,0.91636366,-1.7271596,0.08363634,0.09999998,0.048424195,4164.1206,4.182508,0.0,0.0,0.0,40.76858,40.76858,40.76858,46.63706622565886,47.83156688408096,59.87212336354294,discount_10,3009.489826611754,3086.570952641601,3863.5480475633376,45.170998,2964.318828992125,3041.399955021972,3818.3770499437087,854.0582209515837,2964.318828992125,10.0,93.20999603271484,2946.5911799029486
2024-01-04,store_1,item_19,17.782247752182926,36.738,0,0.0,1,3,1,0,0.49999999999999994,0.8660254037844387,0.43388373911755823,-0.900968867902419,19.32117,20.0,14.0,16.0,17.359169,4.068446,15.536727,3.914865,14.339792,3.4483962,1.822442,3.0193768,-0.6788292,-6.678829,36.738,40.82,40.82,39.07057,40.38264,1.2857094,0.0,-0.10000002,-0.10000002,0.9402985,0.9097473,-2.8347301,0.0902527,0.10000002,0.03183817,1349.6805,3.6306674,0.0,0.0,0.0,14.339792,14.339792,14.339792,12.42041768315227,17.782247752182926,24.165807705507962,discount_10,456.3012919562518,653.2841994688778,887.8034184105661,25.716599,430.58469344550963,627.5676009581356,862.0868198998239,431.5021264543143,430.58469344550963,10.0,36.737999725341794,582.5361603183487
2024-01-04,store_1,item_2,47.76514630172138,34.695,0,0.0,1,3,1,0,0.49999999999999994,0.8660254037844387,0.43388373911755823,-0.900968867902419,51.623558,47.0,43.0,39.0,42.43722,8.507476,41.36147,6.9276085,40.609306,7.9940906,1.0757523,1.8279152,4.623558,0.62355804,34.695,38.55,38.55,36.897858,37.58625,2.2563856,0.0,-0.09999999,-0.09999999,0.9402985,0.9230769,-1.2813631,0.07692307,0.09999999,0.060032208,1203.743,3.5750105,0.0,0.0,0.0,40.609306,40.609306,40.609306,45.67788697035288,47.76514630172138,59.41828228134968,discount_10,1584.7942744966083,1657.2117363614575,2061.5172856184067,24.286499,1560.5077754731708,1632.92523733802,2037.2307865949692,476.72301112179844,1560.5077754731708,10.0,50.114999008178714,1448.807759964844
2024-01-04,store_1,item_20,81.84662346291861,10.98,1,0.0,1,3,1,0,0.49999999999999994,0.8660254037844387,0.43388373911755823,-0.900968867902419,94.14687,57.0,50.0,46.0,66.39871,19.669441,56.342213,17.445772,51.992535,15.407526,10.0564995,14.4061775,37.146873,30.146873,10.98,15.24,15.24,12.98,14.457857,1.5520438,0.0,-0.27952757,-0.27952757,0.84591675,0.7594486,-2.240823,0.24055141,0.27952757,0.1073495,120.56039,2.4832385,0.0,4.0,0.2405514121055603,51.992535,51.992535,51.992535,86.7140794908326,81.84662346291861,89.11181307742389,discount_10,952.1205531147865,898.6758881564355,978.4476667979635,7.6859994,944.4345537213234,890.9898887629723,970.7616674045004,26.327113683177004,944.4345537213234,10.0,14.944999766349794,878.4378267211671
2024-01-04,store_1,item_21,51.52753226516583,24.705,0,0.0,1,3,1,0,0.49999999999999994,0.8660254037844387,0.43388373911755823,-0.900968867902419,52.943077,44.0,42.0,43.0,45.91591,7.9078393,44.743668,10.863333,42.443264,10.295707,1.1722412,3.4726448,8.943077,6.943077,24.705,27.45,27.45,25.489286,26.371607,2.0239627,0.0,-0.100000024,-0.100000024,0.96923065,0.9368029,-0.82343715,0.06319708,0.100000024,0.07674779,610.33704,3.2466855,0.0,1.0,0.0,42.443264,42.443264,42.443264,48.210244421868445,51.52753226516583,59.63320269183738,discount_10,1191.0340847641103,1272.987680679683,1473.2382679521902,17.293499,1173.7405857711904,1255.6941816867632,1455.9447689592703,282.2041831880799,1173.7405857711904,10.0,35.68500099182129,1051.093244159128
2024-01-04,store_1,item_22,25.02583502583455,42.831,0,0.0,1,3,1,0,0.49999999999999994,0.8660254037844387,0.43388373911755823,-0.900968867902419,27.01468,24.0,21.0,25.0,22.244606,4.4419003,21.479446,5.3637533,21.311152,5.1514664,0.7651596,0.9334545,3.0146809,0.014680862,42.831,47.59,47.59,45.55043,46.06011,3.187356,0.0,-0.09999998,-0.09999998,0.9402985,0.9298936,-1.0130986,0.07010639,0.09999998,0.06919993,1834.4946,3.7803414,0.0,0.0,0.0,21.311152,21.311152,21.311152,21.346026792675854,25.02583502583455,31.82344940964977,discount_10,914.2717009171192,1071.8815720680905,1363.0302024540426,29.9817,884.2900000199024,1041.8998711708737,1333.0485015568258,448.7585015369234,884.2900000199024,10.0,61.86700019836426,1019.9554160799293
2024-01-04,store_1,item_23,14.986824191735664,42.138,0,0.0,1,3,1,0,0.49999999999999994,0.8660254037844387,0.43388373911755823,-0.900968867902419,16.541811,8.0,13.0,12.0,13.305396,3.3581998,11.581269,4.297931,12.183492,3.725044,1.7241268,1.1219044,8.541811,13.541811,42.138,46.82,46.82,44.813427,45.98407,2.2261677,0.0,-0.09999999,-0.09999999,0.94029856,0.91636086,-1.727663,0.083639145,0.09999999,0.048411716,1775.6111,3.7644043,0.0,0.0,0.0,12.183492,12.183492,12.183492,10.199152124586757,14.986824191735664,19.99709014863106,discount_10,429.7718772058915,631.5148051091427,842.6373944472198,29.4966,400.2752780085038,602.018205911755,813.1407952498321,412.8655172413283,400.2752780085038,10.0,60.86599960327148,587.5828099070152
2024-01-04,store_1,item_24,49.39675487165459,17.154,0,0.0,1,3,1,0,0.49999999999999994,0.8660254037844387,0.43388373911755823,-0.900968867902419,53.106464,45.0,42.0,38.0,41.35387,8.609118,41.676933,10.612629,39.838467,8.883613,-0.3230629,1.5154037,8.106464,5.1064644,17.154,19.06,19.06,18.243143,18.719713,0.9062001,0.0,-0.1,-0.1,0.9402984,0.9163601,-1.7277775,0.08363992,0.1,0.048408862,294.2597,2.898891,0.0,0.0,0.0,39.838467,39.838467,39.838467,45.79720515751452,49.39675487165459,58.44762881056754,discount_10,785.6052265243687,847.3518999040377,1002.6105853755138,12.007799,773.5974273758092,835.3441007554782,990.6027862269542,217.00535885114505,773.5974273758092,10.0,24.7779993057251,778.8285518425331
2024-01-04,store_1,item_25,47.822697051906545,80.289,0,0.0,1,3,1,0,0.49999999999999994,0.8660254037844387,0.43388373911755823,-0.900968867902419,48.288162,39.0,39.0,35.0,38.59718,8.461825,40.370018,7.6282544,38.542152,7.6518726,-1.7728386,0.055027008,9.288162,9.288162,80.289,89.21,89.21,85.38671,86.34275,5.9732666,0.0,-0.09999997,-0.09999997,0.94029856,0.929887,-1.0134736,0.070113,0.09999997,0.06918087,6446.3237,4.3980107,0.0,0.0,0.0,38.542152,38.542152,38.542152,44.423124649315156,47.822697051906545,54.346020639149884,discount_10,3566.688320041801,3839.6365936533034,4363.387730705133,56.2023,3510.4860190164104,3783.434292627913,4307.185429679743,796.6994106633324,3510.4860190164104,10.0,115.97299880981446,3490.8260104615533
2024-01-04,store_1,item_26,48.14423253229085,42.903,0,0.0,1,3,1,0,0.49999999999999994,0.8660254037844387,0.43388373911755823,-0.900968867902419,49.395473,42.0,44.0,38.0,40.989166,8.43662,39.780296,7.8015413,38.24729,7.2874646,1.2088699,2.7418747,7.3954735,9.3954735,42.903,47.67,47.67,45.627,47.15925,1.5014633,0.0,-0.09999997,-0.09999997,0.9402985,0.9097473,-2.8347318,0.0902527,0.09999997,0.031838153,1840.6674,3.7819827,0.0,0.0,0.0,38.24729,38.24729,38.24729,43.27454929512357,48.14423253229085,57.70312157276081,discount_10,1856.6079831261488,2065.532002455893,2475.6370177923186,30.032099,1826.5758843560072,2035.4999036857512,2445.604919022177,619.0290346661698,1826.5758843560072,10.0,61.97099761962891,1832.9460600947814
2024-01-04,store_1,item_27,50.769836896505815,60.858,0,0.0,1,3,1,0,0.49999999999999994,0.8660254037844387,0.43388373911755823,-0.900968867902419,52.778835,42.0,39.0,41.0,45.21086,8.393333,42.17686,8.4781065,41.017002,7.5664945,3.0340004,4.193859,10.778835,7.7788353,60.858,67.62,67.62,62.790573,65.44693,4.5269675,0.0,-0.10000001,-0.10000001,0.96922195,0.92988324,-1.0136868,0.07011676,0.10000001,0.06917005,3703.6963,4.1248417,0.0,1.0,0.0,41.017002,41.017002,41.017002,46.17256311224576,50.769836896505815,58.24648714048723,discount_10,2809.9699247932413,3089.750820612409,3544.7648139381085,42.6006,2767.369323596952,3047.15021941612,3502.1642127418195,734.7948891448673,2767.369323596952,10.0,87.90600357055665,2581.62874005036
2024-01-05,store_1,item_1,56.31553119194682,19.17,0,0.0,1,4,1,0,0.49999999999999994,0.8660254037844387,-0.433883739117558,-0.9009688679024191,57.106365,41.0,44.0,43.0,50.513954,9.765576,49.54269,8.435822,48.628487,11.061074,0.9712639,1.8854675,16.106365,19.106365,19.17,21.3,21.3,20.082857,20.691427,1.2776238,0.0,-0.09999996,-0.09999996,0.9545454,0.9264706,-1.1908247,0.07352942,0.09999996,0.061746523,367.4889,3.0041964,0.0,0.0,0.0,48.628487,48.628487,48.628487,49.439601844110356,56.31553119194682,62.67970088334101,discount_10,947.7571711235378,1079.5687372461546,1201.569870715729,13.419,934.3381714516017,1066.1497375742185,1188.150871043793,253.81269959219117,934.3381714516017,10.0,27.689999008178713,960.5376904331911
2024-01-05,store_1,item_10,26.8418438222328,18.531,0,0.0,1,4,1,0,0.49999999999999994,0.8660254037844387,-0.433883739117558,-0.9009688679024191,32.930077,15.0,23.0,22.0,25.477385,8.5780525,26.095835,7.115969,24.40506,6.333867,-0.61845016,1.0723248,17.930077,25.930077,18.531,20.59,20.59,19.41343,20.148714,1.0270382,0.0,-0.099999994,-0.099999994,0.9545453,0.91971123,-1.5751239,0.08028877,0.099999994,0.050972886,343.39798,2.972003,0.0,0.0,0.0,24.40506,24.40506,24.40506,21.930139784997916,26.8418438222328,33.48872535768004,discount_10,406.38742336744275,497.40621155596233,620.5795742021454,12.9717,393.4157236527821,484.4345118413017,607.6078744874848,214.19215083470266,393.4157236527821,10.0,26.767000198364258,480.8890615945379
2024-01-05,store_1,item_11,48.694170989698485,46.98,1,0.0,1,4,1,0,0.49999999999999994,0.8660254037844387,-0.433883739117558,-0.9009688679024191,51.925957,23.0,24.0,25.0,38.45276,11.688274,32.154953,11.902893,29.36319,10.359258,6.297806,9.089569,28.925957,29.925957,46.98,65.25,65.25,52.945713,61.241787,7.1911397,0.0,-0.28,-0.28,0.887324,0.7671233,-1.9832441,0.23287672,0.28,0.117422104,2207.1204,3.8707843,0.0,5.0,0.232876718044281,29.36319,29.36319,29.36319,47.655916937717734,48.694170989698485,49.20042633735368,discount_10,2238.874955918832,2287.652130805612,2311.436006806708,32.885998,2205.988958146615,2254.7661330333954,2278.5500090344913,72.56105088787626,2205.988958146615,10.0,63.945000934600834,1990.7141957281833
2024-01-05,store_1,item_12,23.890376158486394,54.792,0,0.0,1,4,1,0,0.49999999999999994,0.8660254037844387,-0.433883739117558,-0.9009688679024191,26.295328,20.0,28.0,17.0,23.326273,6.4670434,24.163136,5.3690042,22.331568,5.7483354,-0.83686256,0.9947052,6.295328,14.295328,54.792,60.88,60.88,57.401142,58.705288,4.1315837,0.0,-0.10000002,-0.10000002,0.95454544,0.93334013,-0.947164,0.06665987,0.10000002,0.07037839,3002.1633,4.0216303,0.0,0.0,0.0,22.331568,22.331568,22.331568,20.29036585975083,23.890376158486394,31.243823670947553,discount_10,1111.7497224721903,1309.001486101328,1711.9115808576432,38.3544,1073.3953218374247,1270.6470854665624,1673.5571802228776,600.1618583854529,1073.3953218374247,10.0,79.14400138854981,1376.6699239758996
2024-01-05,store_1,item_13,49.6598685238963,61.371,0,0.0,1,4,1,0,0.49999999999999994,0.8660254037844387,-0.433883739117558,-0.9009688679024191,52.28399,44.0,41.0,34.0,47.849117,7.3985286,45.281704,6.102589,43.355137,6.352298,2.5674133,4.4939804,8.283989,5.283989,61.371,68.19,68.19,64.29343,66.24157,4.090622,0.0,-0.10000005,-0.10000005,0.95454544,0.9264726,-1.1906674,0.073527396,0.10000005,0.061753094,3766.3994,4.1331005,0.0,0.0,0.0,43.355137,43.355137,43.355137,45.78474365609332,49.6598685238963,57.45167760898283,discount_10,2809.85542886441,3047.675710858597,3525.866813616724,42.959698,2766.8957311410213,3004.7160131352084,3482.9071158933352,716.0113847523139,2766.8957311410213,10.0,66.4852523803711,2704.1890872456106
2024-01-05,store_1,item_14,27.067967996341725,63.342,0,0.0,1,4,1,0,0.49999999999999994,0.8660254037844387,-0.433883739117558,-0.9009688679024191,33.042458,23.0,38.0,21.0,28.19693,5.0342817,27.241322,6.3262405,25.37066,6.329705,0.95560837,2.8262691,10.042458,25.042458,63.342,70.38,70.38,64.34828,67.86707,4.773435,0.0,-0.09999998,-0.09999998,0.98436195,0.93332446,-0.94797,0.066675544,0.09999998,0.07033507,4012.2087,4.1642127,0.0,1.0,0.0,25.37066,25.37066,25.37066,24.306827087959984,27.067967996341725,35.73144618486381,discount_10,1539.643018410211,1714.5392032167638,2263.3012304380904,44.339397,1495.303620979791,1670.1998057863439,2218.9618330076705,723.6582120278795,1495.303620979791,10.0,91.49399642944336,1785.1598720204315
2024-01-05,store_1,item_15,24.272584589351077,50.958,0,0.0,1,4,1,0,0.49999999999999994,0.8660254037844387,-0.433883739117558,-0.9009688679024191,31.605503,23.0,20.0,13.0,25.707792,6.3303123,23.996754,6.4022403,22.248377,5.676279,1.7110386,3.4594154,8.605503,5.605503,50.958,56.62,56.62,53.38457,55.811142,2.0176437,0.0,-0.09999998,-0.09999998,0.95454544,0.9130435,-2.4053502,0.0869565,0.09999998,0.03615127,2596.7178,3.9504356,0.0,0.0,0.0,22.248377,22.248377,22.248377,21.443599922540898,24.272584589351077,31.914399311174733,discount_10,1092.7229687792794,1236.8823699485952,1626.293965942543,35.6706,1057.0523678881661,1201.211769057482,1590.6233650514298,533.5709971632637,1057.0523678881661,10.0,73.6059986114502,1246.037108017076
2024-01-05,store_1,item_16,40.254186154326334,38.772,0,0.0,1,4,1,0,0.49999999999999994,0.8660254037844387,-0.433883739117558,-0.9009688679024191,39.586895,34.0,34.0,25.0,39.649624,4.0057755,35.253384,7.0477033,32.44812,6.287176,4.39624,7.2015038,5.586895,5.586895,38.772,43.08,43.08,39.386856,42.156715,2.1488256,0.0,-0.10000005,-0.10000005,0.9843893,0.9197111,-1.5751462,0.08028889,0.10000005,0.05097232,1503.268,3.6831632,0.0,1.0,0.0,32.44812,32.44812,32.44812,34.795611354339876,40.254186154326334,46.53910287543984,discount_10,1349.095421131032,1560.735279777875,1804.4140668610785,27.1404,1321.9550211981707,1533.5948798450136,1777.2736669282172,455.31864573004646,1321.9550211981707,10.0,56.0040023803711,1379.121854775008
2024-01-05,store_1,item_17,18.52343655459655,56.088,0,0.0,1,4,1,0,0.49999999999999994,0.8660254037844387,-0.433883739117558,-0.9009688679024191,20.27345,14.0,16.0,11.0,18.56434,5.3929367,18.496456,4.5428,17.998228,5.2870626,0.067884445,0.5661125,6.273451,8.273451,56.088,62.32,62.32,58.758858,60.094715,4.2271295,0.0,-0.09999998,-0.09999998,0.95454544,0.93332666,-0.9478567,0.06667334,0.09999998,0.07034112,3145.8638,4.044594,0.0,0.0,0.0,17.998228,17.998228,17.998228,15.281947126523852,18.52343655459655,24.541834407856935,discount_10,857.1338695535584,1038.9425326511187,1376.502438975131,39.2616,817.8722690591736,999.6809321567339,1337.2408384807463,519.3685694215727,817.8722690591736,10.0,81.01599960327148,1099.5851615666734
2024-01-05,store_1,item_18,48.232954457547955,64.53,0,0.0,1,4,1,0,0.49999999999999994,0.8660254037844387,-0.433883739117558,-0.9009688679024191,47.831566,31.0,39.0,30.0,41.764553,9.412638,43.525135,9.006024,41.11971,8.076663,-1.760582,0.64484406,16.831566,24.831566,64.53,71.7,71.7,67.60285,70.16357,3.5755024,0.0,-0.09999998,-0.09999998,0.9545455,0.9197081,-1.5756013,0.08029193,0.09999998,0.05095953,4164.1206,4.182508,0.0,0.0,0.0,41.11971,41.11971,41.11971,42.40981010063353,48.232954457547955,53.81873397173725,discount_10,2736.704994024094,3112.4724922674513,3472.922837499508,45.170998,2691.533996404465,3067.3014946478224,3427.7518398798793,736.2178434754142,2691.533996404465,10.0,93.20999603271484,2946.5911799029486
2024-01-05,store_1,item_19,16.710550832071664,36.738,0,0.0,1,4,1,0,0.49999999999999994,0.8660254037844387,-0.433883739117558,-0.9009688679024191,17.782248,20.0,10.0,12.0,17.042347,3.9118602,15.806888,3.9311304,14.403444,3.4962919,1.2354593,2.6389027,-2.2177525,-12.217752,36.738,40.82,40.82,38.487427,40.23686,1.4546142,0.0,-0.10000002,-0.10000002,0.9545455,0.91304344,-2.4053507,0.08695656,0.10000002,0.036151286,1349.6805,3.6306674,0.0,0.0,0.0,14.403444,14.403444,14.403444,11.754637952171143,16.710550832071664,21.83806105363678,discount_10,431.8418768902786,613.9121991298205,802.286664329387,25.716599,406.12527837953644,588.1956006190783,776.5700658186448,370.4447874391084,406.12527837953644,10.0,36.737999725341794,582.5361603183487
2024-01-05,store_1,item_2,47.34525783587972,34.695,0,0.0,1,4,1,0,0.49999999999999994,0.8660254037844387,-0.433883739117558,-0.9009688679024191,47.76515,38.0,37.0,55.0,42.546528,8.580473,41.701836,7.128455,40.922348,8.099658,0.84469223,1.6241798,9.765148,8.765148,34.695,38.55,30.84,36.34714,37.44857,2.3123198,0.0,-0.09999999,0.12499998,0.9545455,0.92647064,-1.1908256,0.07352936,0.09999999,0.06174654,1203.743,3.5750105,0.0,0.0,0.0,40.922348,40.922348,40.922348,42.95060188908109,47.34525783587972,54.67050162094955,discount_10,1490.171119434185,1642.643706167221,1896.7930370547317,24.286499,1465.8846204107474,1618.3572071437834,1872.5065380312942,406.6219176205468,1465.8846204107474,10.0,50.114999008178714,1448.807759964844
2024-01-05,store_1,item_20,76.86866272429421,10.98,1,0.0,1,4,1,0,0.49999999999999994,0.8660254037844387,-0.433883739117558,-0.9009688679024191,81.84663,47.0,44.0,37.0,69.94823,19.93084,58.61697,18.593676,53.27277,16.351513,11.331257,16.675457,34.846626,31.846626,10.98,15.24,15.24,12.3714285,14.305714,1.6763529,0.0,-0.27952757,-0.27952757,0.8875288,0.76752543,-1.9838974,0.23247457,0.27952757,0.117180645,120.56039,2.4832385,0.0,5.0,0.23247456550598145,53.27277,53.27277,53.27277,73.8757642788994,76.86866272429421,82.59532099674868,discount_10,811.1558579646743,844.0178815250691,906.8965867351632,7.6859994,803.4698585712111,836.331882131606,899.2105873417,95.74072877048889,803.4698585712111,10.0,14.944999766349794,878.4378267211671
2024-01-05,store_1,item_21,48.23199614063191,24.705,0,0.0,1,4,1,0,0.49999999999999994,0.8660254037844387,-0.433883739117558,-0.9009688679024191,51.52753,41.0,35.0,34.0,46.991272,8.113038,45.424206,10.976076,42.747818,10.437928,1.5670662,4.243454,10.527531,4.5275307,24.705,27.45,27.45,25.097143,26.273571,2.0362368,0.0,-0.100000024,-0.100000024,0.9843749,0.94029844,-0.7703281,0.059701562,0.100000024,0.07750133,610.33704,3.2466855,0.0,1.0,0.0,42.747818,42.747818,42.747818,43.59895092940973,48.23199614063191,54.12100604394951,discount_10,1077.1120793847315,1191.571460974502,1337.0594501866674,17.293499,1059.8185803918116,1174.2779619815822,1319.7659511937475,259.9473708019359,1059.8185803918116,10.0,35.68500099182129,1051.093244159128
2024-01-05,store_1,item_22,22.264874349376683,42.831,0,0.0,1,4,1,0,0.49999999999999994,0.8660254037844387,-0.433883739117558,-0.9009688679024191,25.025835,19.0,28.0,24.0,22.391155,4.5256004,21.767006,5.4433966,21.312075,5.152154,0.6241493,1.0790806,6.025835,15.025835,42.831,47.59,38.07,44.87057,45.890144,3.2293625,0.0,-0.09999998,0.12505914,0.9545455,0.9333377,-0.9472898,0.06666231,0.09999998,0.07037159,1834.4946,3.7803414,0.0,0.0,0.0,21.312075,21.312075,21.312075,18.9164033064695,22.264874349376683,29.489360993498405,discount_10,810.2084942652734,953.6268617958945,1263.058858510173,29.9817,780.2267933680566,923.6451608986777,1233.0771576129562,452.85036424489954,780.2267933680566,10.0,61.86700019836426,1019.9554160799293
2024-01-05,store_1,item_23,12.817795371348668,42.138,0,0.0,1,4,1,0,0.49999999999999994,0.8660254037844387,-0.433883739117558,-0.9009688679024191,14.986824,13.0,3.0,10.0,14.303514,2.428008,11.723186,4.3803916,12.290164,3.7621758,2.580328,2.0133495,1.986824,-8.013176,42.138,46.82,46.82,44.144573,45.816856,2.334268,0.0,-0.09999999,-0.09999999,0.95454544,0.9197052,-1.5760205,0.08029479,0.09999999,0.0509478,1775.6111,3.7644043,0.0,0.0,0.0,12.290164,12.290164,12.290164,9.263841976245972,12.817795371348668,18.153962551823636,discount_10,390.3597777184131,540.1162676165793,764.9716828729839,29.4966,360.8631785210254,510.6196684191916,735.4750836755962,374.6119051545708,360.8631785210254,10.0,60.86599960327148,587.5828099070152
2024-01-05,store_1,item_24,43.51251717421137,17.154,0,0.0,1,4,1,0,0.49999999999999994,0.8660254037844387,-0.433883739117558,-0.9009688679024191,49.396755,34.0,31.0,35.0,41.981976,9.06765,42.205273,10.812194,40.245495,9.055679,-0.22329712,1.7364807,15.396755,12.396755,17.154,19.06,19.06,17.970856,18.651642,0.9502102,0.0,-0.1,-0.1,0.9545454,0.91970444,-1.5761154,0.08029556,0.1,0.050945118,294.2597,2.898891,0.0,0.0,0.0,40.245495,40.245495,40.245495,42.96156611380977,43.51251717421137,52.86539562117549,discount_10,736.962676272468,746.4136903926957,906.8529609925198,12.007799,724.9548771239084,734.4058912441361,894.8451618439602,169.8902847200518,724.9548771239084,10.0,24.7779993057251,778.8285518425331
2024-01-05,store_1,item_25,45.530903728280634,80.289,0,0.0,1,4,1,0,0.49999999999999994,0.8660254037844387,-0.433883739117558,-0.9009688679024191,47.822697,33.0,49.0,38.0,39.857567,9.160084,41.00021,7.8670635,39.000107,7.8140206,-1.142643,0.85746,14.822697,30.822697,80.289,89.21,89.21,84.11229,86.02414,6.0520644,0.0,-0.09999997,-0.09999997,0.95454544,0.9333311,-0.9476332,0.06666893,0.09999997,0.0703531,6446.3237,4.3980107,0.0,0.0,0.0,39.000107,39.000107,39.000107,41.89546244041093,45.530903728280634,53.78549975403977,discount_10,3363.7448452484596,3655.6307961355838,4318.3840685394525,56.2023,3307.542544223069,3599.428495110193,4262.181767514062,954.639223290993,3307.542544223069,10.0,115.97299880981446,3490.8260104615533
2024-01-05,store_1,item_26,45.00780214869183,42.903,0,0.0,1,4,1,0,0.49999999999999994,0.8660254037844387,-0.433883739117558,-0.9009688679024191,48.144234,36.0,36.0,34.0,41.866913,8.867914,40.076313,8.0486765,38.609585,7.5230656,1.7905998,3.257328,12.144234,12.144234,42.903,47.67,47.67,44.946,46.989,1.6987119,0.0,-0.09999997,-0.09999997,0.9545455,0.9130435,-2.4053497,0.0869565,0.09999997,0.036151268,1840.6674,3.7819827,0.0,0.0,0.0,38.609585,38.609585,38.609585,41.584169237420966,45.00780214869183,53.38531194249747,discount_10,1784.0856077168792,1930.9697300912092,2290.390031752207,30.032099,1754.0535089467376,1900.9376313210676,2260.3579329820654,506.3044240353279,1754.0535089467376,10.0,61.97099761962891,1832.9460600947814
2024-01-05,store_1,item_27,42.33514209032231,60.858,0,0.0,1,4,1,0,0.49999999999999994,0.8660254037844387,-0.433883739117558,-0.9009688679024191,50.769836,53.0,35.0,30.0,46.463696,8.488165,43.017563,8.718987,41.365925,7.7877116,3.4461327,5.0977707,-2.2301636,-20.230164,60.858,54.1,67.62,61.824574,65.20543,4.586719,0.0,0.12491688,-0.10000001,0.9843659,0.9333272,-0.94782925,0.0666728,-0.12491688,0.07034259,3703.6963,4.1248417,1.0,1.0,0.0,41.365925,41.365925,41.365925,40.10288795316752,42.33514209032231,45.01876105368252,discount_10,2440.5816235890775,2576.432149682931,2739.75183714137,42.6006,2397.9810223927884,2533.831548486642,2697.1512359450808,299.17021355229235,2397.9810223927884,10.0,87.90600357055665,2581.62874005036
2024-01-06,store_1,item_1,53.966886105368964,19.17,0,0.0,1,5,1,1,0.49999999999999994,0.8660254037844387,-0.9749279121818236,-0.2225209339563146,56.315533,38.0,38.0,35.0,52.701885,8.961329,50.42237,8.455478,49.104042,11.096308,2.2795143,3.5978432,18.315533,18.315533,19.17,21.3,21.3,19.778572,20.615356,1.303202,0.0,-0.09999996,-0.09999996,0.96923065,0.92988926,-1.10908,0.07011074,0.09999996,0.06321511,367.4889,3.0041964,0.0,0.0,0.0,49.104042,49.104042,49.104042,48.01010207619243,53.966886105368964,57.40534826070788,discount_10,920.3536604634891,1034.5452107572696,1100.4605305374505,13.419,906.934660791553,1021.1262110853336,1087.0415308655145,180.10687007396143,906.934660791553,10.0,27.689999008178713,960.5376904331911
2024-01-06,store_1,item_10,25.567641256440528,18.531,0,0.0,1,5,1,1,0.49999999999999994,0.8660254037844387,-0.9749279121818236,-0.2225209339563146,26.841845,15.0,20.0,17.0,27.169077,7.2290077,26.370253,7.0612664,24.577984,6.3318677,0.7988243,2.591093,11.841845,16.841845,18.531,20.59,20.59,19.119286,20.075178,1.0671989,0.0,-0.099999994,-0.099999994,0.9692307,0.92308015,-1.4469436,0.07691985,0.099999994,0.053160116,343.39798,2.972003,0.0,0.0,0.0,24.577984,24.577984,24.577984,20.525421332353243,25.567641256440528,31.27558721515537,discount_10,380.35658552857564,473.7939636342806,579.5679109790924,12.9717,367.384885813915,460.82226391961996,566.5962112644318,199.21132545051677,367.384885813915,10.0,26.767000198364258,480.8890615945379
2024-01-06,store_1,item_11,45.89537725955423,46.98,1,0.0,1,5,1,1,0.49999999999999994,0.8660254037844387,-0.9749279121818236,-0.2225209339563146,48.69417,27.0,19.0,21.0,42.123356,9.928749,33.91882,12.4199295,30.20941,10.941059,8.204536,11.913946,21.694172,13.694172,46.98,65.25,65.25,50.335712,60.589287,7.6294966,0.0,-0.28,-0.28,0.93333334,0.7753846,-1.7837725,0.2246154,0.28,0.12592155,2207.1204,3.8707843,0.0,6.0,0.22461539506912231,30.20941,30.20941,30.20941,43.769901861489664,45.89537725955423,48.91038099683298,discount_10,2056.3099694165135,2156.1648026446214,2297.8096768418177,32.885998,2023.4239716442967,2123.2788048724046,2264.923679069601,241.49970742530422,2023.4239716442967,10.0,63.945000934600834,1990.7141957281833
2024-01-06,store_1,item_12,23.269285300044167,54.792,0,0.0,1,5,1,1,0.49999999999999994,0.8660254037844387,-0.9749279121818236,-0.2225209339563146,23.890377,16.0,26.0,17.0,23.88204,6.2985168,23.86959,5.2542086,22.577654,5.658423,0.0124492645,1.3043861,7.890377,17.890377,54.792,60.88,60.88,56.53143,58.487858,4.1728854,0.0,-0.10000002,-0.10000002,0.9692308,0.93680984,-0.88568383,0.06319016,0.10000002,0.071346186,3002.1633,4.0216303,0.0,0.0,0.0,22.577654,22.577654,22.577654,18.082531562214445,23.269285300044167,29.25807647177029,discount_10,990.7780660458435,1274.9706758992866,1603.108520683924,38.3544,952.4236654110779,1236.616275264521,1564.7541200491585,612.3304546380806,952.4236654110779,10.0,79.14400138854981,1376.6699239758996
2024-01-06,store_1,item_13,49.98485542376499,61.371,0,0.0,1,5,1,1,0.49999999999999994,0.8660254037844387,-0.9749279121818236,-0.2225209339563146,49.65987,39.0,47.0,34.0,48.657673,7.214755,45.900265,6.0740266,43.914417,6.1853123,2.7574081,4.7432556,10.65987,18.65987,61.371,68.19,68.19,63.319286,65.99804,4.1724916,0.0,-0.10000005,-0.10000005,0.9692307,0.9298912,-1.1089393,0.07010877,0.10000005,0.06322145,3766.3994,4.1331005,0.0,0.0,0.0,43.914417,43.914417,43.914417,45.0420936244236,49.98485542376499,55.18215260820592,discount_10,2764.278254971993,3067.6204813647946,3386.5837984648456,42.959698,2721.3185572486045,3024.660783641406,3343.624100741457,622.3055434928524,2721.3185572486045,10.0,66.4852523803711,2704.1890872456106
2024-01-06,store_1,item_14,24.94364074274044,63.342,0,0.0,1,5,1,1,0.49999999999999994,0.8660254037844387,-0.9749279121818236,-0.2225209339563146,27.067968,26.0,20.0,18.0,28.778069,4.545444,26.460463,5.519348,25.587374,6.2781887,2.317606,3.1906948,1.0679684,-4.9320316,63.342,56.31,70.38,63.342857,67.615715,4.821272,0.0,0.12488008,-0.09999998,0.99998647,0.93679404,-0.88642895,0.06320596,-0.12488008,0.071304016,4012.2087,4.1642127,1.0,1.0,0.0,25.587374,25.587374,25.587374,20.347157213308154,24.94364074274044,30.81167859557938,discount_10,1288.8296129560404,1579.9800683288602,1951.6733164519571,44.339397,1244.4902155256204,1535.6406708984402,1907.3339190215372,662.8437034959168,1244.4902155256204,10.0,91.49399642944336,1785.1598720204315
2024-01-06,store_1,item_15,23.8348998318271,50.958,0,0.0,1,5,1,1,0.49999999999999994,0.8660254037844387,-0.9749279121818236,-0.2225209339563146,24.272585,18.0,18.0,14.0,25.889591,6.2574415,24.301939,6.298052,22.650969,5.388501,1.5876522,3.2386227,6.272585,6.272585,50.958,56.62,56.62,52.575714,55.60893,2.2082987,0.0,-0.09999998,-0.09999998,0.9692308,0.91636366,-2.106113,0.08363634,0.09999998,0.039711226,2596.7178,3.9504356,0.0,0.0,0.0,22.650969,22.650969,22.650969,19.151945972165965,23.8348998318271,29.946050838185002,discount_10,975.9448663564593,1214.578829994546,1525.990864095517,35.6706,940.274265465346,1178.9082291034326,1490.3202632044038,550.0459977390577,940.274265465346,10.0,73.6059986114502,1246.037108017076
2024-01-06,store_1,item_16,32.99332562516748,38.772,0,0.0,1,5,1,1,0.49999999999999994,0.8660254037844387,-0.9749279121818236,-0.2225209339563146,40.254185,42.0,21.0,22.0,40.54308,3.1394491,35.70011,7.159473,32.992912,6.2787757,4.842968,7.550167,-1.7458153,-22.745815,38.772,34.46,43.08,38.771427,42.002857,2.2328541,0.0,0.1251306,-0.10000005,1.0000148,0.92308,-1.4469626,0.07691997,-0.1251306,0.053159576,1503.268,3.6831632,1.0,1.0,0.0,32.992912,32.992912,32.992912,29.57844233095348,32.99332562516748,41.16030017345633,discount_10,1146.8153470998175,1279.2171999945892,1595.8671319468826,27.1404,1119.6749471669561,1252.076800061728,1568.7267320140213,449.05178484706516,1119.6749471669561,10.0,56.0040023803711,1379.121854775008
2024-01-06,store_1,item_17,18.521822204069846,56.088,0,0.0,1,5,1,1,0.49999999999999994,0.8660254037844387,-0.9749279121818236,-0.2225209339563146,18.523438,12.0,22.0,9.0,19.210545,5.012451,18.6767,4.485832,18.266922,5.106318,0.533844,0.9436226,6.5234375,16.523438,56.088,62.32,62.32,57.868572,59.872143,4.269477,0.0,-0.09999998,-0.09999998,0.9692308,0.9367963,-0.8863242,0.06320369,0.09999998,0.07130991,3145.8638,4.044594,0.0,0.0,0.0,18.266922,18.266922,18.266922,14.74102693852154,18.521822204069846,23.628571180412944,discount_10,826.7947373720742,1038.851986956757,1325.2793299315586,39.2616,787.5331368776895,999.5903864623722,1286.0177294371738,498.4845925594843,787.5331368776895,10.0,81.01599960327148,1099.5851615666734
2024-01-06,store_1,item_18,42.51371550248377,64.53,0,0.0,1,5,1,1,0.49999999999999994,0.8660254037844387,-0.9749279121818236,-0.2225209339563146,48.232956,35.0,31.0,30.0,44.226402,8.317915,44.18463,8.987204,41.770885,7.8795433,0.041770935,2.4555168,13.232956,9.232956,64.53,71.7,71.7,66.57857,69.9075,3.715405,0.0,-0.09999998,-0.09999998,0.96923083,0.92307687,-1.4473526,0.07692313,0.09999998,0.053147443,4164.1206,4.182508,0.0,0.0,0.0,41.770885,41.770885,41.770885,41.161189645279954,42.51371550248377,50.17996412383112,discount_10,2656.1315175643226,2743.4100094786522,3238.113023655983,45.170998,2610.9605199446937,2698.2390118590233,3192.942026036354,581.9815060916603,2610.9605199446937,10.0,93.20999603271484,2946.5911799029486
2024-01-06,store_1,item_19,15.69550276993259,36.738,0,0.0,1,5,1,1,0.49999999999999994,0.8660254037844387,-0.9749279121818236,-0.2225209339563146,16.71055,9.0,15.0,9.0,16.572426,3.688552,16.286213,3.5602436,14.571678,3.4896846,0.28621292,2.0007477,7.7105503,13.71055,36.738,40.82,40.82,37.904285,40.091072,1.5920662,0.0,-0.10000002,-0.10000002,0.9692308,0.9163636,-2.106113,0.0836364,0.10000002,0.03971124,1349.6805,3.6306674,0.0,0.0,0.0,14.571678,14.571678,14.571678,10.925746311626323,15.69550276993259,20.97207951576428,discount_10,401.3900566599991,576.6213644761666,770.4722354895675,25.716599,375.67345814925693,550.9047659654244,744.7556369788254,369.0821788295684,375.67345814925693,10.0,36.737999725341794,582.5361603183487
2024-01-06,store_1,item_2,43.52212903241783,34.695,0,0.0,1,5,1,1,0.49999999999999994,0.8660254037844387,-0.9749279121818236,-0.2225209339563146,47.345257,29.0,32.0,29.0,43.881565,8.481625,42.44078,7.139757,40.648964,7.727539,1.4407845,3.2326012,18.345257,21.345257,34.695,38.55,38.55,35.79643,37.58625,1.9976134,0.0,-0.09999999,-0.09999999,0.9692308,0.9230769,-1.4473517,0.07692307,0.09999999,0.05314745,1203.743,3.5750105,0.0,0.0,0.0,40.648964,40.648964,40.648964,39.35419142693749,43.52212903241783,49.54395085327737,discount_10,1365.39365954765,1510.0002534978369,1718.9273597348445,24.286499,1341.1071605242125,1485.7137544743994,1694.640860711407,353.5337001871944,1341.1071605242125,10.0,50.114999008178714,1448.807759964844
2024-01-06,store_1,item_20,69.1002768337007,10.98,1,0.0,1,5,1,1,0.49999999999999994,0.8660254037844387,-0.9749279121818236,-0.2225209339563146,76.86866,43.0,37.0,51.0,74.21518,17.21072,60.964733,18.680971,54.69665,16.615744,13.250446,19.518528,33.86866,27.86866,10.98,15.24,12.2,11.7628565,14.153571,1.7786142,0.0,-0.27952757,-0.10000002,0.93344665,0.77577585,-1.7842937,0.22422415,0.27952757,0.1256654,120.56039,2.4832385,0.0,6.0,0.22422415018081665,54.69665,54.69665,54.69665,67.02939651395877,69.1002768337007,75.4078309891064,discount_10,735.9827430396447,758.7210080024373,827.9779497414227,7.6859994,728.2967436461815,751.0350086089742,820.2919503479595,91.99520670177799,728.2967436461815,10.0,14.944999766349794,878.4378267211671
2024-01-06,store_1,item_21,40.16565074176885,24.705,0,0.0,1,5,1,1,0.49999999999999994,0.8660254037844387,-0.9749279121818236,-0.2225209339563146,48.231995,50.0,33.0,29.0,48.024414,7.6713834,46.36935,10.571655,43.256104,10.342249,1.6550636,4.7683105,-1.7680054,-18.768005,24.705,21.96,27.45,24.705,26.175535,2.0435658,0.0,0.12500003,-0.100000024,0.99999994,0.9438202,-0.7195925,0.05617982,-0.12500003,0.07807159,610.33704,3.2466855,1.0,1.0,0.0,43.256104,43.256104,43.256104,37.72205913587419,40.16565074176885,42.696781836231786,discount_10,931.9234680738072,992.2923985110035,1054.8239920066003,17.293499,914.6299690808872,974.9988995180836,1037.5304930136804,122.90052393279313,914.6299690808872,10.0,35.68500099182129,1051.093244159128
2024-01-06,store_1,item_22,20.90036672560859,42.831,0,0.0,1,5,1,1,0.49999999999999994,0.8660254037844387,-0.9749279121818236,-0.2225209339563146,22.264874,17.0,14.0,14.0,22.857565,4.2794003,21.357353,5.145914,21.250105,5.1290097,1.5002117,1.60746,5.2648735,2.2648735,42.831,47.59,47.59,44.190716,46.06018,2.9121158,0.0,-0.09999998,-0.09999998,0.9692308,0.9298922,-1.1088771,0.07010782,0.09999998,0.06322415,1834.4946,3.7803414,0.0,0.0,0.0,21.250105,21.250105,21.250105,17.563511220113117,20.90036672560859,27.292323298074272,discount_10,752.2627715804896,895.1836340133416,1168.9575341614348,29.9817,722.2810706832728,865.2019331161248,1138.975833264218,416.69476258094517,722.2810706832728,10.0,61.86700019836426,1019.9554160799293
2024-01-06,store_1,item_23,12.404765682615352,42.138,0,0.0,1,5,1,1,0.49999999999999994,0.8660254037844387,-0.9749279121818236,-0.2225209339563146,12.817796,13.0,8.0,10.0,14.277484,2.445227,12.424457,3.5912402,12.3907995,3.7362442,1.8530273,1.8866844,-0.18220425,-5.1822042,42.138,46.82,46.82,43.475716,45.649643,2.4256546,0.0,-0.09999999,-0.09999999,0.9692308,0.92307407,-1.4477086,0.07692593,0.09999999,0.053136334,1775.6111,3.7644043,0.0,0.0,0.0,12.3907995,12.3907995,12.3907995,8.577609822325302,12.404765682615352,18.28377325933582,discount_10,361.44332688142964,522.7120223910601,770.4416465295164,29.4966,331.94672768404195,493.21542319367245,740.9450473321288,408.9983196480868,331.94672768404195,10.0,60.86599960327148,587.5828099070152
2024-01-06,store_1,item_24,45.30872338088499,17.154,0,0.0,1,5,1,1,0.49999999999999994,0.8660254037844387,-0.9749279121818236,-0.2225209339563146,43.512516,33.0,34.0,30.0,43.340908,8.357006,43.099026,10.32068,40.54951,9.015859,0.24188232,2.791397,10.512516,11.512516,17.154,19.06,19.06,17.69857,18.58357,0.9874157,0.0,-0.1,-0.1,0.9692307,0.9230733,-1.4477892,0.07692671,0.1,0.053133793,294.2597,2.898891,0.0,0.0,0.0,40.54951,40.54951,40.54951,40.2510343986563,45.30872338088499,50.54600816316405,discount_10,690.4662170505403,777.225810456026,867.0661900949976,12.007799,678.4584179019807,765.2180113074664,855.0583909464381,176.59997304445733,678.4584179019807,10.0,24.7779993057251,778.8285518425331
2024-01-06,store_1,item_25,37.00771104321322,80.289,0,0.0,1,5,1,1,0.49999999999999994,0.8660254037844387,-0.9749279121818236,-0.2225209339563146,45.530903,26.0,30.0,24.0,41.647694,8.81449,40.75242,7.647271,39.269066,7.907372,0.8952751,2.3786278,19.530903,23.530903,80.289,89.21,89.21,82.83786,85.705536,6.1126523,0.0,-0.09999997,-0.09999997,0.9692308,0.93680066,-0.8861184,0.06319934,0.09999997,0.071321554,6446.3237,4.3980107,0.0,0.0,0.0,39.269066,39.269066,39.269066,37.39085320905482,37.00771104321322,46.39775913979691,discount_10,3002.07426807356,2971.3121661590603,3725.2297515406217,56.2023,2945.871967048169,2915.1098651336697,3669.027450515231,723.1554834670619,2945.871967048169,10.0,115.97299880981446,3490.8260104615533
2024-01-06,store_1,item_26,42.20284357910238,42.903,0,0.0,1,5,1,1,0.49999999999999994,0.8660254037844387,-0.9749279121818236,-0.2225209339563146,45.0078,31.0,31.0,37.0,43.15374,8.521467,40.719727,8.057786,39.00272,7.560784,2.4340134,4.15102,14.007801,14.007801,42.903,47.67,47.67,44.265,46.81875,1.8592296,0.0,-0.09999997,-0.09999997,0.9692308,0.91636366,-2.1061125,0.08363634,0.09999997,0.03971122,1840.6674,3.7819827,0.0,0.0,0.0,39.00272,39.00272,39.00272,38.26223567680505,42.20284357910238,49.56484699253404,discount_10,1641.564692571284,1810.628592922515,2126.4806244702913,30.032099,1611.5325938011424,1780.5964941523735,2096.4485257001497,484.9159318990073,1611.5325938011424,10.0,61.97099761962891,1832.9460600947814
2024-01-06,store_1,item_27,43.22320151969357,60.858,0,0.0,1,5,1,1,0.49999999999999994,0.8660254037844387,-0.9749279121818236,-0.2225209339563146,42.33514,35.0,27.0,30.0,44.940144,8.06605,43.5415,8.415237,41.806465,7.463068,1.3986435,3.1336784,7.33514,-0.6648598,60.858,67.62,67.62,62.79,64.96393,4.6326647,0.0,-0.10000001,-0.10000001,0.9692308,0.93679684,-0.8862989,0.063203156,0.10000001,0.07131134,3703.6963,4.1248417,0.0,0.0,0.0,41.806465,41.806465,41.806465,39.91381981799801,43.22320151969357,48.843843614406445,discount_10,2429.0753146958173,2630.477671953287,2972.538718158913,42.6006,2386.474713499528,2587.877070756998,2929.938116962624,543.4634034630958,2386.474713499528,10.0,87.90600357055665,2581.62874005036
2024-01-07,store_1,item_1,55.65251499459591,19.17,0,0.0,1,6,1,1,0.49999999999999994,0.8660254037844387,-0.7818314824680299,0.6234898018587334,53.966885,42.0,44.0,33.0,54.982872,6.203051,51.562862,7.693526,49.781433,10.777777,3.4200096,5.201439,11.966885,13.966885,19.17,21.3,21.3,19.474285,20.539286,1.3237622,0.0,-0.09999996,-0.09999996,0.98437494,0.9333333,-1.0343887,0.06666672,0.09999996,0.06445025,367.4889,3.0041964,0.0,0.0,0.0,49.781433,49.781433,49.781433,49.20634429210253,55.65251499459591,61.76868004271482,discount_10,943.2856238337516,1066.8587166923535,1184.1056011314195,13.419,929.8666241618156,1053.4397170204174,1170.6866014594834,240.81997729766783,929.8666241618156,10.0,27.689999008178713,960.5376904331911
2024-01-07,store_1,item_10,26.473415524271484,18.531,0,0.0,1,6,1,1,0.49999999999999994,0.8660254037844387,-0.7818314824680299,0.6234898018587334,25.56764,21.0,20.0,15.0,28.67874,5.0344796,26.767942,6.827823,24.88397,6.156691,1.9107971,3.7947693,4.5676403,3.5676403,18.531,20.59,20.59,18.825144,20.001642,1.1008195,0.0,-0.099999994,-0.099999994,0.9843749,0.92647386,-1.335951,0.073526144,0.099999994,0.055036448,343.39798,2.972003,0.0,0.0,0.0,24.88397,24.88397,24.88397,23.058262599304193,26.473415524271484,33.71349911691009,discount_10,427.29266739427646,490.57886671584527,624.7448567653055,12.9717,414.3209676796158,477.6071670011846,611.7731570506448,197.45218937102902,414.3209676796158,10.0,26.767000198364258,480.8890615945379
2024-01-07,store_1,item_11,53.97184359248586,46.98,1,0.0,1,6,1,1,0.49999999999999994,0.8660254037844387,-0.7818314824680299,0.6234898018587334,45.89538,30.0,20.0,26.0,44.822697,7.370974,35.83992,12.008038,31.098532,11.174018,8.982777,13.724165,15.895378,5.895378,46.98,52.2,65.25,47.725716,59.936787,7.988923,0.0,-0.100000024,-0.28,0.98437494,0.7838258,-1.6218438,0.21617419,0.100000024,0.13328914,2207.1204,3.8707843,1.0,7.0,0.2161741852760315,31.098532,31.098532,31.098532,48.61185102522414,53.97184359248586,56.37649782147047,discount_10,2283.784738912291,2535.5971872686364,2648.56784184557,32.885998,2250.898741140074,2502.7111894964196,2615.681844073353,364.7831029332792,2250.898741140074,10.0,63.945000934600834,1990.7141957281833
2024-01-07,store_1,item_12,24.180688313147538,54.792,0,0.0,1,6,1,1,0.49999999999999994,0.8660254037844387,-0.7818314824680299,0.6234898018587334,23.269285,15.0,18.0,17.0,24.92051,5.302953,23.674541,5.21961,22.801556,5.5525894,1.2459679,2.1189537,8.269285,11.269285,54.792,60.88,60.88,55.661713,58.270428,4.2021317,0.0,-0.10000002,-0.10000002,0.984375,0.9403054,-0.8277768,0.05969459,0.10000002,0.07211431,3002.1633,4.0216303,0.0,0.0,0.0,22.801556,22.801556,22.801556,19.509506643973864,24.180688313147538,29.680144630298376,discount_10,1068.9648844643186,1324.9082696263636,1626.234479148712,38.3544,1030.610483829553,1286.553868991598,1587.8800785139463,557.2695946843933,1030.610483829553,10.0,79.14400138854981,1376.6699239758996
2024-01-07,store_1,item_13,51.5592815119161,61.371,0,0.0,1,6,1,1,0.49999999999999994,0.8660254037844387,-0.7818314824680299,0.6234898018587334,49.984856,40.0,38.0,36.0,50.226936,5.824786,46.11347,6.167268,44.485306,5.9702888,4.113468,5.7416306,9.984856,7.9848557,61.371,68.19,68.19,62.345142,65.7545,4.2382984,0.0,-0.10000005,-0.10000005,0.984375,0.9333353,-1.0342599,0.066664696,0.10000005,0.0644564,3766.3994,4.1331005,0.0,0.0,0.0,44.485306,44.485306,44.485306,45.291670492462565,51.5592815119161,56.484529632541516,discount_10,2779.5950365367394,3164.2445822741897,3466.51197671884,42.959698,2736.6353388133507,3121.284884550801,3423.552278995451,686.9169401821005,2736.6353388133507,10.0,66.4852523803711,2704.1890872456106
2024-01-07,store_1,item_14,26.843811259113064,63.342,0,0.0,1,6,1,1,0.49999999999999994,0.8660254037844387,-0.7818314824680299,0.6234898018587334,24.943642,22.0,16.0,16.0,28.62716,4.6689067,26.81358,5.224492,25.835361,6.1020546,1.8135796,2.7917976,2.9436417,-3.0563583,63.342,70.38,70.38,64.34743,67.36436,4.855162,0.0,-0.09999998,-0.09999998,0.984375,0.9402895,-0.8284702,0.059710503,0.09999998,0.07207316,4012.2087,4.1642127,0.0,0.0,0.0,25.835361,25.835361,25.835361,23.024507536318126,26.843811259113064,32.529254577524235,discount_10,1458.4183345832444,1700.3406673792883,2060.4680126754038,44.339397,1414.0789371528244,1656.0012699488684,2016.1286152449838,602.0496780921594,1414.0789371528244,10.0,91.49399642944336,1785.1598720204315
2024-01-07,store_1,item_15,25.17835529405949,50.958,0,0.0,1,6,1,1,0.49999999999999994,0.8660254037844387,-0.7818314824680299,0.6234898018587334,23.8349,18.0,11.0,18.0,26.723148,5.3548393,24.718716,6.0365734,23.002216,5.11743,2.0044327,3.720932,5.8349,-1.1651001,50.958,56.62,56.62,51.766857,55.406715,2.365897,0.0,-0.09999998,-0.09999998,0.984375,0.919708,-1.8803496,0.08029199,0.09999998,0.042700544,2596.7178,3.9504356,0.0,0.0,0.0,23.002216,23.002216,23.002216,20.08068834119821,25.17835529405949,30.939692099528393,discount_10,1023.2717201676624,1283.038633684978,1576.6248356729948,35.6706,987.6011192765491,1247.3680327938648,1540.9542347818815,553.3531155053324,987.6011192765491,10.0,73.6059986114502,1246.037108017076
2024-01-07,store_1,item_16,37.642286564812046,38.772,0,0.0,1,6,1,1,0.49999999999999994,0.8660254037844387,-0.7818314824680299,0.6234898018587334,32.993324,35.0,22.0,26.0,39.25641,4.1316743,36.556778,5.8658977,33.385532,5.8980894,2.6996307,5.8708763,-2.0066757,-15.006676,38.772,43.08,43.08,39.38743,41.849003,2.303199,0.0,-0.10000005,-0.10000005,0.984375,0.9264737,-1.3359689,0.07352632,0.10000005,0.055035938,1503.268,3.6831632,0.0,0.0,0.0,33.385532,33.385532,33.385532,33.74612688415223,37.642286564812046,45.485544592186066,discount_10,1308.404809925499,1459.4667105671128,1763.5655057779563,27.1404,1281.2644099926376,1432.3263106342515,1736.425105845095,455.16069585245737,1281.2644099926376,10.0,56.0040023803711,1379.121854775008
2024-01-07,store_1,item_17,19.036012700390177,56.088,0,0.0,1,6,1,1,0.49999999999999994,0.8660254037844387,-0.7818314824680299,0.6234898018587334,18.521822,13.0,15.0,13.0,20.142233,3.940264,18.428259,4.3827505,18.606987,4.77246,1.713974,1.5352459,5.521822,7.521822,56.088,62.32,62.32,56.978287,59.64957,4.299476,0.0,-0.09999998,-0.09999998,0.984375,0.94029176,-0.82837266,0.059708238,0.09999998,0.07207891,3145.8638,4.044594,0.0,0.0,0.0,18.606987,18.606987,18.606987,15.402312070851497,19.036012700390177,24.67254555975753,discount_10,863.8848987016105,1067.6919041577376,1383.83376622648,39.2616,824.6232982072257,1028.4303036633528,1344.5721657320953,519.9488675248696,824.6232982072257,10.0,81.01599960327148,1099.5851615666734
2024-01-07,store_1,item_18,50.355343879411386,64.53,0,0.0,1,6,1,1,0.49999999999999994,0.8660254037844387,-0.7818314824680299,0.6234898018587334,42.513714,30.0,50.0,32.0,45.29979,7.3583045,45.00704,8.178284,42.217804,7.534513,0.2927513,3.0819855,12.513714,32.513714,64.53,71.7,71.7,65.55428,69.65143,3.8325253,0.0,-0.09999998,-0.09999998,0.984375,0.9264706,-1.3363065,0.07352942,0.09999998,0.05502436,4164.1206,4.182508,0.0,0.0,0.0,42.217804,42.217804,42.217804,43.32889035222724,50.355343879411386,52.88481747185906,discount_10,2796.013241537512,3249.430279069491,3412.6572069024032,45.170998,2750.842243917883,3204.259281449862,3367.4862092827743,616.6439653648913,2750.842243917883,10.0,93.20999603271484,2946.5911799029486
2024-01-07,store_1,item_19,16.728810936866182,36.738,0,0.0,1,6,1,1,0.49999999999999994,0.8660254037844387,-0.7818314824680299,0.6234898018587334,15.695503,15.0,10.0,14.0,17.528925,1.7633116,16.335892,3.5457382,14.810802,3.3189778,1.1930332,2.7181225,0.69550323,-4.304497,36.738,40.82,40.82,37.32114,39.945286,1.7056862,0.0,-0.10000002,-0.10000002,0.98437506,0.919708,-1.8803488,0.08029199,0.10000002,0.042700563,1349.6805,3.6306674,0.0,0.0,0.0,14.810802,14.810802,14.810802,11.721135086012694,16.728810936866182,21.64212148414421,discount_10,430.6110486281121,614.5830388408148,795.0882366286754,25.716599,404.8944501173699,588.8664403300726,769.3716381179332,364.47718800056333,404.8944501173699,10.0,36.737999725341794,582.5361603183487
2024-01-07,store_1,item_2,47.00225283304321,34.695,0,0.0,1,6,1,1,0.49999999999999994,0.8660254037844387,-0.7818314824680299,0.6234898018587334,43.52213,35.0,36.0,35.0,45.956154,5.479789,43.26379,6.4769783,41.16761,7.3970118,2.6923637,4.7885437,8.522129,9.522129,34.695,38.55,38.55,35.245712,37.44857,2.0605838,0.0,-0.09999999,-0.09999999,0.98437506,0.92647064,-1.3363054,0.07352936,0.09999999,0.055024367,1203.743,3.5750105,0.0,0.0,0.0,41.16761,41.16761,41.16761,43.400252402146755,47.00225283304321,53.54140693632124,discount_10,1505.7717438477757,1630.7431476984848,1857.6190973161247,24.286499,1481.4852448243382,1606.4566486750473,1833.3325982926872,351.84735346834896,1481.4852448243382,10.0,50.114999008178714,1448.807759964844
2024-01-07,store_1,item_20,77.93188219195551,10.98,1,0.0,1,6,1,1,0.49999999999999994,0.8660254037844387,-0.7818314824680299,0.6234898018587334,69.10027,62.0,43.0,37.0,77.943794,11.043175,63.25761,17.442211,55.34309,16.81747,14.686184,22.600704,7.100273,-11.899727,10.98,12.2,15.24,11.154285,14.11,1.8420562,0.0,-0.10000002,-0.27952757,0.9843749,0.7781714,-1.6991873,0.22182858,0.10000002,0.13054968,120.56039,2.4832385,1.0,7.0,0.22182857990264893,55.34309,55.34309,55.34309,72.08241295377583,77.93188219195551,83.68020520328585,discount_10,791.4648612357486,855.6920307932869,918.8086148263206,7.6859994,783.7788618422854,848.0060313998238,911.1226154328575,127.34375359057208,783.7788618422854,10.0,14.944999766349794,878.4378267211671
2024-01-07,store_1,item_21,52.018076805306045,24.705,0,0.0,1,6,1,1,0.49999999999999994,0.8660254037844387,-0.7818314824680299,0.6234898018587334,40.16565,31.0,37.0,38.0,46.619507,8.135739,46.88118,10.034392,43.654877,9.981166,-0.26167297,2.9646301,9.165649,15.165649,24.705,27.45,27.45,25.097143,26.0775,2.0460029,0.0,-0.100000024,-0.100000024,0.9843749,0.9473684,-0.6708196,0.052631617,0.100000024,0.07845855,610.33704,3.2466855,0.0,0.0,0.0,43.654877,43.654877,43.654877,44.20720689385213,52.018076805306045,53.701629312514186,discount_10,1092.1390429398746,1285.1065835064214,1326.6987480685539,17.293499,1074.8455439469546,1267.8130845135015,1309.405249075634,234.5597051286793,1074.8455439469546,10.0,35.68500099182129,1051.093244159128
2024-01-07,store_1,item_22,22.22745591733586,42.831,0,0.0,1,6,1,1,0.49999999999999994,0.8660254037844387,-0.7818314824680299,0.6234898018587334,20.900366,17.0,16.0,16.0,23.41476,3.5876148,21.850237,4.697976,21.496548,4.929652,1.5645237,1.9182129,3.9003658,2.9003658,42.831,47.59,47.59,43.510857,45.890213,2.9580379,0.0,-0.09999998,-0.09999998,0.98437506,0.9333363,-1.0342027,0.06666368,0.09999998,0.06445901,1834.4946,3.7803414,0.0,0.0,0.0,21.496548,21.496548,21.496548,18.731410183498483,22.22745591733586,27.73159580401705,discount_10,802.285053578189,952.0241928851933,1187.7720154265023,29.9817,772.3033526809722,922.0424919879765,1157.7903145292855,385.4869618483133,772.3033526809722,10.0,61.86700019836426,1019.9554160799293
2024-01-07,store_1,item_23,13.226202200486524,42.138,0,0.0,1,6,1,1,0.49999999999999994,0.8660254037844387,-0.7818314824680299,0.6234898018587334,12.404766,10.0,9.0,12.0,14.192451,2.5066345,12.739082,3.3592558,12.476685,3.7067747,1.4533682,1.715766,2.404766,1.4047661,42.138,46.82,46.82,42.806858,45.48243,2.502159,0.0,-0.09999999,-0.09999999,0.984375,0.92646766,-1.3366168,0.07353234,0.09999999,0.055013753,1775.6111,3.7644043,0.0,0.0,0.0,12.476685,12.476685,12.476685,8.877706275826307,13.226202200486524,18.716380108092363,discount_10,374.08879138558643,557.3257147822077,788.6708341336534,29.4966,344.59219218819874,527.82911558482,759.1742349362657,414.582042748067,344.59219218819874,10.0,60.86599960327148,587.5828099070152
2024-01-07,store_1,item_24,45.4275932087584,17.154,0,0.0,1,6,1,1,0.49999999999999994,0.8660254037844387,-0.7818314824680299,0.6234898018587334,45.308723,31.0,30.0,33.0,45.099297,7.003948,43.90679,9.991032,41.096252,8.814344,1.1925049,4.003044,14.308723,13.308723,17.154,19.06,19.06,17.426285,18.5155,1.0185623,0.0,-0.1,-0.1,0.9843749,0.92646694,-1.3366865,0.07353306,0.1,0.05501133,294.2597,2.898891,0.0,0.0,0.0,41.096252,41.096252,41.096252,41.60325660225174,45.4275932087584,51.417110361633526,discount_10,713.6622358231524,779.264903403559,882.0090766226965,12.007799,701.6544366745928,767.2571042549994,870.0012774741369,168.3468407995441,701.6544366745928,10.0,24.7779993057251,778.8285518425331
2024-01-07,store_1,item_25,44.18855808630065,80.289,0,0.0,1,6,1,1,0.49999999999999994,0.8660254037844387,-0.7818314824680299,0.6234898018587334,37.00771,33.0,48.0,27.0,43.220222,6.1310763,41.252968,7.099027,39.733627,7.3387423,1.9672546,3.4865952,4.0077095,19.00771,80.289,89.21,89.21,81.56343,85.38693,6.1555676,0.0,-0.09999997,-0.09999997,0.984375,0.9402961,-0.828182,0.059703887,0.09999997,0.072090276,6446.3237,4.3980107,0.0,0.0,0.0,39.733627,39.733627,39.733627,40.293739150751655,44.18855808630065,51.56187668932474,discount_10,3235.1440816987315,3547.8552049203263,4139.851593039287,56.2023,3178.941780673341,3491.6529038949357,4083.6492920138962,904.7075113405554,3178.941780673341,10.0,115.97299880981446,3490.8260104615533
2024-01-07,store_1,item_26,43.61305794174589,42.903,0,0.0,1,6,1,1,0.49999999999999994,0.8660254037844387,-0.7818314824680299,0.6234898018587334,42.202843,31.0,28.0,26.0,44.754147,6.720046,41.51993,7.5591254,39.188538,7.5736637,3.2342148,5.565609,11.202843,8.202843,42.903,47.67,47.67,43.584,46.6485,1.9919162,0.0,-0.09999997,-0.09999997,0.984375,0.9197081,-1.8803487,0.08029193,0.09999997,0.042700544,1840.6674,3.7819827,0.0,0.0,0.0,39.188538,39.188538,39.188538,38.742090095727676,43.61305794174589,49.78314230266442,discount_10,1662.1518866477454,1871.1310195508645,2135.846148134168,30.032099,1632.1197878776038,1841.098920780723,2105.8140493640262,473.6942614864224,1632.1197878776038,10.0,61.97099761962891,1832.9460600947814
2024-01-07,store_1,item_27,48.15741552677619,60.858,0,0.0,1,6,1,1,0.49999999999999994,0.8660254037844387,-0.7818314824680299,0.6234898018587334,43.2232,34.0,38.0,46.0,46.114887,6.8901887,44.700302,6.951987,42.27872,7.0977283,1.4145851,3.8361664,9.223202,13.223202,60.858,67.62,54.1,61.824,64.72243,4.6652126,0.0,-0.10000001,0.12491688,0.984375,0.9402923,-0.8283491,0.0597077,0.10000001,0.07208031,3703.6963,4.1248417,0.0,0.0,0.0,42.27872,42.27872,42.27872,44.11686512177315,48.15741552677619,54.09043293928688,discount_10,2684.8642529759036,2930.764076428816,3291.8356602588256,42.6006,2642.2636517796145,2888.163475232527,3249.2350590625365,606.971407282922,2642.2636517796145,10.0,87.90600357055665,2581.62874005036
2024-01-01,store_1,item_1,42.152237284164656,22.365,0,0.0,1,0,1,0,0.49999999999999994,0.8660254037844387,0.0,1.0,42.0,47.0,68.0,40.0,47.857143,8.112307,49.214287,8.911346,46.82143,10.607661,-1.3571434,1.0357132,-5.0,16.0,21.3,21.3,21.3,21.3,20.995714,1.1172496,0.050000023,0.050000023,0.050000023,1.05,1.0652173,1.2255851,-0.06521726,0.0,0.053213216,500.1932,3.1512392,0.0,0.0,-0.0,46.82143,46.82143,46.82143,38.59124071672728,42.152237284164656,50.27980702705888,increase_5,863.0930897967716,942.734777212461,1124.5078726520373,15.655499,847.4375903384586,927.079277754148,1108.8523731937244,261.4147828552658,847.4375903384586,10.0,27.689999008178713,960.5376904331911
2024-01-01,store_1,item_10,23.222778406484203,21.6195,0,0.0,1,0,1,0,0.49999999999999994,0.8660254037844387,0.0,1.0,21.0,36.0,24.0,27.0,25.0,8.1034975,24.642857,6.1595097,23.071428,5.496993,0.3571434,1.9285717,-15.0,-27.0,20.59,16.47,20.59,20.001429,20.442858,0.77860695,0.04999995,0.31265935,0.04999995,1.0808977,1.0575575,1.5112118,-0.057557464,-0.2626594,0.038086988,467.40274,3.1188123,1.0,1.0,-0.0,23.071428,23.071428,23.071428,19.353288193693107,23.222778406484203,27.005353182006143,increase_5,418.4083987475455,502.0648393327084,583.8422116907944,15.133649,403.27474987517,486.9311904603329,568.708562818419,165.43381294324894,403.27474987517,10.0,26.767000198364258,480.8890615945379
2024-01-01,store_1,item_11,38.05378751080972,54.81,1,0.0,1,0,1,0,0.49999999999999994,0.8660254037844387,0.0,1.0,30.0,22.0,27.0,20.0,28.285715,7.825477,27.142857,7.047718,26.535715,7.3256636,1.1428585,1.75,8.0,13.0,52.2,65.25,65.25,61.521427,63.385715,4.6503453,0.050000012,-0.15999998,-0.15999998,0.89090914,0.86470586,-1.8441023,0.13529414,0.21,0.07336582,3004.1362,4.021953,0.0,2.0,0.1352941393852234,26.535715,26.535715,26.535715,34.21148966236764,38.05378751080972,41.171332897017436,increase_5,1875.1317953767018,2085.7281457264053,2256.600812625747,38.367,1836.7647947968678,2047.3611451465713,2218.233812045913,381.46901724904524,1836.7647947968678,10.0,63.945000934600834,1990.7141957281833
2024-01-01,store_1,item_12,21.56012251858103,63.924,0,0.0,1,0,1,0,0.49999999999999994,0.8660254037844387,0.0,1.0,15.0,20.0,16.0,24.0,22.0,5.7445626,23.0,5.24771,21.821428,6.01882,-1.0,0.1785717,-5.0,-9.0,60.88,60.88,60.88,60.88,59.14,4.3403225,0.04999998,0.04999998,0.04999998,1.05,1.0808928,1.1022221,-0.0808928,0.0,0.07339064,4086.2778,4.1732173,0.0,0.0,-0.0,21.821428,21.821428,21.821428,16.99553982254263,21.56012251858103,23.606452662273774,increase_5,1086.422883985576,1378.2092672720346,1509.0188749403064,44.7468,1041.6760845165818,1333.4624678030405,1464.2720754713123,422.5959909547305,1041.6760845165818,10.0,79.14400138854981,1376.6699239758996
2024-01-01,store_1,item_13,38.311827309132035,71.5995,0,0.0,1,0,1,0,0.49999999999999994,0.8660254037844387,0.0,1.0,40.0,40.0,44.0,38.0,42.285713,2.6276913,43.142857,3.3248978,42.0,4.9366355,-0.8571434,0.2857132,0.0,4.0,68.19,68.19,68.19,68.19,67.21571,3.577299,0.05,0.05,0.05,1.05,1.0652198,1.2254462,-0.06521976,0.0,0.053221174,5126.489,4.284958,0.0,0.0,-0.0,42.0,42.0,42.0,34.97567407295388,38.311827309132035,44.648319115727496,increase_5,2504.240865445782,2743.1077776316706,3196.7974389814503,50.11965,2454.1212136513486,2692.988125837237,3146.6777871870167,692.5565735356681,2454.1212136513486,10.0,66.4852523803711,2704.1890872456106
2024-01-01,store_1,item_14,23.927329462574633,73.899,0,0.0,1,0,1,0,0.49999999999999994,0.8660254037844387,0.0,1.0,22.0,24.0,20.0,22.0,25.857143,4.0999417,26.5,6.768138,24.642857,5.845,-0.6428566,1.2142868,-2.0,-6.0,70.38,70.38,70.38,68.369995,68.8725,4.431632,0.05000007,0.05000007,0.05000007,1.080869,1.0729828,1.134233,-0.07298279,0.0,0.06434545,5461.0625,4.3161407,0.0,1.0,-0.0,24.642857,24.642857,24.642857,19.24474110992689,23.927329462574633,25.500742789652445,increase_5,1422.1671632190837,1768.2057696086847,1884.479444331548,51.7293,1370.437861766447,1716.476468156048,1832.7501428789112,462.31228111246423,1370.437861766447,10.0,91.49399642944336,1785.1598720204315
2024-01-01,store_1,item_15,20.90405829271631,59.451,0,0.0,1,0,1,0,0.49999999999999994,0.8660254037844387,0.0,1.0,18.0,24.0,22.0,21.0,23.714285,4.5355735,22.285715,4.905704,21.142857,4.6723323,1.4285698,2.5714283,-6.0,-8.0,56.62,56.62,56.62,56.62,56.62,0.0,0.050000023,0.050000023,0.050000023,1.0500001,1.0500001,2.8310012e+06,-0.05000007,0.0,0.0,3534.4214,4.1018333,0.0,0.0,-0.0,21.142857,21.142857,21.142857,16.782269929626374,20.90405829271631,23.788113907454523,increase_5,997.7227331712971,1242.767174025866,1414.2271649937682,41.6157,956.1070334032307,1201.1514742577997,1372.6114652257017,416.504431822471,956.1070334032307,10.0,73.6059986114502,1246.037108017076
2024-01-01,store_1,item_16,30.780544103965553,45.234,0,0.0,1,0,1,0,0.49999999999999994,0.8660254037844387,0.0,1.0,35.0,30.0,34.0,31.0,35.714287,3.6384194,32.57143,5.774137,30.892857,4.9765325,3.1428566,4.82143,5.0,9.0,43.08,43.08,43.08,41.84857,42.772144,1.6290274,0.049999982,0.049999982,0.049999982,1.0808971,1.0575575,1.5112425,-0.057557464,0.0,0.038086176,2046.1149,3.8337154,0.0,1.0,-0.0,30.892857,30.892857,30.892857,26.738803194038926,30.780544103965553,33.58738928744317,increase_5,1209.5030546872904,1392.327167693989,1519.292005978424,31.663801,1177.839253494053,1360.6633665007516,1487.6282047851867,309.78895129113357,1177.839253494053,10.0,56.0040023803711,1379.121854775008
2024-01-01,store_1,item_17,17.414644564831644,65.436,0,0.0,1,0,1,0,0.49999999999999994,0.8660254037844387,0.0,1.0,13.0,18.0,17.0,17.0,16.428572,4.5773773,18.571428,5.6393437,17.392857,4.954155,-2.1428566,-0.9642849,-5.0,-6.0,62.32,62.32,62.32,62.32,60.985,3.9245307,0.049999956,0.049999956,0.049999956,1.05,1.072985,1.1341472,-0.07298505,0.0,0.06435239,4281.8696,4.196239,0.0,0.0,-0.0,17.392857,17.392857,17.392857,13.252580466539191,17.414644564831644,20.5448428932022,increase_5,867.1958157736659,1139.5446296619514,1344.372278115652,45.8052,821.3906171042323,1093.7394309925178,1298.5670794462185,477.17646234198617,821.3906171042323,10.0,81.01599960327148,1099.5851615666734
2024-01-01,store_1,item_18,36.918420417765226,75.285,0,0.0,1,0,1,0,0.49999999999999994,0.8660254037844387,0.0,1.0,30.0,42.0,37.0,35.0,41.857143,10.605479,42.0,8.575457,39.642857,7.4147716,-0.1428566,2.2142868,-12.0,-17.0,71.7,71.7,71.7,71.7,71.18785,2.7100046,0.050000098,0.050000098,0.050000098,1.0500001,1.0575541,1.5118614,-0.057554126,0.0,0.038068358,5667.8315,4.3344765,0.0,0.0,-0.0,39.642857,39.642857,39.642857,31.865073312370033,36.918420417765226,43.26633960936974,increase_5,2398.9621610151617,2779.4034163507486,3257.3065359374687,52.6995,2346.262659977564,2726.703915313151,3204.607034899871,858.344374922307,2346.262659977564,10.0,93.20999603271484,2946.5911799029486
2024-01-01,store_1,item_19,13.859147083300108,42.861,0,0.0,1,0,1,0,0.49999999999999994,0.8660254037844387,0.0,1.0,15.0,13.0,13.0,10.0,15.857142,3.9761193,14.571428,3.4799268,13.714286,3.2869792,1.2857141,2.1428566,2.0,2.0,40.82,40.82,40.82,40.82,40.82,0.0,0.05000001,0.05000001,0.05000001,1.05,1.05,2.0410004e+06,-0.049999952,0.0,0.0,1837.0653,3.7810256,0.0,0.0,-0.0,13.714286,13.714286,13.714286,9.817356222943175,13.859147083300108,17.713269188670672,increase_5,420.7817056707713,594.0169039832211,759.2084317767459,30.002699,390.7790067724559,564.0142050849057,729.2057328784305,338.4267261059746,390.7790067724559,10.0,36.737999725341794,582.5361603183487
2024-01-01,store_1,item_2,36.55334865536487,40.4775,0,0.0,1,0,1,0,0.49999999999999994,0.8660254037844387,0.0,1.0,35.0,42.0,40.0,33.0,40.42857,6.7541876,39.92857,5.6359324,39.464287,7.4658837,0.5,0.964283,-7.0,-9.0,38.55,38.55,38.55,38.55,37.999287,2.022065,0.050000045,0.050000045,0.050000045,1.0500001,1.0652174,1.2255853,-0.065217376,0.0,0.053213235,1638.4281,3.725151,0.0,0.0,-0.0,39.464287,39.464287,39.464287,31.924801843544493,36.55334865536487,43.18373909204621,increase_5,1292.2361958501012,1479.5882036631217,1747.9698386341945,28.33425,1263.9019463536413,1451.2539541666617,1719.6355891377345,455.73364278409326,1263.9019463536413,10.0,50.114999008178714,1448.807759964844
2024-01-01,store_1,item_20,70.27059323355662,12.81,1,0.0,1,0,1,0,0.49999999999999994,0.8660254037844387,0.0,1.0,62.0,45.0,47.0,45.0,51.285713,7.0878835,51.214287,11.715726,48.07143,9.626078,0.07142639,3.214283,17.0,19.0,12.2,15.24,15.24,14.805714,14.914286,0.95751,0.050000045,-0.15944877,-0.15944877,0.8652065,0.858908,-2.1976616,0.141092,0.20944881,0.064200856,164.09612,2.625393,0.0,1.0,0.14109200239181519,48.07143,48.07143,48.07143,63.800236210742064,70.27059323355662,74.93183168261211,increase_5,817.2810526312504,900.1663288085747,959.876795296909,8.967,808.314052623621,891.1993288009453,950.9097952892796,142.59574266565858,808.314052623621,10.0,14.944999766349794,878.4378267211671
2024-01-01,store_1,item_21,36.846139513106216,28.8225,0,0.0,1,0,1,0,0.49999999999999994,0.8660254037844387,0.0,1.0,31.0,38.0,42.0,39.0,46.285713,13.31308,43.07143,10.21661,41.214287,9.769026,3.214283,5.0714264,-7.0,-3.0,27.45,27.45,27.45,25.88143,26.665714,1.9563528,0.049999975,0.049999975,0.049999975,1.1136363,1.0808823,1.1024519,-0.08088231,0.0,0.073365845,830.7365,3.3952632,0.0,2.0,-0.0,41.214287,41.214287,41.214287,32.80682229103356,36.846139513106216,42.091825495386075,increase_5,945.5746429922006,1061.997864549916,1213.1916499748195,20.17575,925.3988922597787,1041.822113817494,1193.0158992423976,267.61700698261893,925.3988922597787,10.0,35.68500099182129,1051.093244159128
2024-01-01,store_1,item_22,20.159182821057602,49.9695,0,0.0,1,0,1,0,0.49999999999999994,0.8660254037844387,0.0,1.0,17.0,13.0,18.0,18.0,20.428572,5.287001,19.857143,4.8810015,20.892857,4.9765325,0.5714283,-0.4642849,4.0,9.0,47.59,47.59,47.59,47.59,46.23,3.3924363,0.050000027,0.050000027,0.050000027,1.0500001,1.0808891,1.1023054,-0.080889106,0.0,0.07338171,2496.9512,3.9312274,0.0,0.0,-0.0,20.892857,20.892857,20.892857,15.966903356432795,20.159182821057602,22.673982269059913,increase_5,797.8582011455584,1007.3443161221003,1133.0075908995855,34.97865,762.8795520061541,972.365666982696,1098.0289417601812,335.1493897540271,762.8795520061541,10.0,61.86700019836426,1019.9554160799293
2024-01-01,store_1,item_23,11.912123218988949,49.161,0,0.0,1,0,1,0,0.49999999999999994,0.8660254037844387,0.0,1.0,10.0,6.0,16.0,13.0,11.428572,3.5523298,11.285714,4.027379,11.785714,3.499811,0.14285755,-0.35714245,4.0,14.0,46.82,46.82,46.82,46.82,46.485714,1.7688738,0.049999993,0.049999993,0.049999993,1.05,1.0575507,1.5124221,-0.05755067,0.0,0.03805199,2416.804,3.915238,0.0,0.0,-0.0,11.785714,11.785714,11.785714,8.101925795580433,11.912123218988949,15.360318867854472,increase_5,398.2987683497531,585.6118812075453,755.1286250811199,34.4127,363.88606769667695,551.1991805544691,720.7159244280438,356.8298567313668,363.88606769667695,10.0,60.86599960327148,587.5828099070152
2024-01-01,store_1,item_24,36.39758201862343,20.013,0,0.0,1,0,1,0,0.49999999999999994,0.8660254037844387,0.0,1.0,31.0,44.0,35.0,38.0,42.857143,12.64158,40.642857,10.3819895,39.25,8.461788,2.2142868,3.6071434,-13.0,-22.0,19.06,19.06,19.06,18.515715,18.923927,0.7200222,0.05000005,0.05000005,0.05000005,1.0808656,1.05755,1.5125529,-0.057549953,0.0,0.03804824,400.5202,3.0451412,0.0,1.0,-0.0,39.25,39.25,39.25,30.958980920162613,36.39758201862343,42.04704989140283,increase_5,619.5821002719043,728.4248267109676,841.4876300074309,14.0091,605.5730003115772,714.4157267506405,827.4785300471037,221.90552973552656,605.5730003115772,10.0,24.7779993057251,778.8285518425331
2024-01-01,store_1,item_25,32.96445641302277,93.6705,0,0.0,1,0,1,0,0.49999999999999994,0.8660254037844387,0.0,1.0,33.0,39.0,31.0,27.0,37.142857,7.1514235,38.92857,7.5392747,37.17857,7.3436975,-1.7857132,-0.035713196,-6.0,-14.0,89.21,89.21,89.21,89.21,87.29857,5.6190705,0.05000003,0.05000003,0.05000003,1.0500001,1.0729902,1.1339833,-0.07299018,0.0,0.064366125,8774.163,4.5504026,0.0,0.0,-0.0,37.17857,37.17857,37.17857,30.074906183483506,32.96445641302277,39.27910697046809,increase_5,2817.1315510575364,3087.7971707717907,3679.2936566046114,65.56935,2751.5621998612473,3022.2278195755016,3613.7243054083224,862.162105547075,2751.5621998612473,10.0,115.97299880981446,3490.8260104615533
2024-01-01,store_1,item_26,35.90845958358692,50.0535,0,0.0,1,0,1,0,0.49999999999999994,0.8660254037844387,0.0,1.0,31.0,40.0,36.0,53.0,38.714287,6.725927,38.42857,6.767732,37.67857,7.0398526,0.285717,1.035717,-9.0,-13.0,47.67,47.67,38.14,47.67,47.32964,1.8010005,0.050000064,0.050000064,0.3123624,1.0500001,1.0575509,1.512415,-0.057550907,0.0,0.038052276,2505.353,3.9328742,0.0,0.0,-0.0,37.67857,37.67857,37.67857,31.584265341825596,35.90845958358692,41.04082614008515,increase_5,1580.903060950453,1797.344122313119,2054.237037544017,35.03745,1545.8656120673963,1762.3066734300623,2019.1995886609602,473.3339765935639,1545.8656120673963,10.0,61.97099761962891,1832.9460600947814
2024-01-01,store_1,item_27,36.27683672372498,71.001,0,0.0,1,0,1,0,0.49999999999999994,0.8660254037844387,0.0,1.0,34.0,38.0,39.0,41.0,42.714287,7.867958,40.92857,7.5392747,40.07143,6.6939917,1.785717,2.6428566,-4.0,-3.0,67.62,67.62,67.62,65.688576,66.17143,4.258401,0.04999995,0.04999995,0.04999995,1.0808729,1.0729856,1.1341267,-0.07298565,0.0,0.06435407,5041.142,4.27668,0.0,1.0,-0.0,40.07143,40.07143,40.07143,33.645326834902065,36.27683672372498,43.224653821973334,increase_5,2388.8518321229517,2575.691664293736,3068.993622269917,49.7007,2339.1511332704126,2525.9909654411967,3019.292923417378,680.1417901469654,2339.1511332704126,10.0,87.90600357055665,2581.62874005036
2024-01-02,store_1,item_1,46.701938728119515,22.365,0,0.0,1,1,1,0,0.49999999999999994,0.8660254037844387,0.7818314824680298,0.6234898018587336,42.152237,51.0,49.0,48.0,47.164604,8.399515,47.368015,7.2409344,46.898293,10.56411,-0.2034111,0.26631165,-8.847763,-10.847763,22.365,21.3,21.3,21.452143,21.033749,1.1457572,0.0,0.050000023,0.050000023,1.0425531,1.0632911,1.1618954,-0.06329107,-0.050000023,0.05447232,500.1932,3.1512392,0.0,0.0,-0.0,46.898293,46.898293,46.898293,42.85471338080177,46.701938728119515,50.70228716042792,increase_5,958.445654952966,1044.4888489651676,1133.9566407381378,15.655499,942.790155494653,1028.8333495068546,1118.3011412798248,175.51098578517178,942.790155494653,10.0,27.689999008178713,960.5376904331911
2024-01-02,store_1,item_10,23.987606355388014,21.6195,0,0.0,1,1,1,0,0.49999999999999994,0.8660254037844387,0.7818314824680298,0.6234898018587336,23.222778,29.0,28.0,22.0,23.174683,6.491482,24.587341,6.1692443,22.936527,5.4430957,-1.4126587,0.23815536,-5.7772217,-6.7772217,21.6195,20.59,20.59,20.737072,20.479626,0.8095074,0.0,0.04999995,0.04999995,1.0425531,1.0556588,1.4081057,-0.055658817,-0.04999995,0.03952745,467.40274,3.1188123,0.0,0.0,-0.0,22.936527,22.936527,22.936527,21.461560205718033,23.987606355388014,27.369140301453744,increase_5,463.9881838386952,518.6000365671763,591.7071070310424,15.133649,448.8545349663197,503.4663876948008,576.5734581586669,127.71892319234718,448.8545349663197,10.0,26.767000198364258,480.8890615945379
2024-01-02,store_1,item_11,43.476666627419924,54.81,1,0.0,1,1,1,0,0.49999999999999994,0.8660254037844387,0.7818314824680298,0.6234898018587336,38.053787,26.0,27.0,35.0,30.579113,8.026164,27.932413,7.625941,27.180492,7.5210176,2.6467,3.3986206,12.053787,13.053787,54.81,65.25,52.2,60.03,63.012856,4.9067936,0.0,-0.15999998,0.050000012,0.9130435,0.8698225,-1.6717337,0.1301775,0.15999998,0.07786972,3004.1362,4.021953,0.0,3.0,0.13017749786376953,27.180492,27.180492,27.180492,39.68092969910306,43.476666627419924,48.88395970033667,increase_5,2174.911811301303,2382.9561575550015,2679.3298983073555,38.367,2136.544810721469,2344.5891569751675,2640.9628977275215,504.4180870060527,2136.544810721469,10.0,63.945000934600834,1990.7141957281833
2024-01-02,store_1,item_12,24.181393789159497,63.924,0,0.0,1,1,1,0,0.49999999999999994,0.8660254037844387,0.7818314824680298,0.6234898018587336,21.560123,26.0,25.0,37.0,22.222876,5.68398,23.397152,4.874305,21.73429,6.0037537,-1.1742764,0.48858643,-4.4398766,-5.4398766,63.924,60.88,48.7,61.314857,59.248714,4.4228573,0.0,0.04999998,0.31260777,1.0425532,1.0789095,1.0570734,-0.07890952,-0.04999998,0.074649,4086.2778,4.1732173,0.0,0.0,-0.0,21.73429,21.73429,21.73429,19.921173115679807,24.181393789159497,26.923880128141153,increase_5,1273.4410659910943,1545.7714114125286,1721.0821075597337,44.7468,1228.6942665221002,1501.0246119435344,1676.3353080907395,447.64104156863937,1228.6942665221002,10.0,79.14400138854981,1376.6699239758996
2024-01-02,store_1,item_13,42.8636192980553,71.5995,0,0.0,1,1,1,0,0.49999999999999994,0.8660254037844387,0.7818314824680298,0.6234898018587336,38.31183,43.0,43.0,48.0,42.044548,2.9322553,42.73656,3.551894,42.011135,4.927621,-0.6920128,0.033412933,-4.6881714,-4.6881714,71.5995,68.19,68.19,68.67707,67.33749,3.6685553,0.0,0.05,0.05,1.0425532,1.0632933,1.1617694,-0.06329334,-0.05,0.054480135,5126.489,4.284958,0.0,0.0,-0.0,42.011135,42.011135,42.011135,37.94126697445765,42.8636192980553,50.75282935468153,increase_5,2716.575841999229,3069.013819810994,3633.8773354842087,50.11965,2666.4561902047953,3018.8941680165603,3583.757683689775,917.3014934849798,2666.4561902047953,10.0,66.4852523803711,2704.1890872456106
2024-01-02,store_1,item_14,27.0706326234648,73.899,0,0.0,1,1,1,0,0.49999999999999994,0.8660254037844387,0.7818314824680298,0.6234898018587336,23.92733,24.0,28.0,29.0,25.846762,4.1055164,26.780523,6.5560713,24.71169,5.8240347,-0.9337616,1.1350708,-0.07266998,3.92733,73.899,70.38,70.38,68.87271,68.99818,4.5248847,0.0,0.05000007,0.05000007,1.0729795,1.0710284,1.0830827,-0.07102835,-0.05000007,0.06557977,5461.0625,4.3161407,0.0,1.0,-0.0,24.71169,24.71169,24.71169,23.006349885362436,27.0706326234648,29.172507474621806,increase_5,1700.146297921068,2000.4927364182752,2155.8191904057276,51.7293,1648.4169964684313,1948.7634349656385,2104.089888953091,455.67289248465954,1648.4169964684313,10.0,91.49399642944336,1785.1598720204315
2024-01-02,store_1,item_15,24.094660389149656,59.451,0,0.0,1,1,1,0,0.49999999999999994,0.8660254037844387,0.7818314824680298,0.6234898018587336,20.904058,25.0,25.0,20.0,23.272009,4.652509,22.207432,4.919339,21.139431,4.672476,1.0645771,2.132578,-4.0959415,-4.0959415,59.451,56.62,56.62,57.02443,56.721107,0.53500897,0.0,0.050000023,0.050000023,1.0425532,1.0481284,5.102508,-0.048128366,-0.050000023,0.009432273,3534.4214,4.1018333,0.0,0.0,-0.0,21.139431,21.139431,21.139431,19.043544857962235,24.094660389149656,26.307684859397877,increase_5,1132.1577894188529,1432.451659942511,1564.018178195991,41.6157,1090.5420896507865,1390.8359601744446,1522.4024784279245,431.86038877713804,1090.5420896507865,10.0,73.6059986114502,1246.037108017076
2024-01-02,store_1,item_16,30.763131309273167,45.234,0,0.0,1,1,1,0,0.49999999999999994,0.8660254037844387,0.7818314824680298,0.6234898018587336,30.780544,35.0,28.0,29.0,35.82579,3.4406948,32.34147,5.7769747,30.88502,4.97653,3.4843216,4.940771,-4.2194557,-11.219456,45.234,43.08,43.08,42.15629,42.84907,1.6936808,0.0,0.049999982,0.049999982,1.0730072,1.0556588,1.4081333,-0.055658817,-0.049999982,0.039526664,2046.1149,3.8337154,0.0,1.0,-0.0,30.88502,30.88502,30.88502,29.798554985635803,30.763131309273167,37.94992981403095,increase_5,1347.9078707766796,1391.5395173186805,1716.627169217194,31.663801,1316.2440695834423,1359.8757161254432,1684.9633680239567,368.7192984405144,1316.2440695834423,10.0,56.0040023803711,1379.121854775008
2024-01-02,store_1,item_17,19.45605408053446,65.436,0,0.0,1,1,1,0,0.49999999999999994,0.8660254037844387,0.7818314824680298,0.6234898018587336,17.414644,19.0,25.0,22.0,16.34495,4.5491443,18.601046,5.6315393,17.407665,4.953557,-2.256096,-1.0627155,-1.5853558,4.4146442,65.436,62.32,62.32,62.76514,61.096287,4.007099,0.0,0.049999956,0.049999956,1.0425532,1.0710306,1.0830052,-0.07103062,-0.049999956,0.06558663,4281.8696,4.196239,0.0,0.0,-0.0,17.407665,17.407665,17.407665,15.392661201371126,19.45605408053446,23.501147137741604,increase_5,1007.2341323377404,1273.1262966261913,1537.8209938198465,45.8052,961.4289336683069,1227.3210979567577,1492.015795150413,530.5868614821061,961.4289336683069,10.0,81.01599960327148,1099.5851615666734
2024-01-02,store_1,item_18,41.51199490147727,75.285,0,0.0,1,1,1,0,0.49999999999999994,0.8660254037844387,0.7818314824680298,0.6234898018587336,36.91842,48.0,48.0,39.0,41.131203,10.766761,41.99417,8.579143,39.711372,7.3790584,-0.86296844,1.4198303,-11.081581,-11.081581,75.285,71.7,71.7,72.21214,71.31589,2.8176475,0.0,0.050000098,0.050000098,1.0425532,1.0556555,1.4086627,-0.05565548,-0.050000098,0.039509393,5667.8315,4.3344765,0.0,0.0,-0.0,39.711372,39.711372,39.711372,37.03447041004966,41.51199490147727,47.07006004143194,increase_5,2788.1402404448695,3125.2306881791824,3543.6696425949117,52.6995,2735.440739407272,3072.5311871415847,3490.970141557314,755.5294021500422,2735.440739407272,10.0,93.20999603271484,2946.5911799029486
2024-01-02,store_1,item_19,17.084083411985997,42.861,0,0.0,1,1,1,0,0.49999999999999994,0.8660254037844387,0.7818314824680298,0.6234898018587336,13.859147,18.0,17.0,19.0,15.979878,3.8854518,14.632796,3.457587,13.852113,3.2053628,1.3470821,2.1277657,-4.140853,-5.140853,42.861,40.82,40.82,41.111572,40.89289,0.3857128,0.0,0.05000001,0.05000001,1.0425532,1.0481284,5.1025114,-0.048128366,-0.05000001,0.00943227,1837.0653,3.7810256,0.0,0.0,-0.0,13.852113,13.852113,13.852113,12.177803500643988,17.084083411985997,20.021065576070214,increase_5,521.9528365843761,732.2409001638615,858.1228928779343,30.002699,491.95013768606066,702.2382012655461,828.1201939796189,336.1700562935582,491.95013768606066,10.0,36.737999725341794,582.5361603183487
2024-01-02,store_1,item_2,41.08034504567058,40.4775,0,0.0,1,1,1,0,0.49999999999999994,0.8660254037844387,0.7818314824680298,0.6234898018587336,36.55335,46.0,46.0,41.0,39.65048,6.8559494,39.68238,5.707398,39.59119,7.3816586,-0.031902313,0.059288025,-9.446651,-9.446651,40.4775,38.55,38.55,38.825356,38.068123,2.0736597,0.0,0.050000045,0.050000045,1.0425533,1.0632912,1.161896,-0.06329119,-0.050000045,0.05447234,1638.4281,3.725151,0.0,0.0,-0.0,39.59119,39.59119,39.59119,36.89853491247973,41.08034504567058,44.68371841816835,increase_5,1493.560480701516,1662.82970419631,1808.6852531805753,28.33425,1465.2262312050561,1634.4954546998501,1780.3510036841153,315.1247724790592,1465.2262312050561,10.0,50.114999008178714,1448.807759964844
2024-01-02,store_1,item_20,78.01855906125223,12.81,1,0.0,1,1,1,0,0.49999999999999994,0.8660254037844387,0.7818314824680298,0.6234898018587336,70.27059,49.0,52.0,48.0,54.895798,9.408463,52.876472,12.682695,48.97395,10.474694,2.0193253,5.9218483,21.270592,24.270592,12.81,15.24,15.24,14.458571,14.827499,1.0339662,0.0,-0.15944877,-0.15944877,0.8859796,0.8639353,-1.9512216,0.13606471,0.15944877,0.06973301,164.09612,2.625393,0.0,2.0,0.13606470823287964,48.97395,48.97395,48.97395,73.830571811345,78.01855906125223,85.55810882466574,increase_5,945.7696558838702,999.4177743125314,1095.9994099455794,8.967,936.8026558762408,990.450774304902,1087.03240993795,150.22975406170917,936.8026558762408,10.0,14.944999766349794,878.4378267211671
2024-01-02,store_1,item_21,41.507529114465754,28.8225,0,0.0,1,1,1,0,0.49999999999999994,0.8660254037844387,0.7818314824680298,0.6234898018587336,36.846138,47.0,47.0,39.0,46.120876,13.439314,42.703297,10.350167,41.137363,9.795551,3.4175797,4.983513,-10.153862,-10.153862,28.8225,27.45,27.45,26.0775,26.714733,1.993572,0.0,0.049999975,0.049999975,1.1052631,1.078899,1.0572811,-0.078899026,-0.049999975,0.074624434,830.7365,3.3952632,0.0,2.0,-0.0,41.137363,41.137363,41.137363,36.91349967336692,41.507529114465754,48.981693850156724,increase_5,1063.9393527844477,1196.3507674020086,1411.7748822071621,20.17575,1043.7636020520258,1176.1750166695867,1391.5991314747403,347.83552942271444,1043.7636020520258,10.0,35.68500099182129,1051.093244159128
2024-01-02,store_1,item_22,23.010576788517987,49.9695,0,0.0,1,1,1,0,0.49999999999999994,0.8660254037844387,0.7818314824680298,0.6234898018587336,20.159184,26.0,16.0,24.0,21.451311,4.188898,20.01137,4.851832,20.96997,4.9466853,1.4399414,0.4813404,-5.8408165,-15.8408165,49.9695,47.59,38.07,47.929928,46.314983,3.4569569,0.0,0.050000027,0.312569,1.0425532,1.0789057,1.0571486,-0.0789057,-0.050000027,0.07464014,2496.9512,3.9312274,0.0,0.0,-0.0,20.96997,20.96997,20.96997,17.584344882515854,23.010576788517987,26.40516431617972,increase_5,878.6809479018253,1149.8270512429763,1319.4528977826042,34.97865,843.702298762421,1114.848402103572,1284.4742486431999,440.77194988077883,843.702298762421,10.0,61.86700019836426,1019.9554160799293
2024-01-02,store_1,item_23,13.522003466059232,49.161,0,0.0,1,1,1,0,0.49999999999999994,0.8660254037844387,0.7818314824680298,0.6234898018587336,11.912124,16.0,16.0,10.0,12.273161,2.6294932,10.993723,3.8011274,11.746861,3.4918609,1.279438,0.5262995,-4.0878763,-4.0878763,49.161,46.82,46.82,47.154427,46.56932,1.8391864,0.0,0.049999993,0.049999993,1.0425532,1.055652,1.4091433,-0.055652022,-0.049999993,0.03949352,2416.804,3.915238,0.0,0.0,-0.0,11.746861,11.746861,11.746861,10.053389627807915,13.522003466059232,17.39411436295846,increase_5,494.2346804361475,664.7552029037855,855.1120439883973,34.4127,459.82197978307136,630.3425022507093,820.6993433353211,360.8773635522498,459.82197978307136,10.0,60.86599960327148,587.5828099070152
2024-01-02,store_1,item_24,45.40881986710191,20.013,0,0.0,1,1,1,0,0.49999999999999994,0.8660254037844387,0.7818314824680298,0.6234898018587336,36.397583,68.0,48.0,44.0,41.771084,12.85185,40.742683,10.330148,39.192772,8.475962,1.0284004,2.578312,-31.602417,-51.602417,20.013,15.25,19.06,18.651857,18.957964,0.7486479,0.0,0.3123279,0.05000005,1.0729761,1.0556513,1.4092541,-0.055651307,-0.3123279,0.039489888,400.5202,3.0451412,1.0,1.0,-0.0,39.192772,39.192772,39.192772,40.56101881130783,45.40881986710191,49.71274650862889,increase_5,811.7476892758887,908.7667341725859,994.901220150992,14.0091,797.7385893155615,894.7576342122587,980.8921201906649,183.15353087510334,797.7385893155615,10.0,24.7779993057251,778.8285518425331
2024-01-02,store_1,item_25,37.94977581515016,93.6705,0,0.0,1,1,1,0,0.49999999999999994,0.8660254037844387,0.7818314824680298,0.6234898018587336,32.964455,42.0,48.0,37.0,36.280636,7.253312,39.06889,7.3973036,37.391586,7.1206326,-2.7882538,-1.1109505,-9.035545,-3.0355453,93.6705,89.21,89.21,89.84721,87.45788,5.7372537,0.0,0.05000003,0.05000003,1.0425532,1.0710356,1.0828565,-0.07103562,-0.05000003,0.065600194,8774.163,4.5504026,0.0,0.0,-0.0,37.391586,37.391586,37.391586,33.663360227345194,37.94977581515016,46.019875638456,increase_5,3153.2638417056946,3554.774540348597,4310.704839639241,65.56935,3087.6944905094056,3489.205189152308,4245.135488442952,1157.4409979335464,3087.6944905094056,10.0,115.97299880981446,3490.8260104615533
2024-01-02,store_1,item_26,38.94049916671865,50.0535,0,0.0,1,1,1,0,0.49999999999999994,0.8660254037844387,0.7818314824680298,0.6234898018587336,35.90846,41.0,45.0,34.0,38.12978,6.7731905,38.42203,6.770303,37.06816,6.37141,-0.2922516,1.0616188,-5.0915413,-1.0915413,50.0535,47.67,47.67,48.010498,47.755123,0.45043972,0.0,0.050000064,0.050000064,1.0425533,1.0481284,5.102509,-0.048128366,-0.050000064,0.00943228,2505.353,3.9328742,0.0,0.0,-0.0,37.06816,37.06816,37.06816,34.03844720401437,38.94049916671865,46.009528818095895,increase_5,1703.7434555606592,1949.1083190110319,2302.9380026482404,35.03745,1668.7060066776025,1914.0708701279752,2267.9005537651838,599.1945470875812,1668.7060066776025,10.0,61.97099761962891,1832.9460600947814
2024-01-02,store_1,item_27,42.062401382806755,71.001,0,0.0,1,1,1,0,0.49999999999999994,0.8660254037844387,0.7818314824680298,0.6234898018587336,36.276836,44.0,48.0,43.0,42.46812,8.064538,40.73406,7.6274714,39.902744,6.7291436,1.7340622,2.5653763,-7.7231636,-3.7231636,71.001,67.62,67.62,66.17157,66.29218,4.3479905,0.0,0.04999995,0.04999995,1.0729835,1.0710312,1.0829866,-0.07103121,-0.04999995,0.06558828,5041.142,4.27668,0.0,1.0,-0.0,39.902744,39.902744,39.902744,35.842204311251855,42.062401382806755,49.86306224971535,increase_5,2544.8323286144823,2986.472537475095,3540.327255401441,49.7007,2495.1316297619433,2936.771838622556,3490.626556548902,995.4949267869588,2495.1316297619433,10.0,87.90600357055665,2581.62874005036
2024-01-03,store_1,item_1,49.54965762320068,22.365,0,0.0,1,2,1,0,0.49999999999999994,0.8660254037844387,0.9749279121818236,-0.22252093395631434,46.70194,58.0,58.0,55.0,46.5506,8.2277565,47.20387,7.227127,46.851936,10.561944,-0.6532707,-0.3013382,-11.298061,-11.298061,22.365,21.3,21.3,21.604284,21.071785,1.1722933,0.0,0.050000023,0.050000023,1.0352112,1.0613718,1.1031486,-0.061371803,-0.050000023,0.055633314,500.1932,3.1512392,0.0,0.0,-0.0,46.851936,46.851936,46.851936,46.5917894739675,49.54965762320068,53.148496467796846,increase_5,1042.0253609212689,1108.1780814018666,1188.666111337551,15.655499,1026.369861462956,1092.5225819435536,1173.010611879238,146.64075041628212,1026.369861462956,10.0,27.689999008178713,960.5376904331911
2024-01-03,store_1,item_10,24.497644333868177,21.6195,0,0.0,1,2,1,0,0.49999999999999994,0.8660254037844387,0.9749279121818236,-0.22252093395631434,23.987606,30.0,31.0,21.0,22.458626,5.9996305,24.300741,6.091217,23.007513,5.4433904,-1.8421154,-0.54888725,-6.012394,-5.012394,21.6195,20.59,20.59,20.884142,20.516394,0.83759886,0.0,0.04999995,0.04999995,1.0352112,1.053767,1.3169839,-0.053766966,-0.04999995,0.04082583,467.40274,3.1188123,0.0,0.0,-0.0,23.007513,23.007513,23.007513,22.29685010077956,24.497644333868177,28.472916453219646,increase_5,482.0467330622113,529.6268022382349,615.5701946683464,15.133649,466.9130841898358,514.4931533658594,600.4365457959709,133.52346160613513,466.9130841898358,10.0,26.767000198364258,480.8890615945379
2024-01-03,store_1,item_11,44.93976917290057,54.81,1,0.0,1,2,1,0,0.49999999999999994,0.8660254037844387,0.9749279121818236,-0.22252093395631434,43.476665,25.0,39.0,28.0,33.07578,9.020912,29.109318,8.670807,27.48323,8.002612,3.9664612,5.5925484,18.476665,32.476665,54.81,65.25,65.25,58.53857,63.10607,4.7148094,0.0,-0.15999998,-0.15999998,0.93630576,0.86853766,-1.7595767,0.13146234,0.15999998,0.074712455,3004.1362,4.021953,0.0,4.0,0.13146233558654785,27.48323,27.48323,27.48323,42.012491969804096,44.93976917290057,50.635720209034936,increase_5,2302.70474256034,2463.1488100820616,2775.3438941947843,38.367,2264.337741980506,2424.7818095022276,2736.9768936149503,472.63915163444426,2264.337741980506,10.0,63.945000934600834,1990.7141957281833
2024-01-03,store_1,item_12,22.876714918473915,63.924,0,0.0,1,2,1,0,0.49999999999999994,0.8660254037844387,0.9749279121818236,-0.22252093395631434,24.181395,30.0,28.0,17.0,21.963074,5.5218115,23.33868,4.8584824,21.276484,5.2362504,-1.3756065,0.6865902,-5.8186054,-7.8186054,63.924,60.88,60.88,61.749714,59.79243,3.992912,0.0,0.04999998,0.04999998,1.0352113,1.0690985,1.0347255,-0.06909847,-0.04999998,0.066779554,4086.2778,4.1732173,0.0,0.0,-0.0,21.276484,21.276484,21.276484,19.92881664921104,22.876714918473915,27.38926250961152,increase_5,1273.929671226912,1462.371119561533,1750.8312108134292,44.7468,1229.1828717579178,1417.624320092539,1706.084411344435,476.9015395865172,1229.1828717579178,10.0,79.14400138854981,1376.6699239758996
2024-01-03,store_1,item_13,44.02423672815791,71.5995,0,0.0,1,2,1,0,0.49999999999999994,0.8660254037844387,0.9749279121818236,-0.22252093395631434,42.86362,44.0,45.0,46.0,42.025063,2.9252937,42.726818,3.5513027,41.827694,4.7901025,-0.7017555,0.19736862,-1.1363792,-0.13637924,71.5995,68.19,68.19,69.16415,67.45925,3.7535014,0.0,0.05,0.05,1.0352112,1.0613741,1.1030368,-0.06137407,-0.05,0.055641018,5126.489,4.284958,0.0,0.0,-0.0,41.827694,41.827694,41.827694,38.31863105871895,44.02423672815791,52.10436129785312,increase_5,2743.59492271766,3152.113450472841,3730.6463503139435,50.11965,2693.4752709232266,3101.9937986784075,3680.52669851951,987.0514275962832,2693.4752709232266,10.0,66.4852523803711,2704.1890872456106
2024-01-03,store_1,item_14,26.32653734340061,73.899,0,0.0,1,2,1,0,0.49999999999999994,0.8660254037844387,0.9749279121818236,-0.22252093395631434,27.070633,34.0,29.0,30.0,26.285423,4.0388107,26.71414,6.5474734,24.642784,5.7826858,-0.42871666,1.6426392,-6.929367,-11.929367,73.899,70.38,70.38,69.37543,69.123856,4.6127043,0.0,0.05000007,0.05000007,1.0652043,1.0690811,1.0352161,-0.06908107,-0.05000007,0.066731006,5461.0625,4.3161407,0.0,1.0,-0.0,24.642784,24.642784,24.642784,24.499727318600787,26.32653734340061,31.60059563719788,increase_5,1810.5053999589989,1945.5048377726685,2335.252482570694,51.7293,1758.7760985063621,1893.7755363200317,2283.5231811180574,524.7470826116953,1758.7760985063621,10.0,91.49399642944336,1785.1598720204315
2024-01-03,store_1,item_15,23.669624912875673,59.451,0,0.0,1,2,1,0,0.49999999999999994,0.8660254037844387,0.9749279121818236,-0.22252093395631434,24.09466,29.0,24.0,28.0,23.142673,4.6088457,22.142765,4.885641,21.28567,4.6994925,0.99990845,1.8570042,-4.90534,-9.90534,59.451,56.62,56.62,57.428856,56.822212,0.7424733,0.0,0.050000023,0.050000023,1.0352113,1.0462633,3.5405777,-0.046263337,-0.050000023,0.013066603,3534.4214,4.1018333,0.0,0.0,-0.0,21.28567,21.28567,21.28567,20.24852526976831,23.669624912875673,27.048782092761886,increase_5,1203.7950801385475,1407.182875751749,1608.0771499750301,41.6157,1162.179380370481,1365.5671759836825,1566.4614502069637,404.2820698364826,1162.179380370481,10.0,73.6059986114502,1246.037108017076
2024-01-03,store_1,item_16,32.58685135260376,45.234,0,0.0,1,2,1,0,0.49999999999999994,0.8660254037844387,0.9749279121818236,-0.22252093395631434,30.763132,37.0,36.0,34.0,35.220524,3.9457667,32.538834,5.6633244,30.947989,4.962931,2.6816902,4.2725353,-6.236868,-7.236868,45.234,43.08,43.08,42.464,42.926003,1.7524568,0.0,0.049999982,0.049999982,1.0652317,1.053767,1.3170067,-0.053766966,-0.049999982,0.040825065,2046.1149,3.8337154,0.0,1.0,-0.0,30.947989,30.947989,30.947989,30.108844912577652,32.58685135260376,40.20960192631928,increase_5,1361.9435256918005,1474.0336718736062,1818.8411801649138,31.663801,1330.2797244985632,1442.3698706803689,1787.1773789716765,456.89765447311333,1330.2797244985632,10.0,56.0040023803711,1379.121854775008
2024-01-03,store_1,item_17,20.125602420491084,65.436,0,0.0,1,2,1,0,0.49999999999999994,0.8660254037844387,0.9749279121818236,-0.22252093395631434,19.456055,25.0,32.0,18.0,16.410099,4.596525,18.20505,5.334028,17.31681,4.8891177,-1.7949505,-0.9067116,-5.5439453,1.4560547,65.436,62.32,62.32,63.210285,61.207573,4.0848575,0.0,0.049999956,0.049999956,1.0352112,1.0690833,1.0351458,-0.06908333,-0.049999956,0.06673778,4281.8696,4.196239,0.0,0.0,-0.0,17.31681,17.31681,17.31681,15.399687526672587,20.125602420491084,25.113614146447766,increase_5,1007.693906939153,1316.9388597971595,1643.3343801791011,45.8052,961.8887082697194,1271.1336611277259,1597.5291815096675,635.6404732399482,961.8887082697194,10.0,81.01599960327148,1099.5851615666734
2024-01-03,store_1,item_18,44.06281773856276,75.285,0,0.0,1,2,1,0,0.49999999999999994,0.8660254037844387,0.9749279121818236,-0.22252093395631434,41.511993,59.0,47.0,43.0,40.204346,10.348027,41.530743,8.403194,39.801086,7.385357,-1.326397,0.40325928,-17.488007,-29.488007,75.285,71.7,71.7,72.72428,71.443924,2.9155014,0.0,0.050000098,0.050000098,1.0352113,1.0537635,1.3174676,-0.05376351,-0.050000098,0.04080825,5667.8315,4.3344765,0.0,0.0,-0.0,39.801086,39.801086,39.801086,41.11125098759986,44.06281773856276,47.29327316862744,increase_5,3095.060681155353,3317.2693948105552,3560.4742436932556,52.6995,3042.3611801177553,3264.5698937729576,3507.774742655658,465.41356253790264,3042.3611801177553,10.0,93.20999603271484,2946.5911799029486
2024-01-03,store_1,item_19,17.737467808919497,42.861,0,0.0,1,2,1,0,0.49999999999999994,0.8660254037844387,0.9749279121818236,-0.22252093395631434,17.084084,16.0,14.0,11.0,15.849033,3.8209717,14.638803,3.4620852,13.783687,3.1104438,1.2102308,2.0653467,1.0840836,-0.91591644,42.861,40.82,40.82,41.40314,40.965786,0.5352835,0.0,0.05000001,0.05000001,1.0352113,1.0462633,3.5405734,-0.046263337,-0.05000001,0.013066599,1837.0653,3.7810256,0.0,0.0,-0.0,13.783687,13.783687,13.783687,12.289492598436967,17.737467808919497,20.417920021520395,increase_5,526.739943011698,760.2456088407077,875.1324712885965,30.002699,496.73724411338253,730.2429099423923,845.1297723902811,348.3925282768986,496.73724411338253,10.0,36.737999725341794,582.5361603183487
2024-01-03,store_1,item_2,41.49359080533221,40.4775,0,0.0,1,2,1,0,0.49999999999999994,0.8660254037844387,0.9749279121818236,-0.22252093395631434,41.080345,46.0,42.0,42.0,38.94767,6.3284383,39.33098,5.433375,39.59406,7.382242,-0.3833084,-0.646389,-4.919655,-8.919655,40.4775,38.55,38.55,39.100716,38.136963,2.1216865,0.0,0.050000045,0.050000045,1.0352112,1.0613719,1.1031493,-0.061371922,-0.050000045,0.055633336,1638.4281,3.725151,0.0,0.0,-0.0,39.59406,39.59406,39.59406,37.78355564271165,41.49359080533221,44.761979071891815,increase_5,1529.383908119739,1679.5568598113516,1811.8530488633166,28.33425,1501.0496586232791,1651.2226103148917,1783.5187993668567,282.46914074357755,1501.0496586232791,10.0,50.114999008178714,1448.807759964844
2024-01-03,store_1,item_20,84.22677515790606,12.81,1,0.0,1,2,1,0,0.49999999999999994,0.8660254037844387,0.9749279121818236,-0.22252093395631434,78.01856,56.0,85.0,53.0,59.04131,12.320172,54.73494,14.342142,50.04604,11.821007,4.30637,8.99527,22.018562,51.018562,12.81,15.24,15.24,14.111428,14.740714,1.0980552,0.0,-0.15944877,-0.15944877,0.90777487,0.86902165,-1.7583013,0.13097835,0.15944877,0.074491315,164.09612,2.625393,0.0,3.0,0.13097834587097168,50.04604,50.04604,50.04604,78.31222696193834,84.22677515790606,91.54471352864934,increase_5,1003.1796602435483,1078.945025115738,1172.6878187156885,8.967,994.2126602359189,1069.9780251081086,1163.7208187080591,169.50815847214028,994.2126602359189,10.0,14.944999766349794,878.4378267211671
2024-01-03,store_1,item_21,47.37164308416343,28.8225,0,0.0,1,2,1,0,0.49999999999999994,0.8660254037844387,0.9749279121818236,-0.22252093395631434,41.50753,73.0,43.0,43.0,45.33624,13.539395,42.310978,10.278622,41.226917,9.786745,3.025261,4.1093216,-31.49247,-61.49247,28.8225,21.96,27.45,26.273571,26.76375,2.028881,0.0,0.31250003,0.049999975,1.0970149,1.076923,1.0147215,-0.07692301,-0.31250003,0.07580705,830.7365,3.3952632,1.0,2.0,-0.0,41.226917,41.226917,41.226917,43.0378556010676,47.37164308416343,52.12236731855534,increase_5,1240.4586029123543,1365.369193635809,1502.2969439689243,20.17575,1220.2828521799324,1345.1934429033872,1482.1211932365024,261.83834105657,1220.2828521799324,10.0,35.68500099182129,1051.093244159128
2024-01-03,store_1,item_22,23.62040907649232,49.9695,0,0.0,1,2,1,0,0.49999999999999994,0.8660254037844387,0.9749279121818236,-0.22252093395631434,23.010576,27.0,22.0,25.0,21.024252,3.780328,20.512125,4.7670107,20.934635,4.9277363,0.5121269,0.089616776,-3.9894238,-8.989424,49.9695,47.59,47.59,48.26986,46.739964,3.1209185,0.0,0.050000027,0.050000027,1.0352112,1.0690958,1.0348034,-0.06909585,-0.050000027,0.06677195,2496.9512,3.9312274,0.0,0.0,-0.0,20.934635,20.934635,20.934635,18.58428707538226,23.62040907649232,26.817425129662148,increase_5,928.647560803538,1180.3000666688292,1340.0533651183932,34.97865,893.6689116641337,1145.321417529425,1305.074715978989,411.40580431485523,893.6689116641337,10.0,61.86700019836426,1019.9554160799293
2024-01-03,store_1,item_23,13.65347538892832,49.161,0,0.0,1,2,1,0,0.49999999999999994,0.8660254037844387,0.9749279121818236,-0.22252093395631434,13.522003,14.0,13.0,15.0,11.919161,2.1709626,10.816723,3.6025867,11.872647,3.4900393,1.102438,0.046513557,-0.47799683,-1.4779968,49.161,46.82,46.82,47.488857,46.652927,1.9031029,0.0,0.049999993,0.049999993,1.0352112,1.0537602,1.3178849,-0.05376017,-0.049999993,0.040792786,2416.804,3.915238,0.0,0.0,-0.0,11.872647,11.872647,11.872647,10.500301689402715,13.65347538892832,17.565950437984643,increase_5,516.20532398252,671.2184940116721,863.559677152147,34.4127,481.7926233294438,636.8057933585959,829.1469764990708,347.35435316962696,481.7926233294438,10.0,60.86599960327148,587.5828099070152
2024-01-03,store_1,item_24,41.94515807049956,20.013,0,0.0,1,2,1,0,0.49999999999999994,0.8660254037844387,0.9749279121818236,-0.22252093395631434,45.40882,45.0,49.0,48.0,38.54377,6.3690467,40.557602,10.212662,39.243084,8.50967,-2.013832,-0.6993141,0.4088211,4.408821,20.013,19.06,19.06,19.332285,18.991999,0.77466947,0.0,0.05000005,0.05000005,1.0352112,1.0537595,1.3179821,-0.053759456,-0.05000005,0.04078925,400.5202,3.0451412,0.0,0.0,-0.0,39.243084,39.243084,39.243084,37.47900880372472,41.94515807049956,49.22058637496662,increase_5,750.06742148924,839.4484689459418,985.0516191556965,14.0091,736.0583215289129,825.4393689856147,971.0425191953693,234.98419766645645,736.0583215289129,10.0,24.7779993057251,778.8285518425331
2024-01-03,store_1,item_25,39.027767028987334,93.6705,0,0.0,1,2,1,0,0.49999999999999994,0.8660254037844387,0.9749279121818236,-0.22252093395631434,37.949776,48.0,40.0,37.0,35.702034,6.8725863,38.351017,6.9372697,37.425507,7.12096,-2.648983,-1.7234726,-10.050224,-18.050224,93.6705,89.21,89.21,90.48443,87.61718,5.8485527,0.0,0.05000003,0.05000003,1.0352113,1.0690883,1.0350118,-0.06908834,-0.05000003,0.06675121,8774.163,4.5504026,0.0,0.0,-0.0,37.425507,37.425507,37.425507,35.442342394417224,39.027767028987334,41.6608100703069,increase_5,3319.901993826668,3655.750518186602,3902.388980888356,65.56935,3254.332642630379,3590.181166990313,3836.819629692067,582.4869870616881,3254.332642630379,10.0,115.97299880981446,3490.8260104615533
2024-01-03,store_1,item_26,40.72974563667893,50.0535,0,0.0,1,2,1,0,0.49999999999999994,0.8660254037844387,0.9749279121818236,-0.22252093395631434,38.9405,50.0,47.0,44.0,37.835564,6.671704,37.989212,6.5059586,37.244606,6.3516746,-0.15364838,0.59095764,-11.059502,-14.059502,50.0535,47.67,47.67,48.350998,47.84025,0.62511003,0.0,0.050000064,0.050000064,1.0352113,1.0462635,3.5405757,-0.046263456,-0.050000064,0.013066613,2505.353,3.9328742,0.0,0.0,-0.0,37.244606,37.244606,37.244606,36.880499218011174,40.72974563667893,43.87137015693045,increase_5,1845.9981092523524,2038.6663692155169,2195.915675687293,35.03745,1810.9606603692957,2003.6289203324602,2160.8782268042364,349.9175664349407,1810.9606603692957,10.0,61.97099761962891,1832.9460600947814
2024-01-03,store_1,item_27,42.80405141449158,71.001,0,0.0,1,2,1,0,0.49999999999999994,0.8660254037844387,0.9749279121818236,-0.22252093395631434,42.0624,53.0,48.0,42.0,42.19132,8.036399,40.309944,7.352501,39.86926,6.7154794,1.8813744,2.3220596,-10.937599,-15.937599,71.001,67.62,67.62,66.65457,66.41293,4.4323606,0.0,0.04999995,0.04999995,1.0652082,1.0690839,1.0351291,-0.06908393,-0.04999995,0.06673942,5041.142,4.27668,0.0,1.0,-0.0,39.86926,39.86926,39.86926,38.4733139180039,42.80405141449158,46.51706307725384,increase_5,2731.6437403581726,3039.130430967349,3302.7579699955136,49.7007,2681.9430415056336,2989.42973211481,3253.0572711429745,571.1142296373409,2681.9430415056336,10.0,87.90600357055665,2581.62874005036
2024-01-04,store_1,item_1,46.57761517502426,22.365,0,0.0,1,3,1,0,0.49999999999999994,0.8660254037844387,0.43388373911755823,-0.900968867902419,49.549656,58.0,53.0,39.0,45.343407,6.7562346,46.600273,6.5800014,46.65728,10.455907,-1.2568665,-1.3138733,-8.450344,-13.450344,22.365,21.3,21.3,21.756428,21.109821,1.1969893,0.0,0.050000023,0.050000023,1.027972,1.0594593,1.0486121,-0.05945933,-0.050000023,0.056702953,500.1932,3.1512392,0.0,0.0,-0.0,46.65728,46.65728,46.65728,42.30335734443967,46.57761517502426,49.26838889558523,increase_5,946.114577325923,1041.7083527286475,1101.8875063731243,15.655499,930.4590778676101,1026.0528532703345,1086.2320069148113,155.77292904720127,930.4590778676101,10.0,27.689999008178713,960.5376904331911
2024-01-04,store_1,item_10,22.83502424704033,21.6195,0,0.0,1,3,1,0,0.49999999999999994,0.8660254037844387,0.43388373911755823,-0.900968867902419,24.497644,29.0,24.0,20.0,21.672575,5.146739,23.836288,5.781114,23.13243,5.435742,-2.1637135,-1.4598541,-4.5023556,-9.502356,21.6195,20.59,20.59,21.031214,20.553162,0.86315554,0.0,0.04999995,0.04999995,1.0279719,1.0518818,1.235393,-0.05188179,-0.04999995,0.041996237,467.40274,3.1188123,0.0,0.0,-0.0,23.13243,23.13243,23.13243,19.94861635356635,22.83502424704033,26.49838919158495,increase_5,431.2790954275578,493.68178859027785,572.8819041021376,15.133649,416.14544655518233,478.54813971790236,557.7482552297621,141.60280867457976,416.14544655518233,10.0,26.767000198364258,480.8890615945379
2024-01-04,store_1,item_11,41.37367066208547,54.81,1,0.0,1,3,1,0,0.49999999999999994,0.8660254037844387,0.43388373911755823,-0.900968867902419,44.93977,45.0,26.0,27.0,35.924316,9.192369,29.533587,9.313494,28.088223,8.656712,6.39073,7.836094,-0.060230255,-19.06023,54.81,52.2,65.25,57.047142,62.733215,4.9461184,0.0,0.050000012,-0.15999998,0.9607844,0.87369984,-1.6019051,0.12630016,-0.050000012,0.07884369,3004.1362,4.021953,1.0,5.0,0.1263001561164856,28.088223,28.088223,28.088223,40.418816824951676,41.37367066208547,42.68429436496988,increase_5,2215.3554056823996,2267.690945806995,2339.526232761957,38.367,2176.9884051025656,2229.323945227161,2301.159232182123,124.17082707955751,2176.9884051025656,10.0,63.945000934600834,1990.7141957281833
2024-01-04,store_1,item_12,22.82909031663069,63.924,0,0.0,1,3,1,0,0.49999999999999994,0.8660254037844387,0.43388373911755823,-0.900968867902419,22.876715,27.0,27.0,20.0,20.945461,4.319264,22.97273,4.6696544,21.486366,5.1759186,-2.0272694,-0.540905,-4.1232853,-4.1232853,63.924,60.88,60.88,62.18457,59.901142,4.064419,0.0,0.04999998,0.04999998,1.0279721,1.0671582,0.98977417,-0.06715822,-0.04999998,0.06785211,4086.2778,4.1732173,0.0,0.0,-0.0,21.486366,21.486366,21.486366,18.127173687099596,22.82909031663069,25.613250729365948,increase_5,1158.7614469017724,1459.3267645234805,1637.301434152408,44.7468,1114.0146474327782,1414.5799650544864,1592.554634683414,478.5399872506357,1114.0146474327782,10.0,79.14400138854981,1376.6699239758996
2024-01-04,store_1,item_13,40.124656724769245,71.5995,0,0.0,1,3,1,0,0.49999999999999994,0.8660254037844387,0.43388373911755823,-0.900968867902419,44.02424,46.0,50.0,42.0,42.028526,2.9280338,42.65712,3.512622,41.75713,4.740661,-0.62859344,0.27139664,-1.9757614,2.0242386,71.5995,68.19,68.19,69.651215,67.58102,3.8325574,0.0,0.05,0.05,1.0279721,1.0594617,1.0485127,-0.059461713,-0.05,0.056710564,5126.489,4.284958,0.0,0.0,-0.0,41.75713,41.75713,41.75713,36.28426564309318,40.124656724769245,48.3112000551558,increase_5,2597.9353709265147,2872.9054620237325,3459.0578921937567,50.11965,2547.815719132081,2822.785810229299,3408.938240399323,861.1225212672421,2547.815719132081,10.0,66.4852523803711,2704.1890872456106
2024-01-04,store_1,item_14,24.42981631269494,73.899,0,0.0,1,3,1,0,0.49999999999999994,0.8660254037844387,0.43388373911755823,-0.900968867902419,26.326538,28.0,39.0,25.0,25.189215,2.2341003,26.523178,6.5145802,24.51159,5.697688,-1.3339634,0.67762566,-1.6734619,9.326538,73.899,70.38,70.38,69.87814,69.249535,4.695396,0.0,0.05000007,0.05000007,1.057541,1.0671408,0.9902182,-0.06714082,-0.05000007,0.06780401,5461.0625,4.3161407,0.0,1.0,-0.0,24.51159,24.51159,24.51159,21.730502429467222,24.42981631269494,29.26977719148211,increase_5,1605.862444130235,1805.3390463884837,2163.007325413841,51.7293,1554.1331426775982,1753.609744935847,2111.2780239612043,557.1448812836061,1554.1331426775982,10.0,91.49399642944336,1785.1598720204315
2024-01-04,store_1,item_15,21.790495112610355,59.451,0,0.0,1,3,1,0,0.49999999999999994,0.8660254037844387,0.43388373911755823,-0.900968867902419,23.669624,29.0,26.0,21.0,22.381191,3.8591707,22.119167,4.87677,21.131012,4.5388546,0.26202393,1.2501793,-5.3303757,-8.330376,59.451,56.62,56.62,57.833286,56.92332,0.8916816,0.0,0.050000023,0.050000023,1.027972,1.044405,2.83473,-0.044404984,-0.050000023,0.01566461,3534.4214,4.1018333,0.0,0.0,-0.0,21.131012,21.131012,21.131012,19.63381124405502,21.790495112610355,25.70636067907476,increase_5,1167.2497164645497,1295.4667295947502,1528.2688542231447,41.6157,1125.6340166964833,1253.8510298266838,1486.6531544550783,361.019137758595,1125.6340166964833,10.0,73.6059986114502,1246.037108017076
2024-01-04,store_1,item_16,29.855528512158717,45.234,0,0.0,1,3,1,0,0.49999999999999994,0.8660254037844387,0.43388373911755823,-0.900968867902419,32.586853,37.0,31.0,29.0,34.590076,3.966566,32.295036,5.575652,30.897518,4.9378667,2.2950401,3.6925583,-4.413147,-10.413147,45.234,43.08,43.08,42.771717,43.00293,1.8059292,0.0,0.049999982,0.049999982,1.0575681,1.0518818,1.235414,-0.05188179,-0.049999982,0.04199549,2046.1149,3.8337154,0.0,1.0,-0.0,30.897518,30.897518,30.897518,27.84649831350805,29.855528512158717,37.11910899706293,increase_5,1259.6085370059152,1350.4850113414875,1679.0458194189864,31.663801,1227.944735812678,1318.8212101482502,1647.382018225749,419.4372824130712,1227.944735812678,10.0,56.0040023803711,1379.121854775008
2024-01-04,store_1,item_17,18.362343017540827,65.436,0,0.0,1,3,1,0,0.49999999999999994,0.8660254037844387,0.43388373911755823,-0.900968867902419,20.125603,14.0,18.0,17.0,15.7137575,3.2504508,17.356878,3.6499784,17.392725,4.9165444,-1.6431208,-1.6789675,6.1256027,10.125603,65.436,62.32,62.32,63.655426,61.318855,4.158076,0.0,0.049999956,0.049999956,1.027972,1.0671432,0.9901553,-0.0671432,-0.049999956,0.06781072,4281.8696,4.196239,0.0,0.0,-0.0,17.392725,17.392725,17.392725,13.776218498375636,18.362343017540827,22.3139975507627,increase_5,901.4605924588593,1201.5582227791263,1460.13867699673,45.8052,855.6553937894257,1155.7530241096927,1414.3334783272965,558.6780845378707,855.6553937894257,10.0,81.01599960327148,1099.5851615666734
2024-01-04,store_1,item_18,39.66424024234659,75.285,0,0.0,1,3,1,0,0.49999999999999994,0.8660254037844387,0.43388373911755823,-0.900968867902419,44.062817,48.0,43.0,38.0,38.07046,6.735811,41.320946,8.292073,39.839043,7.405112,-3.2504845,-1.7685814,-3.9371834,-8.937183,75.285,71.7,71.7,73.23643,71.57196,3.0045233,0.0,0.050000098,0.050000098,1.0279721,1.0518785,1.2358173,-0.051878452,-0.050000098,0.041979056,5667.8315,4.3344765,0.0,0.0,-0.0,39.839043,39.839043,39.839043,35.74050771417408,39.66424024234659,42.245948804643156,increase_5,2690.7242541472438,2986.1224718998487,3180.486410466845,52.6995,2638.024753109646,2933.422970862251,3127.7869094292473,489.7621563196012,2638.024753109646,10.0,93.20999603271484,2946.5911799029486
2024-01-04,store_1,item_19,16.066957123397618,42.861,0,0.0,1,3,1,0,0.49999999999999994,0.8660254037844387,0.43388373911755823,-0.900968867902419,17.737469,20.0,14.0,16.0,16.097242,3.8882535,14.905765,3.5519698,14.024311,3.1475065,1.1914778,2.0729313,-2.2625313,-8.262531,42.861,40.82,40.82,41.694714,41.038677,0.6428547,0.0,0.05000001,0.05000001,1.0279721,1.044405,2.8347309,-0.044404984,-0.05000001,0.015664605,1837.0653,3.7810256,0.0,0.0,-0.0,14.024311,14.024311,14.024311,10.677244952533588,16.066957123397618,19.30680001312431,increase_5,457.6373965622294,688.6458502465946,827.5087565409145,30.002699,427.634697663914,658.6431513482792,797.5060576425991,369.8713599786851,427.634697663914,10.0,36.737999725341794,582.5361603183487
2024-01-04,store_1,item_2,38.99504587082178,40.4775,0,0.0,1,3,1,0,0.49999999999999994,0.8660254037844387,0.43388373911755823,-0.900968867902419,41.49359,47.0,43.0,39.0,38.303898,5.6882925,39.294807,5.415897,39.575974,7.3767476,-0.9909096,-1.2720757,-5.5064087,-9.506409,40.4775,38.55,38.55,39.376072,38.205803,2.1663826,0.0,0.050000045,0.050000045,1.027972,1.0594594,1.0486131,-0.059459448,-0.050000045,0.05670297,1638.4281,3.725151,0.0,0.0,-0.0,39.575974,39.575974,39.575974,34.887925364341164,38.99504587082178,41.10209182999447,increase_5,1412.1760308759692,1578.4220049372193,1663.7099596786902,28.33425,1383.8417813795093,1550.0877554407593,1635.3757101822303,251.533928802721,1383.8417813795093,10.0,50.114999008178714,1448.807759964844
2024-01-04,store_1,item_20,77.18323954022723,12.81,1,0.0,1,3,1,0,0.49999999999999994,0.8660254037844387,0.43388373911755823,-0.900968867902419,84.226776,57.0,50.0,46.0,63.073704,15.394569,54.67971,14.217576,51.16128,13.468273,8.393993,11.912422,27.226776,20.226776,12.81,15.24,15.24,13.764286,14.653929,1.1518433,0.0,-0.15944877,-0.15944877,0.93066937,0.8741683,-1.6008487,0.12583172,0.15944877,0.07860303,164.09612,2.625393,0.0,4.0,0.1258317232131958,51.16128,51.16128,51.16128,72.64033159668364,77.18323954022723,85.17684270378325,increase_5,930.5226782346135,988.7173308976871,1091.115390777089,8.967,921.5556782269841,979.7503308900577,1082.1483907694596,160.5927125424755,921.5556782269841,10.0,14.944999766349794,878.4378267211671
2024-01-04,store_1,item_21,39.31821569122991,28.8225,0,0.0,1,3,1,0,0.49999999999999994,0.8660254037844387,0.43388373911755823,-0.900968867902419,47.371643,44.0,42.0,43.0,41.675045,6.3890557,42.623238,10.3671875,41.383045,9.850741,-0.9481926,0.29199982,3.371643,1.3716431,28.8225,27.45,27.45,27.25393,26.812769,2.0623782,0.0,0.049999975,0.049999975,1.0575539,1.0749542,0.9744723,-0.07495415,-0.049999975,0.07691775,830.7365,3.3952632,0.0,1.0,-0.0,41.383045,41.383045,41.383045,35.657258803802804,39.31821569122991,46.77729535514035,increase_5,1027.7313500339053,1133.2492807596996,1348.238606080006,20.17575,1007.5555993014834,1113.0735300272777,1328.0628553475842,320.5072560461008,1007.5555993014834,10.0,35.68500099182129,1051.093244159128
2024-01-04,store_1,item_22,22.4672914623724,49.9695,0,0.0,1,3,1,0,0.49999999999999994,0.8660254037844387,0.43388373911755823,-0.900968867902419,23.620409,24.0,21.0,25.0,20.541452,3.0316133,20.627869,4.8252316,20.885363,4.892352,-0.086416245,-0.34391022,-0.379591,-3.379591,49.9695,47.59,47.59,48.609787,46.824947,3.1768184,0.0,0.050000027,0.050000027,1.027972,1.0671555,0.98984355,-0.06715548,-0.050000027,0.06784457,2496.9512,3.9312274,0.0,0.0,-0.0,20.885363,20.885363,20.885363,16.739555530163383,22.4672914623724,25.333395331017556,increase_5,836.4672450961831,1122.6793543257365,1265.8971358758615,34.97865,801.4885959567788,1087.7007051863322,1230.9184867364572,429.42989077967843,801.4885959567788,10.0,61.86700019836426,1019.9554160799293
2024-01-04,store_1,item_23,12.661121199824112,49.161,0,0.0,1,3,1,0,0.49999999999999994,0.8660254037844387,0.43388373911755823,-0.900968867902419,13.653476,8.0,13.0,12.0,11.8696575,2.1189334,10.8634,3.637118,11.824557,3.454446,1.006257,0.045100212,5.6534758,10.653476,49.161,46.82,46.82,47.823284,46.736534,1.9612486,0.0,0.049999993,0.049999993,1.0279721,1.0518751,1.2361839,-0.051875114,-0.049999993,0.04196393,2416.804,3.915238,0.0,0.0,-0.0,11.824557,11.824557,11.824557,8.884422740816753,12.661121199824112,16.177096532847383,increase_5,436.76710012527786,622.4333704176578,795.2822312965366,34.4127,402.3543994722017,588.0206697645816,760.8695306434604,358.5151311712587,402.3543994722017,10.0,60.86599960327148,587.5828099070152
2024-01-04,store_1,item_24,39.032193399111975,20.013,0,0.0,1,3,1,0,0.49999999999999994,0.8660254037844387,0.43388373911755823,-0.900968867902419,41.94516,45.0,42.0,38.0,38.107365,5.943371,40.053684,9.934307,39.02684,8.354416,-1.9463196,-0.91947556,-3.05484,-6.05484,20.013,19.06,19.06,19.468428,19.026035,0.7983416,0.0,0.05000005,0.05000005,1.027972,1.0518744,1.2362677,-0.0518744,-0.05000005,0.041960474,400.5202,3.0451412,0.0,0.0,-0.0,39.02684,39.02684,39.02684,34.657589110495074,39.032193399111975,42.15551298385753,increase_5,693.6023477909888,781.1513055551161,843.6583019296872,14.0091,679.5932478306617,767.142205594789,829.6492019693601,150.05595413869844,679.5932478306617,10.0,24.7779993057251,778.8285518425331
2024-01-04,store_1,item_25,37.271937178982405,93.6705,0,0.0,1,3,1,0,0.49999999999999994,0.8660254037844387,0.43388373911755823,-0.900968867902419,39.027767,39.0,39.0,35.0,34.420284,4.6853504,38.28157,6.924347,37.49793,7.1267815,-3.8612862,-3.0776443,0.027767181,0.027767181,93.6705,89.21,89.21,91.12164,87.77648,5.953354,0.0,0.05000003,0.05000003,1.0279721,1.0671481,0.9900334,-0.06714809,-0.05000003,0.06782402,8774.163,4.5504026,0.0,0.0,-0.0,37.49793,37.49793,37.49793,32.63479311853471,37.271937178982405,43.97671578916163,increase_5,3056.917444582057,3491.28105522103,4119.3210314841845,65.56935,2991.348093385768,3425.711704024741,4053.7516802878954,1062.4035869021272,2991.348093385768,10.0,115.97299880981446,3490.8260104615533
2024-01-04,store_1,item_26,37.24730277473044,50.0535,0,0.0,1,3,1,0,0.49999999999999994,0.8660254037844387,0.43388373911755823,-0.900968867902419,40.729744,42.0,44.0,38.0,36.511242,4.381701,37.541336,6.0368443,37.12781,6.252142,-1.0300941,-0.6165695,-1.270256,0.72974396,50.0535,47.67,47.67,48.691498,47.925373,0.75073284,0.0,0.050000064,0.050000064,1.0279721,1.044405,2.8347304,-0.044404984,-0.050000064,0.015664622,2505.353,3.9328742,0.0,0.0,-0.0,37.12781,37.12781,37.12781,33.39362466167114,37.24730277473044,43.787726140861906,increase_5,1671.4678297093808,1864.3579114927768,2191.7289998345595,35.03745,1636.4303808263242,1829.3204626097202,2156.691550951503,520.2611701251788,1636.4303808263242,10.0,61.97099761962891,1832.9460600947814
2024-01-04,store_1,item_27,39.05706277264607,71.001,0,0.0,1,3,1,0,0.49999999999999994,0.8660254037844387,0.43388373911755823,-0.900968867902419,42.80405,42.0,39.0,41.0,40.734756,6.534512,39.938805,7.0597763,39.897976,6.726638,0.79595184,0.83678055,0.80405045,-2.1959496,71.001,67.62,67.62,67.13757,66.53368,4.5118046,0.0,0.04999995,0.04999995,1.057545,1.0671437,0.99013925,-0.06714368,-0.04999995,0.06781234,5041.142,4.27668,0.0,1.0,-0.0,39.897976,39.897976,39.897976,34.47661040564939,39.05706277264607,47.88294657573352,increase_5,2447.8737964729444,2773.090492465958,3399.7370635207676,49.7007,2398.1730976204053,2723.389793613419,3350.0363646682285,951.8632670478232,2398.1730976204053,10.0,87.90600357055665,2581.62874005036
2024-01-05,store_1,item_1,42.65220027971455,22.365,0,0.0,1,4,1,0,0.49999999999999994,0.8660254037844387,-0.433883739117558,-0.9009688679024191,46.577614,41.0,44.0,43.0,43.711636,4.01197,46.141533,6.3181744,46.92791,10.347881,-2.4298973,-3.2162743,5.577614,8.577614,22.365,21.3,21.3,21.908571,21.147856,1.2199568,0.0,0.050000023,0.050000023,1.0208333,1.0575539,0.9976936,-0.057553887,-0.050000023,0.057687014,500.1932,3.1512392,0.0,0.0,-0.0,46.92791,46.92791,46.92791,37.76819555222389,42.65220027971455,49.71115081912124,increase_5,844.6856848810332,953.916449493502,1111.789876691667,15.655499,829.0301854227203,938.260950035189,1096.134377233354,267.10419181063367,829.0301854227203,10.0,27.689999008178713,960.5376904331911
2024-01-05,store_1,item_10,22.54797092599057,21.6195,0,0.0,1,4,1,0,0.49999999999999994,0.8660254037844387,-0.433883739117558,-0.9009688679024191,22.835024,15.0,23.0,22.0,20.791864,4.106177,23.753075,5.7869577,23.23368,5.40153,-2.9612103,-2.4418163,7.835024,15.835024,21.6195,20.59,20.59,21.178286,20.589928,0.88639677,0.0,0.04999995,0.04999995,1.0208333,1.0500035,1.1615231,-0.05000353,-0.04999995,0.043050013,467.40274,3.1188123,0.0,0.0,-0.0,23.23368,23.23368,23.23368,18.338676112053438,22.54797092599057,24.392290643366064,increase_5,396.4729936535878,487.47583954360704,527.3491082100181,15.133649,381.33934478121233,472.34219067123155,512.2154593376426,130.8761145564303,381.33934478121233,10.0,26.767000198364258,480.8890615945379
2024-01-05,store_1,item_11,41.17536395791047,54.81,1,0.0,1,4,1,0,0.49999999999999994,0.8660254037844387,-0.433883739117558,-0.9009688679024191,41.373672,23.0,24.0,25.0,35.40627,8.683766,30.631706,9.760416,28.601568,9.00881,4.774563,6.804701,18.373672,19.373672,54.81,65.25,65.25,57.420002,62.36036,5.139105,0.0,-0.15999998,-0.15999998,0.95454544,0.8789238,-1.4691968,0.121076226,0.15999998,0.0824098,3004.1362,4.021953,0.0,5.0,0.12107622623443604,28.601568,28.601568,28.601568,37.62200761400668,41.17536395791047,44.66848616820102,increase_5,2062.062288989671,2256.8217550788304,2448.279788221929,38.367,2023.6952884098368,2218.4547544989964,2409.912787642095,386.217499232258,2023.6952884098368,10.0,63.945000934600834,1990.7141957281833
2024-01-05,store_1,item_12,20.840834446490078,63.924,0,0.0,1,4,1,0,0.49999999999999994,0.8660254037844387,-0.433883739117558,-0.9009688679024191,22.82909,20.0,28.0,17.0,20.349617,3.5670168,22.674809,4.5237226,21.587404,5.1734414,-2.3251915,-1.2377872,2.82909,10.82909,63.924,60.88,60.88,62.61943,60.009857,4.1317234,0.0,0.04999998,0.04999998,1.0208333,1.065225,0.94733876,-0.065225005,-0.04999998,0.06885075,4086.2778,4.1732173,0.0,0.0,-0.0,21.587404,21.587404,21.587404,17.19377244929256,20.840834446490078,23.824808095641465,increase_5,1099.0947063755916,1332.2294967053492,1522.977027616257,44.7468,1054.3479069065975,1287.482697236355,1478.2302281472628,423.8823212406653,1054.3479069065975,10.0,79.14400138854981,1376.6699239758996
2024-01-05,store_1,item_13,37.135075721177664,71.5995,0,0.0,1,4,1,0,0.49999999999999994,0.8660254037844387,-0.433883739117558,-0.9009688679024191,40.124657,44.0,41.0,34.0,41.18919,2.3930814,41.95174,2.854555,41.690155,4.7503405,-0.76255035,-0.5009651,-3.8753433,-6.8753433,71.5995,68.19,68.19,70.13829,67.70279,3.9060805,0.0,0.05,0.05,1.0208333,1.0575562,0.9976016,-0.057556152,-0.05,0.05769453,5126.489,4.284958,0.0,0.0,-0.0,41.690155,41.690155,41.690155,32.41840586206416,37.135075721177664,42.44755486753254,increase_5,2321.141733624687,2658.8529492933562,3039.223813551208,50.11965,2271.0220818302532,2608.7332974989226,2989.1041617567744,718.0820799265211,2271.0220818302532,10.0,66.4852523803711,2704.1890872456106
2024-01-05,store_1,item_14,23.43702012208339,73.899,0,0.0,1,4,1,0,0.49999999999999994,0.8660254037844387,-0.433883739117558,-0.9009688679024191,24.429817,23.0,38.0,21.0,24.679188,1.862011,25.48245,5.4438696,24.491226,5.696897,-0.8032627,0.18796158,1.4298172,16.429817,73.899,70.38,70.38,70.38086,69.37521,4.7732253,0.0,0.05000007,0.05000007,1.0499872,1.0652076,0.9477423,-0.0652076,-0.05000007,0.068803035,5461.0625,4.3161407,0.0,1.0,-0.0,24.491226,24.491226,24.491226,20.367637292313045,23.43702012208339,26.847120260262614,increase_5,1505.148070531467,1731.9723986382346,1983.975395826165,51.7293,1453.4187690788303,1680.243097185598,1932.2460943735282,478.82732529469786,1453.4187690788303,10.0,91.49399642944336,1785.1598720204315
2024-01-05,store_1,item_15,19.95758053324856,59.451,0,0.0,1,4,1,0,0.49999999999999994,0.8660254037844387,-0.433883739117558,-0.9009688679024191,21.790495,23.0,20.0,13.0,21.351263,2.5322654,21.81849,4.7471366,21.159245,4.5404677,-0.46722603,0.19201851,-1.2095051,-4.209505,59.451,56.62,56.62,58.237713,57.02443,1.0088226,0.0,0.050000023,0.050000023,1.0208334,1.0425532,2.4053473,-0.042553186,-0.050000023,0.017691059,3534.4214,4.1018333,0.0,0.0,-0.0,21.159245,21.159245,21.159245,15.957111829775329,19.95758053324856,23.458531074976445,increase_5,948.6662588007799,1186.4981245455592,1394.6331359497076,41.6157,907.0505590327135,1144.8824247774928,1353.0174361816412,445.96687714892767,907.0505590327135,10.0,73.6059986114502,1246.037108017076
2024-01-05,store_1,item_16,28.536187306519693,45.234,0,0.0,1,4,1,0,0.49999999999999994,0.8660254037844387,-0.433883739117558,-0.9009688679024191,29.855528,34.0,34.0,25.0,33.569435,4.1576867,32.21329,5.604416,30.928074,4.928328,1.356144,2.6413612,-4.144472,-4.144472,45.234,43.08,43.08,43.07943,43.079857,1.8545569,0.0,0.049999982,0.049999982,1.0500139,1.0500035,1.1615406,-0.05000353,-0.049999982,0.043049283,2046.1149,3.8337154,0.0,1.0,-0.0,30.928074,30.928074,30.928074,25.50073006852447,28.536187306519693,34.04064252899076,increase_5,1153.5000534920157,1290.8059297156142,1539.7944636322109,31.663801,1121.8362522987784,1259.1421285223769,1508.1306624389736,386.29441014019517,1121.8362522987784,10.0,56.0040023803711,1379.121854775008
2024-01-05,store_1,item_17,17.13935823768591,65.436,0,0.0,1,4,1,0,0.49999999999999994,0.8660254037844387,-0.433883739117558,-0.9009688679024191,18.362343,14.0,16.0,11.0,16.336948,3.285119,17.382761,3.656169,17.44138,4.9192543,-1.0458126,-1.1044312,4.362343,6.362343,65.436,62.32,62.32,64.10057,61.43014,4.2269893,0.0,0.049999956,0.049999956,1.0208333,1.06521,0.94768506,-0.065209985,-0.049999956,0.068809696,4281.8696,4.196239,0.0,0.0,-0.0,17.44138,17.44138,17.44138,13.04267352184051,17.13935823768591,20.449246766724155,increase_5,853.4603455681364,1121.5309943821483,1338.1168502693363,45.8052,807.6551468987028,1075.7257957127147,1292.3116515999027,484.6565047011999,807.6551468987028,10.0,81.01599960327148,1099.5851615666734
2024-01-05,store_1,item_18,38.64753239399693,75.285,0,0.0,1,4,1,0,0.49999999999999994,0.8660254037844387,-0.433883739117558,-0.9009688679024191,39.66424,31.0,39.0,30.0,36.87964,5.26379,41.082676,8.28804,39.89848,7.3964777,-4.2030373,-3.0188408,8.664242,16.664242,75.285,71.7,71.7,73.74857,71.7,3.0854774,0.0,0.050000098,0.050000098,1.0208334,1.0500001,1.1618966,-0.05000007,-0.050000098,0.04303316,5667.8315,4.3344765,0.0,0.0,-0.0,39.89848,39.89848,39.89848,33.21721492323943,38.64753239399693,41.546189893939385,increase_5,2500.758147141155,2909.5796178135497,3127.805058311918,52.6995,2448.0586461035573,2856.880116775952,3075.1055572743203,627.046911170763,2448.0586461035573,10.0,93.20999603271484,2946.5911799029486
2024-01-05,store_1,item_19,14.740814108893671,42.861,0,0.0,1,4,1,0,0.49999999999999994,0.8660254037844387,-0.433883739117558,-0.9009688679024191,16.066957,20.0,10.0,12.0,15.535379,3.4945352,15.053404,3.5543814,14.026702,3.1490881,0.48197556,1.5086775,-3.9330425,-13.933043,42.861,40.82,40.82,41.986286,41.111572,0.7273071,0.0,0.05000001,0.05000001,1.0208334,1.0425532,2.4053462,-0.042553186,-0.05000001,0.017691055,1837.0653,3.7810256,0.0,0.0,-0.0,14.026702,14.026702,14.026702,9.815863908375546,14.740814108893671,18.12179407025682,increase_5,420.7177435759971,631.8060344209995,776.718216751344,30.002699,390.71504467768165,601.803335522684,746.7155178530286,356.00047317534694,390.71504467768165,10.0,36.737999725341794,582.5361603183487
2024-01-05,store_1,item_2,36.495931681201995,40.4775,0,0.0,1,4,1,0,0.49999999999999994,0.8660254037844387,-0.433883739117558,-0.9009688679024191,38.995045,38.0,37.0,55.0,37.16033,4.278655,39.00874,5.3098664,39.575798,7.3767624,-1.8484077,-2.4154663,0.9950447,-0.0049552917,40.4775,38.55,30.84,39.65143,38.274643,2.2079506,0.0,0.050000045,0.3125,1.0208334,1.057554,0.99769306,-0.057554007,-0.050000045,0.057687033,1638.4281,3.725151,0.0,0.0,-0.0,39.575798,39.575798,39.575798,33.176450907700044,36.495931681201995,43.21075931671668,increase_5,1342.8998219903765,1477.264108038877,1749.0635498030313,28.33425,1314.5655724939165,1448.9298585424172,1720.7293003065713,406.16372781265477,1314.5655724939165,10.0,50.114999008178714,1448.807759964844
2024-01-05,store_1,item_20,71.70563910197924,12.81,1,0.0,1,4,1,0,0.49999999999999994,0.8660254037844387,-0.433883739117558,-0.9009688679024191,77.18324,47.0,44.0,37.0,65.95702,15.947576,56.62137,15.341101,52.27497,14.289887,9.335655,13.682053,30.183243,27.183243,12.81,15.24,15.24,13.417143,14.5671425,1.1967202,0.0,-0.15944877,-0.15944877,0.9547487,0.8793763,-1.4682969,0.12062371,0.15944877,0.08215202,164.09612,2.625393,0.0,5.0,0.12062370777130127,52.27497,52.27497,52.27497,61.62107804875245,71.70563910197924,77.15382087723958,increase_5,789.3660356617523,918.5492669852378,988.3404778124707,8.967,780.3990356541229,909.5822669776084,979.3734778048413,198.97444215071835,780.3990356541229,10.0,14.944999766349794,878.4378267211671
2024-01-05,store_1,item_21,36.31110120278609,28.8225,0,0.0,1,4,1,0,0.49999999999999994,0.8660254037844387,-0.433883739117558,-0.9009688679024191,39.318214,41.0,35.0,34.0,41.006218,6.350041,42.43168,10.404298,41.251556,9.852931,-1.4254608,-0.24533844,-1.6817856,-7.6817856,28.8225,27.45,27.45,27.45,26.861786,2.0941505,0.0,0.049999975,0.049999975,1.05,1.0729927,0.936281,-0.07299268,-0.049999975,0.07796021,830.7365,3.3952632,0.0,1.0,-0.0,41.251556,41.251556,41.251556,31.632543645729765,36.31110120278609,43.35801153303413,increase_5,911.7289964691608,1046.5767227282536,1249.6862973347374,20.17575,891.553245736739,1026.4009719958317,1229.5105466023156,337.9573008655766,891.553245736739,10.0,35.68500099182129,1051.093244159128
2024-01-05,store_1,item_22,20.15237481531939,49.9695,0,0.0,1,4,1,0,0.49999999999999994,0.8660254037844387,-0.433883739117558,-0.9009688679024191,22.46729,19.0,28.0,24.0,20.322495,2.7855515,20.732676,4.849809,20.794909,4.836555,-0.41018105,-0.47241402,3.4672909,12.467291,49.9695,47.59,38.07,48.949715,46.909927,3.229433,0.0,0.050000027,0.312569,1.0208334,1.0652223,0.9474026,-0.06522226,-0.050000027,0.068843275,2496.9512,3.9312274,0.0,0.0,-0.0,20.794909,20.794909,20.794909,16.17978829312562,20.15237481531939,22.836979830282196,increase_5,808.4959553079703,1007.0041234691843,1141.1524977788226,34.97865,773.517306168566,972.02547432978,1106.1738486394183,332.6565424708523,773.517306168566,10.0,61.86700019836426,1019.9554160799293
2024-01-05,store_1,item_23,11.2678903223316,49.161,0,0.0,1,4,1,0,0.49999999999999994,0.8660254037844387,-0.433883739117558,-0.9009688679024191,12.661121,13.0,3.0,10.0,12.535532,1.2574921,10.839194,3.6229048,11.848168,3.4579475,1.6963377,0.6873636,-0.33887863,-10.338879,49.161,46.82,46.82,48.157715,46.82014,2.0141234,0.0,0.049999993,0.049999993,1.0208333,1.0499969,1.1622214,-0.049996853,-0.049999993,0.04301831,2416.804,3.915238,0.0,0.0,-0.0,11.848168,11.848168,11.848168,7.92193471461252,11.2678903223316,14.877523673107024,increase_5,389.4502269446261,553.9407482271631,731.3939308510166,34.4127,355.0375262915499,519.5280475740869,696.9812301979405,341.94370390639057,355.0375262915499,10.0,60.86599960327148,587.5828099070152
2024-01-05,store_1,item_24,35.44494267007959,20.013,0,0.0,1,4,1,0,0.49999999999999994,0.8660254037844387,-0.433883739117558,-0.9009688679024191,39.032192,34.0,31.0,35.0,37.25482,5.1672206,39.841698,9.921237,39.063705,8.3519945,-2.586876,-1.8088837,5.032192,2.0321922,20.013,19.06,19.06,19.604572,19.060072,0.8198676,0.0,0.05000005,0.05000005,1.0208333,1.0499959,1.1622941,-0.0499959,-0.05000005,0.04301492,400.5202,3.0451412,0.0,0.0,-0.0,39.063705,39.063705,39.063705,33.566607075255355,35.44494267007959,41.39955101841357,increase_5,671.7685237870303,709.3596549634037,828.5292347461352,14.0091,657.7594238267031,695.3505550030766,814.5201347858081,156.76071095910493,657.7594238267031,10.0,24.7779993057251,778.8285518425331
2024-01-05,store_1,item_25,34.27610721709376,93.6705,0,0.0,1,4,1,0,0.49999999999999994,0.8660254037844387,-0.433883739117558,-0.9009688679024191,37.27194,33.0,49.0,38.0,34.17342,4.443095,38.15814,6.925957,37.57907,7.110203,-3.9847183,-3.405651,4.2719383,20.271938,93.6705,89.21,89.21,91.75886,87.93578,6.051995,0.0,0.05000003,0.05000003,1.0208334,1.0652149,0.94757473,-0.06521487,-0.05000003,0.06882289,8774.163,4.5504026,0.0,0.0,-0.0,37.57907,37.57907,37.57907,32.062551306459,34.27610721709376,38.810388902923975,increase_5,3003.315266946067,3210.6601596561127,3635.3886000576886,65.56935,2937.745915749778,3145.0908084598236,3569.8192488613995,632.0733331116217,2937.745915749778,10.0,115.97299880981446,3490.8260104615533
2024-01-05,store_1,item_26,34.63241784862729,50.0535,0,0.0,1,4,1,0,0.49999999999999994,0.8660254037844387,-0.433883739117558,-0.9009688679024191,37.247303,36.0,36.0,34.0,35.832287,3.7054977,37.059002,5.743762,37.10093,6.249871,-1.2267151,-1.2686424,1.247303,1.247303,50.0535,47.67,47.67,49.032,48.010498,0.8493573,0.0,0.050000064,0.050000064,1.0208334,1.0425533,2.4053488,-0.042553306,-0.050000064,0.017691074,2505.353,3.9328742,0.0,0.0,-0.0,37.10093,37.10093,37.10093,31.47876796707334,34.63241784862729,39.75667692615843,increase_5,1575.6225479841685,1733.4737658914742,1989.9608734147382,35.03745,1540.5850991011118,1698.4363170084175,1954.9234245316816,414.33832543056974,1540.5850991011118,10.0,61.97099761962891,1832.9460600947814
2024-01-05,store_1,item_27,38.40700452036238,71.001,0,0.0,1,4,1,0,0.49999999999999994,0.8660254037844387,-0.433883739117558,-0.9009688679024191,39.057064,53.0,35.0,30.0,40.314335,6.534213,39.942883,7.059209,39.828583,6.7248697,0.37145233,0.4857521,-13.942936,-31.942936,71.001,54.1,67.62,67.620575,66.654434,4.586578,0.0,0.312403,0.04999995,1.049991,1.0652105,0.94767046,-0.06521046,-0.312403,0.0688113,5041.142,4.27668,1.0,1.0,-0.0,39.828583,39.828583,39.828583,33.38919768347922,38.40700452036238,42.743655671579944,increase_5,2370.6664063834737,2726.9357068526515,3034.8422728580563,49.7007,2320.9657075309347,2677.2350080001124,2985.141574005517,664.1758664745826,2320.9657075309347,10.0,87.90600357055665,2581.62874005036
2024-01-06,store_1,item_1,37.968814508109745,22.365,0,0.0,1,5,1,1,0.49999999999999994,0.8660254037844387,-0.9749279121818236,-0.2225209339563146,42.6522,38.0,38.0,35.0,43.947662,3.8720126,46.04526,6.363422,46.91549,10.352978,-2.097599,-2.9678268,4.652199,4.652199,22.365,21.3,21.3,22.060715,21.185892,1.2412916,0.0,0.050000023,0.050000023,1.013793,1.0556552,0.9499031,-0.05565524,-0.050000023,0.058590475,500.1932,3.1512392,0.0,0.0,-0.0,46.91549,46.91549,46.91549,35.00073996063231,37.968814508109745,46.10278026183923,increase_5,782.791541208508,849.1725277835025,1031.0886700039453,15.655499,767.136041750195,833.5170283251895,1015.4331705456323,248.2971287954373,767.136041750195,10.0,27.689999008178713,960.5376904331911
2024-01-06,store_1,item_10,21.47785155073817,21.6195,0,0.0,1,5,1,1,0.49999999999999994,0.8660254037844387,-0.9749279121818236,-0.2225209339563146,22.547972,15.0,20.0,17.0,21.870146,3.2291253,23.720787,5.792741,23.25325,5.397886,-1.8506413,-1.3831043,7.5479717,12.547972,21.6195,20.59,20.59,21.325357,20.626696,0.9075005,0.0,0.04999995,0.04999995,1.013793,1.0481318,1.0939966,-0.048131824,-0.04999995,0.043996405,467.40274,3.1188123,0.0,0.0,-0.0,23.25325,23.25325,23.25325,17.24306027203064,21.47785155073817,23.59247739382052,increase_5,372.786327869539,464.3403945594315,510.05754629608566,15.133649,357.6526789971635,449.206745687056,494.9238974237102,137.27121842654668,357.6526789971635,10.0,26.767000198364258,480.8890615945379
2024-01-06,store_1,item_11,39.92998891786583,54.81,1,0.0,1,5,1,1,0.49999999999999994,0.8660254037844387,-0.9749279121818236,-0.2225209339563146,41.175365,27.0,19.0,21.0,38.00275,6.887449,31.858519,9.940487,29.179258,9.283734,6.144232,8.823492,14.175365,6.1753654,54.81,65.25,65.25,55.928574,61.9875,5.297959,0.0,-0.15999998,-0.15999998,0.97999996,0.8842106,-1.3547664,0.11578941,0.15999998,0.08546818,3004.1362,4.021953,0.0,6.0,0.11578941345214844,29.179258,29.179258,29.179258,35.418406977542865,39.92998891786583,46.862386598858336,increase_5,1941.2829350789045,2188.5627474237212,2568.52747383912,38.367,1902.9159344990705,2150.1957468438873,2530.160473259286,627.2445387602154,1902.9159344990705,10.0,63.945000934600834,1990.7141957281833
2024-01-06,store_1,item_12,19.683225149647146,63.924,0,0.0,1,5,1,1,0.49999999999999994,0.8660254037844387,-0.9749279121818236,-0.2225209339563146,20.840834,16.0,26.0,17.0,20.469736,3.5674386,22.163439,4.2731514,21.724577,5.097667,-1.6937027,-1.2548409,4.8408337,14.840834,63.924,60.88,60.88,63.054287,60.118572,4.195029,0.0,0.04999998,0.04999998,1.0137931,1.0632987,0.9071277,-0.0632987,-0.04999998,0.06977925,4086.2778,4.1732173,0.0,0.0,-0.0,21.724577,21.724577,21.724577,16.422312570597747,19.683225149647146,23.105734679220394,increase_5,1049.779905254706,1258.2304802612537,1477.010978698567,44.7468,1005.0331057857118,1213.4836807922595,1432.2641792295728,427.2310734438611,1005.0331057857118,10.0,79.14400138854981,1376.6699239758996
2024-01-06,store_1,item_13,35.703962839174466,71.5995,0,0.0,1,5,1,1,0.49999999999999994,0.8660254037844387,-0.9749279121818236,-0.2225209339563146,37.135075,39.0,47.0,34.0,40.20849,2.4550555,41.675674,3.1275175,41.80212,4.5968347,-1.467186,-1.5936317,-1.8649254,6.1350746,71.5995,68.19,68.19,70.62536,67.824554,3.974378,0.0,0.05,0.05,1.0137931,1.0556575,0.9498209,-0.055657506,-0.05,0.058597926,5126.489,4.284958,0.0,0.0,-0.0,41.80212,41.80212,41.80212,31.58937254996753,35.703962839174466,41.89747924110867,increase_5,2261.783360870016,2556.385978829744,2999.8386723269664,50.11965,2211.6637090755826,2506.2663270353105,2949.719020532533,738.0553114569502,2211.6637090755826,10.0,66.4852523803711,2704.1890872456106
2024-01-06,store_1,item_14,22.1188318550766,73.899,0,0.0,1,5,1,1,0.49999999999999994,0.8660254037844387,-0.9749279121818236,-0.2225209339563146,23.43702,26.0,20.0,18.0,24.74162,1.8027079,24.442238,4.091365,24.578262,5.66008,0.29938126,0.16335678,-2.5629807,-8.562981,73.899,56.31,70.38,70.883575,69.50089,4.8464274,0.0,0.31236017,0.05000007,1.0425406,1.0632813,0.90749496,-0.0632813,-0.31236017,0.069731876,5461.0625,4.3161407,1.0,1.0,-0.0,24.578262,24.578262,24.578262,17.455935508479715,22.1188318550766,25.518714551237483,increase_5,1289.976214365618,1634.5596011592017,1885.8075395782157,51.7293,1238.2469129129813,1582.830299706565,1834.078238125579,595.8313252125977,1238.2469129129813,10.0,91.49399642944336,1785.1598720204315
2024-01-06,store_1,item_15,19.34168842752322,59.451,0,0.0,1,5,1,1,0.49999999999999994,0.8660254037844387,-0.9749279121818236,-0.2225209339563146,19.95758,18.0,18.0,14.0,20.916632,2.4622447,21.815458,4.7483997,21.40773,4.2590632,-0.8988266,-0.4910984,1.9575806,1.9575806,59.451,56.62,56.62,58.642143,57.125534,1.10415,0.0,0.050000023,0.050000023,1.0137931,1.040708,2.1061125,-0.040707946,-0.050000023,0.019328486,3534.4214,4.1018333,0.0,0.0,-0.0,21.40773,21.40773,21.40773,16.18318578989644,19.34168842752322,22.49661498585354,increase_5,962.1065818522349,1149.8827228365133,1337.4462623297743,41.6157,920.4908820841684,1108.2670230684469,1295.830562561708,375.33968047753945,920.4908820841684,10.0,73.6059986114502,1246.037108017076
2024-01-06,store_1,item_16,28.6684949904854,45.234,0,0.0,1,5,1,1,0.49999999999999994,0.8660254037844387,-0.9749279121818236,-0.2225209339563146,28.536188,42.0,21.0,22.0,32.78889,4.5570755,31.823017,5.6603856,31.054365,4.814791,0.9658737,1.7345257,-13.463812,-34.463814,45.234,34.46,43.08,43.387142,43.156788,1.8987123,0.0,0.3126524,0.049999982,1.042567,1.0481318,1.0940111,-0.048131824,-0.3126524,0.043995682,2046.1149,3.8337154,1.0,1.0,-0.0,31.054365,31.054365,31.054365,24.00457792319131,28.6684949904854,32.40700397596379,increase_5,1085.8231056149757,1296.7907356455519,1465.8984554301105,31.663801,1054.1593044217384,1265.1269344523146,1434.2346542368732,380.0753498151348,1054.1593044217384,10.0,56.0040023803711,1379.121854775008
2024-01-06,store_1,item_17,16.223547234942206,65.436,0,0.0,1,5,1,1,0.49999999999999994,0.8660254037844387,-0.9749279121818236,-0.2225209339563146,17.139359,12.0,22.0,9.0,16.785429,3.1232097,17.464144,3.6356454,17.660643,4.755614,-0.67871475,-0.8752136,5.1393585,15.1393585,65.436,62.32,62.32,64.545715,61.541428,4.2918057,0.0,0.049999956,0.049999956,1.013793,1.0632837,0.90744287,-0.06328368,-0.049999956,0.069738485,4281.8696,4.196239,0.0,0.0,-0.0,17.660643,17.660643,17.660643,12.380337285851935,16.223547234942206,19.960673324359135,increase_5,810.119713610852,1061.6039883455478,1306.1465599559265,45.8052,764.3145149414185,1015.7987896761142,1260.3413612864929,496.02684634507443,764.3145149414185,10.0,81.01599960327148,1099.5851615666734
2024-01-06,store_1,item_18,34.10948184290245,75.285,0,0.0,1,5,1,1,0.49999999999999994,0.8660254037844387,-0.9749279121818236,-0.2225209339563146,38.647533,35.0,31.0,30.0,37.972145,4.5906653,41.0575,8.295385,40.20732,7.1440916,-3.0853539,-2.235176,3.6475334,-0.35246658,75.285,71.7,71.7,74.26072,71.82803,3.158984,0.0,0.050000098,0.050000098,1.0137931,1.0481285,1.0943295,-0.048128486,-0.050000098,0.04397982,5667.8315,4.3344765,0.0,0.0,-0.0,40.20732,40.20732,40.20732,31.415824963043914,34.10948184290245,39.61295966298168,increase_5,2365.140497390948,2567.932465455564,2982.2618132945668,52.6995,2312.4409963533503,2515.2329644179663,2929.562312256969,617.1213159036188,2312.4409963533503,10.0,93.20999603271484,2946.5911799029486
2024-01-06,store_1,item_19,13.665686026480342,42.861,0,0.0,1,5,1,1,0.49999999999999994,0.8660254037844387,-0.9749279121818236,-0.2225209339563146,14.740814,9.0,15.0,9.0,14.784067,2.887267,15.392034,3.2485807,14.124588,3.126272,-0.6079664,0.65947914,5.740814,11.740814,42.861,40.82,40.82,42.27786,41.184464,0.7960331,0.0,0.05000001,0.05000001,1.0137931,1.040708,2.1061115,-0.040707946,-0.05000001,0.01932848,1837.0653,3.7810256,0.0,0.0,-0.0,14.124588,14.124588,14.124588,9.329807304376683,13.665686026480342,17.496891413940364,increase_5,399.8848714423352,585.7249696150612,749.9342639608235,30.002699,369.8821725440198,555.7222707167458,719.9315650625081,350.0493925184883,369.8821725440198,10.0,36.737999725341794,582.5361603183487
2024-01-06,store_1,item_2,35.271466949695125,40.4775,0,0.0,1,5,1,1,0.49999999999999994,0.8660254037844387,-0.9749279121818236,-0.2225209339563146,36.495934,29.0,32.0,29.0,36.945465,4.267211,38.972733,5.326219,38.914936,6.7456427,-2.0272675,-1.969471,7.4959335,10.495934,40.4775,38.55,38.55,39.926785,38.61884,1.6984493,0.0,0.050000045,0.050000045,1.0137931,1.0481284,1.094328,-0.048128366,-0.050000045,0.043979812,1638.4281,3.725151,0.0,0.0,-0.0,38.914936,38.914936,38.914936,30.611754493064794,35.271466949695125,38.577781294238164,increase_5,1239.0873205189284,1427.7008357482769,1561.532177656539,28.33425,1210.7530710224685,1399.366586251817,1533.197928160079,322.4448571376106,1210.7530710224685,10.0,50.114999008178714,1448.807759964844
2024-01-06,store_1,item_20,66.53634758363818,12.81,1,0.0,1,5,1,1,0.49999999999999994,0.8660254037844387,-0.9749279121818236,-0.2225209339563146,71.70564,43.0,37.0,51.0,69.486404,13.61637,58.60034,15.374678,53.514458,14.420449,10.886063,15.971947,28.705643,22.705643,12.81,15.24,12.2,13.070001,14.480357,1.2336589,0.0,-0.15944877,0.050000045,0.980107,0.88464665,-1.3539848,0.115353346,0.15944877,0.08519533,164.09612,2.625393,0.0,6.0,0.11535334587097168,53.514458,53.514458,53.514458,56.38586428480789,66.53634758363818,71.90788519624721,increase_5,722.3029451488393,852.3306404661676,921.1400395376761,8.967,713.3359451412099,843.3636404585382,912.1730395300467,198.83709438883682,713.3359451412099,10.0,14.944999766349794,878.4378267211671
2024-01-06,store_1,item_21,35.73832681861733,28.8225,0,0.0,1,5,1,1,0.49999999999999994,0.8660254037844387,-0.9749279121818236,-0.2225209339563146,36.3111,50.0,33.0,29.0,40.336376,6.593448,42.52533,10.337948,41.334095,9.799469,-2.1889534,-0.9977188,-13.6889,-30.6889,28.8225,21.96,27.45,27.646072,26.910805,2.1242752,0.0,0.31250003,0.049999975,1.0425531,1.0710381,0.899928,-0.07103813,-0.31250003,0.07893763,830.7365,3.3952632,1.0,1.0,-0.0,41.334095,41.334095,41.334095,32.275319944028226,35.73832681861733,39.54289564469391,increase_5,930.255416473988,1030.0679329094519,1139.7251187698407,20.17575,910.0796657415661,1009.89218217703,1119.5493680374188,209.4697022958527,910.0796657415661,10.0,35.68500099182129,1051.093244159128
2024-01-06,store_1,item_22,19.055832154388302,49.9695,0,0.0,1,5,1,1,0.49999999999999994,0.8660254037844387,-0.9749279121818236,-0.2225209339563146,20.152374,17.0,14.0,14.0,20.48712,2.7278204,20.17213,4.375563,20.657494,4.796614,0.3149891,-0.17037392,3.1523743,0.15237427,49.9695,47.59,47.59,49.289642,47.33491,2.7738793,0.0,0.050000027,0.050000027,1.0137931,1.0556585,0.9497851,-0.05565846,-0.050000027,0.05860113,2496.9512,3.9312274,0.0,0.0,-0.0,20.657494,20.657494,20.657494,15.07426388401036,19.055832154388302,22.024829581201278,increase_5,753.2534516935269,952.2104333340608,1100.5697546929157,34.97865,718.2748025541226,917.2317841946565,1065.5911055535114,347.31630299938877,718.2748025541226,10.0,61.86700019836426,1019.9554160799293
2024-01-06,store_1,item_23,10.922949181094081,49.161,0,0.0,1,5,1,1,0.49999999999999994,0.8660254037844387,-0.9749279121818236,-0.2225209339563146,11.26789,13.0,8.0,10.0,12.288088,1.3197412,11.429758,2.8349304,11.893451,3.4411097,0.8583298,0.3946371,-1.73211,-6.73211,49.161,46.82,46.82,48.49214,46.90375,2.062133,0.0,0.049999993,0.049999993,1.0137931,1.0481251,1.0946175,-0.048125148,-0.049999993,0.043965206,2416.804,3.915238,0.0,0.0,-0.0,11.893451,11.893451,11.893451,7.586603150434927,10.922949181094081,14.610100473181447,increase_5,372.9649921534621,536.9830970249011,718.2471391071808,34.4127,338.55229150038593,502.5703963718249,683.8344384541047,345.2821469537187,338.55229150038593,10.0,60.86599960327148,587.5828099070152
2024-01-06,store_1,item_24,34.15170280175032,20.013,0,0.0,1,5,1,1,0.49999999999999994,0.8660254037844387,-0.9749279121818236,-0.2225209339563146,35.444942,33.0,34.0,30.0,37.461243,5.042892,40.15919,9.684829,39.079597,8.344397,-2.6979485,-1.6183548,2.4449425,3.4449425,20.013,19.06,19.06,19.740715,19.094107,0.83941287,0.0,0.05000005,0.05000005,1.013793,1.0481243,1.0946851,-0.048124313,-0.05000005,0.04396188,400.5202,3.0451412,0.0,0.0,-0.0,39.079597,39.079597,39.079597,30.432123272077767,34.15170280175032,39.089072384399365,increase_5,609.0380979035275,683.4780448470652,782.2896247154456,14.0091,595.0289979432004,669.4689448867381,768.2805247551184,173.2515268119181,595.0289979432004,10.0,24.7779993057251,778.8285518425331
2024-01-06,store_1,item_25,32.9612959438216,93.6705,0,0.0,1,5,1,1,0.49999999999999994,0.8660254037844387,-0.9749279121818236,-0.2225209339563146,34.276108,26.0,30.0,24.0,34.35572,4.413003,37.10643,6.2365823,37.44607,7.1368155,-2.7507095,-3.090351,8.276108,12.276108,93.6705,89.21,89.21,92.39607,88.09509,6.1447725,0.0,0.05000003,0.05000003,1.0137931,1.0632886,0.90734166,-0.06328857,-0.05000003,0.06975159,8774.163,4.5504026,0.0,0.0,-0.0,37.44607,37.44607,37.44607,28.014689522817058,32.9612959438216,36.124441309595966,increase_5,2624.150022823702,3087.5011280360804,3383.7945414266146,65.56935,2558.580671627413,3021.9317768397914,3318.2251902303256,759.6445186029127,2558.580671627413,10.0,115.97299880981446,3490.8260104615533
2024-01-06,store_1,item_26,33.32966310912562,50.0535,0,0.0,1,5,1,1,0.49999999999999994,0.8660254037844387,-0.9749279121818236,-0.2225209339563146,34.63242,31.0,31.0,37.0,35.636917,3.731145,36.961315,5.774704,37.123516,6.239383,-1.324398,-1.486599,3.6324196,3.6324196,50.0535,47.67,47.67,49.3725,48.095623,0.9296163,0.0,0.050000064,0.050000064,1.0137931,1.0407081,2.106112,-0.040708065,-0.050000064,0.019328501,2505.353,3.9328742,0.0,0.0,-0.0,37.123516,37.123516,37.123516,30.267268047832037,33.32966310912562,37.521909503005844,increase_5,1514.9827354084584,1668.2663300668212,1878.1029396765819,35.03745,1479.9452865254018,1633.2288811837645,1843.0654907935252,363.1202042681234,1479.9452865254018,10.0,61.97099761962891,1832.9460600947814
2024-01-06,store_1,item_27,32.70487442963817,71.001,0,0.0,1,5,1,1,0.49999999999999994,0.8660254037844387,-0.9749279121818236,-0.2225209339563146,38.407005,35.0,27.0,30.0,38.22962,3.3779988,40.18624,6.933305,40.128834,6.451931,-1.9566193,-1.8992119,3.4070053,-4.5929947,71.001,67.62,67.62,70.035,66.77518,4.656906,0.0,0.04999995,0.04999995,1.013793,1.0632843,0.9074311,-0.06328428,-0.04999995,0.06974008,5041.142,4.27668,0.0,0.0,-0.0,40.128834,40.128834,40.128834,30.738137352756674,32.70487442963817,38.93078230406575,increase_5,2182.4384732981134,2322.0787714134153,2764.124452985655,49.7007,2132.7377744455744,2272.3780725608763,2714.423754133116,581.6859796875415,2132.7377744455744,10.0,87.90600357055665,2581.62874005036
2024-01-07,store_1,item_1,40.58349164502356,22.365,0,0.0,1,6,1,1,0.49999999999999994,0.8660254037844387,-0.7818314824680299,0.6234898018587334,37.968815,42.0,44.0,33.0,43.94321,3.880006,46.043034,6.3664594,47.021515,10.241024,-2.099823,-3.0783043,-4.031185,-2.0311852,22.365,21.3,21.3,22.212856,21.223928,1.2610768,0.0,0.050000023,0.050000023,1.0068493,1.0537634,0.9048382,-0.05376339,-0.050000023,0.059417684,500.1932,3.1512392,0.0,0.0,-0.0,47.021515,47.021515,47.021515,36.32612003170595,40.58349164502356,48.20697701612219,increase_5,812.4336661947144,907.6497813521278,1078.1490299318714,15.655499,796.7781667364014,891.9942818938148,1062.4935304735584,265.71536373715696,796.7781667364014,10.0,27.689999008178713,960.5376904331911
2024-01-07,store_1,item_10,22.440818769479424,21.6195,0,0.0,1,6,1,1,0.49999999999999994,0.8660254037844387,-0.7818314824680299,0.6234898018587334,21.477852,21.0,20.0,15.0,22.795553,1.2598829,23.826347,5.7328777,23.413174,5.270591,-1.0307941,-0.61762047,0.47785187,-0.52214813,21.6195,20.59,20.59,21.472427,20.663464,0.92661273,0.0,0.04999995,0.04999995,1.0068493,1.0462669,1.031752,-0.046266913,-0.04999995,0.044843048,467.40274,3.1188123,0.0,0.0,-0.0,23.413174,23.413174,23.413174,17.74856356802126,22.440818769479424,24.5989330296558,increase_5,383.7150559761131,485.159263580935,531.8166131164472,15.133649,368.5814071037376,470.0256147085595,516.6829642440717,148.10155714033414,368.5814071037376,10.0,26.767000198364258,480.8890615945379
2024-01-07,store_1,item_11,39.941565211173184,54.81,1,0.0,1,6,1,1,0.49999999999999994,0.8660254037844387,-0.7818314824680299,0.6234898018587334,39.92999,30.0,20.0,26.0,39.84989,4.8886247,33.35352,9.418025,29.85533,9.355031,6.496372,9.994562,9.929989,-0.07001114,54.81,52.2,65.25,54.437145,61.614643,5.4256797,0.0,0.050000012,-0.15999998,1.0068493,0.8895613,-1.2541544,0.110438704,-0.050000012,0.088058285,3004.1362,4.021953,1.0,7.0,0.11043870449066162,29.85533,29.85533,29.85533,35.373110490283324,39.941565211173184,44.97373755020286,increase_5,1938.8002345500038,2189.197244075795,2465.0106168886487,38.367,1900.4332339701698,2150.830243495961,2426.6436163088147,526.2103823386449,1900.4332339701698,10.0,63.945000934600834,1990.7141957281833
2024-01-07,store_1,item_12,20.29073167954347,63.924,0,0.0,1,6,1,1,0.49999999999999994,0.8660254037844387,-0.7818314824680299,0.6234898018587334,19.683226,15.0,18.0,17.0,20.99591,3.0293493,21.712242,4.1691155,21.820406,5.0303373,-0.7163315,-0.8244953,4.6832256,7.6832256,63.924,60.88,60.88,63.489143,60.227287,4.254513,0.0,0.04999998,0.04999998,1.0068493,1.0613793,0.8688919,-0.061379313,-0.04999998,0.07064095,4086.2778,4.1732173,0.0,0.0,-0.0,21.820406,21.820406,21.820406,17.069441512832192,20.29073167954347,23.284724356666246,increase_5,1091.146975619859,1297.0647275485687,1488.4527148013792,44.7468,1046.4001761508648,1252.3179280795746,1443.705915332385,397.30573918152027,1046.4001761508648,10.0,79.14400138854981,1376.6699239758996
2024-01-07,store_1,item_13,36.08951324556278,71.5995,0,0.0,1,6,1,1,0.49999999999999994,0.8660254037844387,-0.7818314824680299,0.6234898018587334,35.703964,40.0,38.0,36.0,39.737625,2.9844627,40.868813,3.1052845,41.862976,4.4999785,-1.1311874,-2.125351,-4.296036,-6.296036,71.5995,68.19,68.19,71.112434,67.94633,4.0377154,0.0,0.05,0.05,1.0068493,1.0537657,0.90476274,-0.053765655,-0.05,0.05942507,5126.489,4.284958,0.0,0.0,-0.0,41.862976,41.862976,41.862976,32.236741551042144,36.08951324556278,43.65739614814789,increase_5,2308.1346593219732,2583.9911961402936,3125.8478474240264,50.11965,2258.0150075275396,2533.87154434586,3075.728195629593,817.7131881020532,2258.0150075275396,10.0,66.4852523803711,2704.1890872456106
2024-01-07,store_1,item_14,23.37327779328645,73.899,0,0.0,1,6,1,1,0.49999999999999994,0.8660254037844387,-0.7818314824680299,0.6234898018587334,22.118832,22.0,16.0,16.0,24.187166,1.9425973,24.593584,3.951188,24.725363,5.534923,-0.40641785,-0.53819656,0.118831635,-5.8811684,73.899,70.38,70.38,73.396286,69.62657,4.915209,0.0,0.05000007,0.05000007,1.0068493,1.061362,0.86922646,-0.061362028,-0.05000007,0.070593864,5461.0625,4.3161407,0.0,0.0,-0.0,24.725363,24.725363,24.725363,18.05003413584463,23.37327779328645,25.44259548293857,increase_5,1333.8795100621285,1727.261904150192,1880.1824163920323,51.7293,1282.1502086094918,1675.5326026975554,1828.4531149393956,546.3029063299039,1282.1502086094918,10.0,91.49399642944336,1785.1598720204315
2024-01-07,store_1,item_15,20.225187926157393,59.451,0,0.0,1,6,1,1,0.49999999999999994,0.8660254037844387,-0.7818314824680299,0.6234898018587334,19.341688,18.0,11.0,18.0,21.108301,2.2395103,21.911293,4.6784954,21.598503,4.0283475,-0.80299187,-0.49020195,1.3416882,-5.658312,59.451,56.62,56.62,59.04657,57.226643,1.1829493,0.0,0.050000023,0.050000023,1.0068493,1.0388693,1.8803475,-0.03886926,-0.050000023,0.020671304,3534.4214,4.1018333,0.0,0.0,-0.0,21.598503,21.598503,21.598503,16.963554509410983,20.225187926157393,23.213907523781835,increase_5,1008.5002827627985,1202.4076517185495,1380.0900211553794,41.6157,966.8845829947321,1160.791951950483,1338.474321387313,371.5897383925809,966.8845829947321,10.0,73.6059986114502,1246.037108017076
2024-01-07,store_1,item_16,27.710321694024717,45.234,0,0.0,1,6,1,1,0.49999999999999994,0.8660254037844387,-0.7818314824680299,0.6234898018587334,28.668495,35.0,22.0,26.0,30.884392,2.2856402,32.370766,4.844763,31.292526,4.505316,-1.4863739,-0.40813446,-6.331505,-19.331505,45.234,43.08,43.08,44.92629,43.233715,1.9387008,0.0,0.049999982,0.049999982,1.0068493,1.0462668,1.0317658,-0.046266794,-0.049999982,0.044842336,2046.1149,3.8337154,0.0,0.0,-0.0,31.292526,31.292526,31.292526,24.564062501683395,27.710321694024717,32.0859731860837,increase_5,1111.1308316873033,1253.4487236422865,1451.3769483083854,31.663801,1079.467030494066,1221.7849224490492,1419.713147115148,340.24611662108214,1079.467030494066,10.0,56.0040023803711,1379.121854775008
2024-01-07,store_1,item_17,16.849029589549747,65.436,0,0.0,1,6,1,1,0.49999999999999994,0.8660254037844387,-0.7818314824680299,0.6234898018587334,16.223547,13.0,15.0,13.0,17.388792,2.3591552,17.051538,3.4015224,17.918627,4.4548073,0.33725357,-0.52983475,3.223547,5.223547,65.436,62.32,62.32,64.99085,61.652714,4.352708,0.0,0.049999956,0.049999956,1.0068493,1.0613644,0.869179,-0.061364412,-0.049999956,0.07060043,4281.8696,4.196239,0.0,0.0,-0.0,17.918627,17.918627,17.918627,13.000588798501798,16.849029589549747,20.574326906922597,increase_5,850.7064897376082,1102.5330498310027,1346.3015939492814,45.8052,804.9012910681746,1056.727851161569,1300.4963952798478,495.5951042116732,804.9012910681746,10.0,81.01599960327148,1099.5851615666734
2024-01-07,store_1,item_18,37.038391240425405,75.285,0,0.0,1,6,1,1,0.49999999999999994,0.8660254037844387,-0.7818314824680299,0.6234898018587334,34.10948,30.0,50.0,32.0,37.844925,4.697845,41.279606,8.043179,40.354088,6.966635,-3.434681,-2.509163,4.109482,24.109482,75.285,71.7,71.7,74.77286,71.95607,3.2255523,0.0,0.050000098,0.050000098,1.0068494,1.0462635,1.0320505,-0.046263456,-0.050000098,0.04482669,5667.8315,4.3344765,0.0,0.0,-0.0,40.354088,40.354088,40.354088,32.37839399615442,37.038391240425405,40.550591956845814,increase_5,2437.607510573706,2788.435420174066,3052.85146397184,52.6995,2384.9080095361082,2735.7359191364685,3000.1519629342424,615.2439533981342,2384.9080095361082,10.0,93.20999603271484,2946.5911799029486
2024-01-07,store_1,item_19,14.0894191983131,42.861,0,0.0,1,6,1,1,0.49999999999999994,0.8660254037844387,-0.7818314824680299,0.6234898018587334,13.665686,15.0,10.0,14.0,15.450594,1.5654289,15.296725,3.2803845,14.29122,2.963096,0.15386868,1.1593742,-1.3343143,-6.3343143,42.861,40.82,40.82,42.569427,41.25736,0.8528431,0.0,0.05000001,0.05000001,1.0068493,1.0388693,1.8803453,-0.03886926,-0.05000001,0.020671297,1837.0653,3.7810256,0.0,0.0,-0.0,14.29122,14.29122,14.29122,10.06943375788873,14.0894191983131,17.84704852044438,increase_5,431.5860009114583,603.8865971188477,764.9423477240639,30.002699,401.5833020131429,573.8838982205323,734.9396488257485,333.3563468126056,401.5833020131429,10.0,36.737999725341794,582.5361603183487
2024-01-07,store_1,item_2,36.213622518374315,40.4775,0,0.0,1,6,1,1,0.49999999999999994,0.8660254037844387,-0.7818314824680299,0.6234898018587334,35.271465,35.0,36.0,35.0,37.84139,2.6866221,39.20641,5.0619836,39.13892,6.504027,-1.3650208,-1.2975311,0.2714653,1.2714653,40.4775,38.55,38.55,40.202145,38.68768,1.7342403,0.0,0.050000045,0.050000045,1.0068493,1.0462633,1.0320488,-0.046263337,-0.050000045,0.044826683,1638.4281,3.725151,0.0,0.0,-0.0,39.13892,39.13892,39.13892,33.32410033212355,36.213622518374315,40.98039068040178,increase_5,1348.876301702656,1465.836938642058,1658.7838012846314,28.33425,1320.542052206196,1437.502689145598,1630.4495517881714,309.90749958197534,1320.542052206196,10.0,50.114999008178714,1448.807759964844
2024-01-07,store_1,item_20,65.76849694184249,12.81,1,0.0,1,6,1,1,0.49999999999999994,0.8660254037844387,-0.7818314824680299,0.6234898018587334,66.53635,62.0,43.0,37.0,72.84874,7.532923,60.710083,14.161271,54.06933,14.617669,12.138657,18.779411,4.5363464,-14.463654,12.81,12.2,15.24,12.722857,14.502143,1.196731,0.0,0.050000045,-0.15944877,1.0068493,0.8833177,-1.4139695,0.11668229,-0.050000045,0.08252097,164.09612,2.625393,1.0,7.0,0.11668229103088379,54.06933,54.06933,54.06933,57.26140430171938,65.76849694184249,65.87295463365302,increase_5,733.5186131328668,842.4944734225619,843.832576498487,8.967,724.5516131252374,833.5274734149325,834.8655764908576,110.31396336562022,724.5516131252374,10.0,14.944999766349794,878.4378267211671
2024-01-07,store_1,item_21,37.63180569618158,28.8225,0,0.0,1,6,1,1,0.49999999999999994,0.8660254037844387,-0.7818314824680299,0.6234898018587334,35.738327,31.0,37.0,38.0,38.298992,5.1565704,42.720924,10.168379,41.57475,9.565292,-4.421932,-3.2757568,4.738327,10.738327,28.8225,27.45,27.45,28.626429,26.959822,2.1528215,0.0,0.049999975,0.049999975,1.0068493,1.0690908,0.86522627,-0.06909084,-0.049999975,0.07985295,830.7365,3.3952632,0.0,0.0,-0.0,41.57475,41.57475,41.57475,34.321220843001,37.63180569618158,41.78717921806164,increase_5,989.2233956029004,1084.6427282914303,1204.4109825769078,20.17575,969.0476448704785,1064.4669775590085,1184.235231844486,215.18758697400744,969.0476448704785,10.0,35.68500099182129,1051.093244159128
2024-01-07,store_1,item_22,19.758109898290677,49.9695,0,0.0,1,6,1,1,0.49999999999999994,0.8660254037844387,-0.7818314824680299,0.6234898018587334,19.055832,17.0,16.0,16.0,20.78081,2.3780534,20.533262,4.0212636,20.83806,4.6289463,0.24754715,-0.057250977,2.055832,1.0558319,49.9695,47.59,47.59,49.629574,47.41989,2.8180816,0.0,0.050000027,0.050000027,1.0068493,1.0537667,0.9047322,-0.053766727,-0.050000027,0.05942826,2496.9512,3.9312274,0.0,0.0,-0.0,20.83806,20.83806,20.83806,15.98414089693831,19.758109898290677,22.62054049461768,increase_5,798.7195524516251,987.3029021081494,1130.3371320716797,34.97865,763.7409033122208,952.3242529687451,1095.3584829322754,331.6175796200546,763.7409033122208,10.0,61.86700019836426,1019.9554160799293
2024-01-07,store_1,item_23,11.527602247992789,49.161,0,0.0,1,6,1,1,0.49999999999999994,0.8660254037844387,-0.7818314824680299,0.6234898018587334,10.922949,10.0,9.0,12.0,11.991366,1.3656976,11.63854,2.6654797,11.926413,3.4266908,0.35282612,0.064953804,0.92294884,-0.07705116,49.161,46.82,46.82,48.826572,46.98736,2.1056101,0.0,0.049999993,0.049999993,1.0068493,1.0462601,1.0323089,-0.04626012,-0.049999993,0.04481227,2416.804,3.915238,0.0,0.0,-0.0,11.926413,11.926413,11.926413,7.657733590356154,11.527602247992789,15.067051244888262,increase_5,376.46183566050274,566.7084460223,740.7112956743239,34.4127,342.04913500742657,532.2957453692238,706.2985950212477,364.24946001382114,342.04913500742657,10.0,60.86599960327148,587.5828099070152
2024-01-07,store_1,item_24,34.44902124496198,20.013,0,0.0,1,6,1,1,0.49999999999999994,0.8660254037844387,-0.7818314824680299,0.6234898018587334,34.151703,31.0,30.0,33.0,37.62577,4.889537,40.17003,9.677489,39.22787,8.212933,-2.544258,-1.6021004,3.151703,2.151703,20.013,19.06,19.06,19.876858,19.128143,0.8571128,0.0,0.05000005,0.05000005,1.0068492,1.0462593,1.0323683,-0.046259284,-0.05000005,0.044808988,400.5202,3.0451412,0.0,0.0,-0.0,39.22787,39.22787,39.22787,32.6411687349508,34.44902124496198,40.25227166492408,increase_5,653.2477258306411,689.4282789962353,805.5687324845552,14.0091,639.238625870314,675.4191790359082,791.559632524228,152.32100665391408,639.238625870314,10.0,24.7779993057251,778.8285518425331
2024-01-07,store_1,item_25,32.71936659772942,93.6705,0,0.0,1,6,1,1,0.49999999999999994,0.8660254037844387,-0.7818314824680299,0.6234898018587334,32.961296,33.0,48.0,27.0,35.350193,2.6473608,37.31795,6.0236,37.76612,6.6990047,-1.9677582,-2.415928,-0.03870392,14.961296,93.6705,89.21,89.21,93.03329,88.254395,6.231948,0.0,0.05000003,0.05000003,1.0068493,1.0613693,0.8690872,-0.0613693,-0.05000003,0.07061346,8774.163,4.5504026,0.0,0.0,-0.0,37.76612,37.76612,37.76612,31.14102546406488,32.71936659772942,38.70944443449651,increase_5,2916.9954789512153,3064.8394848095,3625.933081055341,65.56935,2851.4261277549263,2999.270133613211,3560.363729859052,708.9376021041257,2851.4261277549263,10.0,115.97299880981446,3490.8260104615533
2024-01-07,store_1,item_26,32.34328838606173,50.0535,0,0.0,1,6,1,1,0.49999999999999994,0.8660254037844387,-0.7818314824680299,0.6234898018587334,33.329662,31.0,28.0,26.0,35.969727,3.3310592,37.12772,5.6212344,36.99243,6.280494,-1.1579933,-1.0227051,2.3296623,-0.6703377,50.0535,47.67,47.67,49.713,48.180748,0.9959597,0.0,0.050000064,0.050000064,1.0068493,1.0388694,1.8803484,-0.03886938,-0.050000064,0.020671321,2505.353,3.9328742,0.0,0.0,-0.0,36.99243,36.99243,36.99243,31.221614425719785,32.34328838606173,38.671624167158534,increase_5,1562.7511129116633,1618.8948217521774,1935.6501839169491,35.03745,1527.7136640286067,1583.8573728691208,1900.6127350338925,372.8990710052858,1527.7136640286067,10.0,61.97099761962891,1832.9460600947814
2024-01-07,store_1,item_27,36.767181240389675,71.001,0,0.0,1,6,1,1,0.49999999999999994,0.8660254037844387,-0.7818314824680299,0.6234898018587334,32.704876,34.0,38.0,46.0,37.90175,3.8254657,40.59373,6.230746,40.225437,6.3134212,-2.6919823,-2.3236885,-1.295124,2.704876,71.001,67.62,54.1,70.518,66.89593,4.7229877,0.0,0.04999995,0.312403,1.0068493,1.061365,0.8691683,-0.06136501,-0.04999995,0.07060202,5041.142,4.27668,0.0,0.0,-0.0,40.225437,40.225437,40.225437,33.37979164563118,36.767181240389675,42.61739953330079,increase_5,2369.998568295392,2610.5066150520915,3025.877960853453,49.7007,2320.297869442853,2560.8059161995525,2976.1772620009137,655.8793925580608,2320.297869442853,10.0,87.90600357055665,2581.62874005036
